path,label,source,split
data/guardrail/negatives/coco/0679.jpg,not_smear,coco,train
data/guardrail/negatives/coco/0822.jpg,not_smear,coco,train
data/guardrail/negatives/coco/0601.jpg,not_smear,coco,train
data/guardrail/negatives/coco/0855.jpg,not_smear,coco,train
data/guardrail/negatives/coco/0971.jpg,not_smear,coco,train
data/guardrail/negatives/coco/0636.jpg,not_smear,coco,train
data/guardrail/negatives/coco/0131.jpg,not_smear,coco,train
data/guardrail/negatives/coco/0595.jpg,not_smear,coco,train
data/guardrail/negatives/coco/0875.jpg,not_smear,coco,train
data/guardrail/negatives/coco/0745.jpg,not_smear,coco,train
data/guardrail/negatives/coco/0205.jpg,not_smear,coco,train
data/guardrail/negatives/coco/0443.jpg,not_smear,coco,train
data/guardrail/negatives/coco/0901.jpg,not_smear,coco,train
data/guardrail/negatives/coco/0357.jpg,not_smear,coco,train
data/guardrail/negatives/coco/0289.jpg,not_smear,coco,train
data/guardrail/negatives/coco/0050.jpg,not_smear,coco,train
data/guardrail/negatives/coco/0207.jpg,not_smear,coco,train
data/guardrail/negatives/coco/0168.jpg,not_smear,coco,train
data/guardrail/negatives/coco/0543.jpg,not_smear,coco,train
data/guardrail/negatives/coco/0806.jpg,not_smear,coco,train
data/guardrail/negatives/coco/0904.jpg,not_smear,coco,train
data/guardrail/negatives/coco/0588.jpg,not_smear,coco,train
data/guardrail/negatives/coco/0768.jpg,not_smear,coco,train
data/guardrail/negatives/coco/0017.jpg,not_smear,coco,train
data/guardrail/negatives/coco/0532.jpg,not_smear,coco,train
data/guardrail/negatives/coco/0699.jpg,not_smear,coco,train
data/guardrail/negatives/coco/0458.jpg,not_smear,coco,train
data/guardrail/negatives/coco/0259.jpg,not_smear,coco,train
data/guardrail/negatives/coco/0947.jpg,not_smear,coco,train
data/guardrail/negatives/coco/0799.jpg,not_smear,coco,train
data/guardrail/negatives/coco/0392.jpg,not_smear,coco,train
data/guardrail/negatives/coco/0963.jpg,not_smear,coco,train
data/guardrail/negatives/coco/0454.jpg,not_smear,coco,train
data/guardrail/negatives/coco/0233.jpg,not_smear,coco,train
data/guardrail/negatives/coco/0257.jpg,not_smear,coco,train
data/guardrail/negatives/coco/0596.jpg,not_smear,coco,train
data/guardrail/negatives/coco/0241.jpg,not_smear,coco,train
data/guardrail/negatives/coco/0249.jpg,not_smear,coco,train
data/guardrail/negatives/coco/0639.jpg,not_smear,coco,train
data/guardrail/negatives/coco/0931.jpg,not_smear,coco,train
data/guardrail/negatives/coco/0209.jpg,not_smear,coco,train
data/guardrail/negatives/coco/0216.jpg,not_smear,coco,train
data/guardrail/negatives/coco/0440.jpg,not_smear,coco,train
data/guardrail/negatives/coco/0348.jpg,not_smear,coco,train
data/guardrail/negatives/coco/0912.jpg,not_smear,coco,train
data/guardrail/negatives/coco/0493.jpg,not_smear,coco,train
data/guardrail/negatives/coco/0829.jpg,not_smear,coco,train
data/guardrail/negatives/coco/0606.jpg,not_smear,coco,train
data/guardrail/negatives/coco/0183.jpg,not_smear,coco,train
data/guardrail/negatives/coco/0442.jpg,not_smear,coco,train
data/guardrail/negatives/coco/0031.jpg,not_smear,coco,train
data/guardrail/negatives/coco/0624.jpg,not_smear,coco,train
data/guardrail/negatives/coco/0577.jpg,not_smear,coco,train
data/guardrail/negatives/coco/0838.jpg,not_smear,coco,train
data/guardrail/negatives/coco/0860.jpg,not_smear,coco,train
data/guardrail/negatives/coco/0248.jpg,not_smear,coco,train
data/guardrail/negatives/coco/0676.jpg,not_smear,coco,train
data/guardrail/negatives/coco/0059.jpg,not_smear,coco,train
data/guardrail/negatives/coco/0925.jpg,not_smear,coco,train
data/guardrail/negatives/coco/0706.jpg,not_smear,coco,train
data/guardrail/negatives/coco/0480.jpg,not_smear,coco,train
data/guardrail/negatives/coco/0294.jpg,not_smear,coco,train
data/guardrail/negatives/coco/0106.jpg,not_smear,coco,train
data/guardrail/negatives/coco/0645.jpg,not_smear,coco,train
data/guardrail/negatives/coco/0840.jpg,not_smear,coco,train
data/guardrail/negatives/coco/0088.jpg,not_smear,coco,train
data/guardrail/negatives/coco/0045.jpg,not_smear,coco,train
data/guardrail/negatives/coco/0982.jpg,not_smear,coco,train
data/guardrail/negatives/coco/0487.jpg,not_smear,coco,train
data/guardrail/negatives/coco/0166.jpg,not_smear,coco,train
data/guardrail/negatives/coco/0460.jpg,not_smear,coco,train
data/guardrail/negatives/coco/0655.jpg,not_smear,coco,train
data/guardrail/negatives/coco/0198.jpg,not_smear,coco,train
data/guardrail/negatives/coco/0220.jpg,not_smear,coco,train
data/guardrail/negatives/coco/0857.jpg,not_smear,coco,train
data/guardrail/negatives/coco/0082.jpg,not_smear,coco,train
data/guardrail/negatives/coco/0534.jpg,not_smear,coco,train
data/guardrail/negatives/coco/0680.jpg,not_smear,coco,train
data/guardrail/negatives/coco/0283.jpg,not_smear,coco,train
data/guardrail/negatives/coco/0247.jpg,not_smear,coco,train
data/guardrail/negatives/coco/0584.jpg,not_smear,coco,train
data/guardrail/negatives/coco/0304.jpg,not_smear,coco,train
data/guardrail/negatives/coco/0737.jpg,not_smear,coco,train
data/guardrail/negatives/coco/0419.jpg,not_smear,coco,train
data/guardrail/negatives/coco/0266.jpg,not_smear,coco,train
data/guardrail/negatives/coco/0668.jpg,not_smear,coco,train
data/guardrail/negatives/coco/0900.jpg,not_smear,coco,train
data/guardrail/negatives/coco/0633.jpg,not_smear,coco,train
data/guardrail/negatives/coco/0970.jpg,not_smear,coco,train
data/guardrail/negatives/coco/0502.jpg,not_smear,coco,train
data/guardrail/negatives/coco/0674.jpg,not_smear,coco,train
data/guardrail/negatives/coco/0599.jpg,not_smear,coco,train
data/guardrail/negatives/coco/0147.jpg,not_smear,coco,train
data/guardrail/negatives/coco/0385.jpg,not_smear,coco,train
data/guardrail/negatives/coco/0812.jpg,not_smear,coco,train
data/guardrail/negatives/coco/0797.jpg,not_smear,coco,train
data/guardrail/negatives/coco/0055.jpg,not_smear,coco,train
data/guardrail/negatives/coco/0615.jpg,not_smear,coco,train
data/guardrail/negatives/coco/0340.jpg,not_smear,coco,train
data/guardrail/negatives/coco/0316.jpg,not_smear,coco,train
data/guardrail/negatives/coco/0140.jpg,not_smear,coco,train
data/guardrail/negatives/coco/0564.jpg,not_smear,coco,train
data/guardrail/negatives/coco/0162.jpg,not_smear,coco,train
data/guardrail/negatives/coco/0345.jpg,not_smear,coco,train
data/guardrail/negatives/coco/0381.jpg,not_smear,coco,train
data/guardrail/negatives/coco/0950.jpg,not_smear,coco,train
data/guardrail/negatives/coco/0786.jpg,not_smear,coco,train
data/guardrail/negatives/coco/0816.jpg,not_smear,coco,train
data/guardrail/negatives/coco/0378.jpg,not_smear,coco,train
data/guardrail/negatives/coco/0412.jpg,not_smear,coco,train
data/guardrail/negatives/coco/0433.jpg,not_smear,coco,train
data/guardrail/negatives/coco/0064.jpg,not_smear,coco,train
data/guardrail/negatives/coco/0457.jpg,not_smear,coco,train
data/guardrail/negatives/coco/0917.jpg,not_smear,coco,train
data/guardrail/negatives/coco/0098.jpg,not_smear,coco,train
data/guardrail/negatives/coco/0704.jpg,not_smear,coco,train
data/guardrail/negatives/coco/0776.jpg,not_smear,coco,train
data/guardrail/negatives/coco/0087.jpg,not_smear,coco,train
data/guardrail/negatives/coco/0314.jpg,not_smear,coco,train
data/guardrail/negatives/coco/0176.jpg,not_smear,coco,train
data/guardrail/negatives/coco/0823.jpg,not_smear,coco,train
data/guardrail/negatives/coco/0029.jpg,not_smear,coco,train
data/guardrail/negatives/coco/0929.jpg,not_smear,coco,train
data/guardrail/negatives/coco/0566.jpg,not_smear,coco,train
data/guardrail/negatives/coco/0430.jpg,not_smear,coco,train
data/guardrail/negatives/coco/0226.jpg,not_smear,coco,train
data/guardrail/negatives/coco/0421.jpg,not_smear,coco,train
data/guardrail/negatives/coco/0020.jpg,not_smear,coco,train
data/guardrail/negatives/coco/0808.jpg,not_smear,coco,train
data/guardrail/negatives/coco/0422.jpg,not_smear,coco,train
data/guardrail/negatives/coco/0983.jpg,not_smear,coco,train
data/guardrail/negatives/coco/0368.jpg,not_smear,coco,train
data/guardrail/negatives/coco/0576.jpg,not_smear,coco,train
data/guardrail/negatives/coco/0333.jpg,not_smear,coco,train
data/guardrail/negatives/coco/0738.jpg,not_smear,coco,train
data/guardrail/negatives/coco/0264.jpg,not_smear,coco,train
data/guardrail/negatives/coco/0038.jpg,not_smear,coco,train
data/guardrail/negatives/coco/0927.jpg,not_smear,coco,train
data/guardrail/negatives/coco/0025.jpg,not_smear,coco,train
data/guardrail/negatives/coco/0148.jpg,not_smear,coco,train
data/guardrail/negatives/coco/0568.jpg,not_smear,coco,train
data/guardrail/negatives/coco/0741.jpg,not_smear,coco,train
data/guardrail/negatives/coco/0024.jpg,not_smear,coco,train
data/guardrail/negatives/coco/0033.jpg,not_smear,coco,train
data/guardrail/negatives/coco/0414.jpg,not_smear,coco,train
data/guardrail/negatives/coco/0688.jpg,not_smear,coco,train
data/guardrail/negatives/coco/0155.jpg,not_smear,coco,train
data/guardrail/negatives/coco/0662.jpg,not_smear,coco,train
data/guardrail/negatives/coco/0617.jpg,not_smear,coco,train
data/guardrail/negatives/coco/0751.jpg,not_smear,coco,train
data/guardrail/negatives/coco/0889.jpg,not_smear,coco,train
data/guardrail/negatives/coco/0516.jpg,not_smear,coco,train
data/guardrail/negatives/coco/0360.jpg,not_smear,coco,train
data/guardrail/negatives/coco/0612.jpg,not_smear,coco,train
data/guardrail/negatives/coco/0343.jpg,not_smear,coco,train
data/guardrail/negatives/coco/0349.jpg,not_smear,coco,train
data/guardrail/negatives/coco/0594.jpg,not_smear,coco,train
data/guardrail/negatives/coco/0160.jpg,not_smear,coco,train
data/guardrail/negatives/coco/0635.jpg,not_smear,coco,train
data/guardrail/negatives/coco/0161.jpg,not_smear,coco,train
data/guardrail/negatives/coco/0011.jpg,not_smear,coco,train
data/guardrail/negatives/coco/0921.jpg,not_smear,coco,train
data/guardrail/negatives/coco/0145.jpg,not_smear,coco,train
data/guardrail/negatives/coco/0760.jpg,not_smear,coco,train
data/guardrail/negatives/coco/0627.jpg,not_smear,coco,train
data/guardrail/negatives/coco/0905.jpg,not_smear,coco,train
data/guardrail/negatives/coco/0560.jpg,not_smear,coco,train
data/guardrail/negatives/coco/0334.jpg,not_smear,coco,train
data/guardrail/negatives/coco/0469.jpg,not_smear,coco,train
data/guardrail/negatives/coco/0890.jpg,not_smear,coco,train
data/guardrail/negatives/coco/0675.jpg,not_smear,coco,train
data/guardrail/negatives/coco/0427.jpg,not_smear,coco,train
data/guardrail/negatives/coco/0518.jpg,not_smear,coco,train
data/guardrail/negatives/coco/0919.jpg,not_smear,coco,train
data/guardrail/negatives/coco/0935.jpg,not_smear,coco,train
data/guardrail/negatives/coco/0531.jpg,not_smear,coco,train
data/guardrail/negatives/coco/0570.jpg,not_smear,coco,train
data/guardrail/negatives/coco/0883.jpg,not_smear,coco,train
data/guardrail/negatives/coco/0238.jpg,not_smear,coco,train
data/guardrail/negatives/coco/0268.jpg,not_smear,coco,train
data/guardrail/negatives/coco/0061.jpg,not_smear,coco,train
data/guardrail/negatives/coco/0821.jpg,not_smear,coco,train
data/guardrail/negatives/coco/0544.jpg,not_smear,coco,train
data/guardrail/negatives/coco/0702.jpg,not_smear,coco,train
data/guardrail/negatives/coco/0872.jpg,not_smear,coco,train
data/guardrail/negatives/coco/0795.jpg,not_smear,coco,train
data/guardrail/negatives/coco/0026.jpg,not_smear,coco,train
data/guardrail/negatives/coco/0554.jpg,not_smear,coco,train
data/guardrail/negatives/coco/0517.jpg,not_smear,coco,train
data/guardrail/negatives/coco/0049.jpg,not_smear,coco,train
data/guardrail/negatives/coco/0221.jpg,not_smear,coco,train
data/guardrail/negatives/coco/0318.jpg,not_smear,coco,train
data/guardrail/negatives/coco/0906.jpg,not_smear,coco,train
data/guardrail/negatives/coco/0279.jpg,not_smear,coco,train
data/guardrail/negatives/coco/0696.jpg,not_smear,coco,train
data/guardrail/negatives/coco/0097.jpg,not_smear,coco,train
data/guardrail/negatives/coco/0810.jpg,not_smear,coco,train
data/guardrail/negatives/coco/0365.jpg,not_smear,coco,train
data/guardrail/negatives/coco/0167.jpg,not_smear,coco,train
data/guardrail/negatives/coco/0317.jpg,not_smear,coco,train
data/guardrail/negatives/coco/0122.jpg,not_smear,coco,train
data/guardrail/negatives/coco/0119.jpg,not_smear,coco,train
data/guardrail/negatives/coco/0586.jpg,not_smear,coco,train
data/guardrail/negatives/coco/0019.jpg,not_smear,coco,train
data/guardrail/negatives/coco/0299.jpg,not_smear,coco,train
data/guardrail/negatives/coco/0801.jpg,not_smear,coco,train
data/guardrail/negatives/coco/0323.jpg,not_smear,coco,train
data/guardrail/negatives/coco/0047.jpg,not_smear,coco,train
data/guardrail/negatives/coco/0100.jpg,not_smear,coco,train
data/guardrail/negatives/coco/0856.jpg,not_smear,coco,train
data/guardrail/negatives/coco/0916.jpg,not_smear,coco,train
data/guardrail/negatives/coco/0496.jpg,not_smear,coco,train
data/guardrail/negatives/coco/0102.jpg,not_smear,coco,train
data/guardrail/negatives/coco/0951.jpg,not_smear,coco,train
data/guardrail/negatives/coco/0445.jpg,not_smear,coco,train
data/guardrail/negatives/coco/0870.jpg,not_smear,coco,train
data/guardrail/negatives/coco/0488.jpg,not_smear,coco,train
data/guardrail/negatives/coco/0637.jpg,not_smear,coco,train
data/guardrail/negatives/coco/0023.jpg,not_smear,coco,train
data/guardrail/negatives/coco/0608.jpg,not_smear,coco,train
data/guardrail/negatives/coco/0267.jpg,not_smear,coco,train
data/guardrail/negatives/coco/0713.jpg,not_smear,coco,train
data/guardrail/negatives/coco/0538.jpg,not_smear,coco,train
data/guardrail/negatives/coco/0181.jpg,not_smear,coco,train
data/guardrail/negatives/coco/0946.jpg,not_smear,coco,train
data/guardrail/negatives/coco/0239.jpg,not_smear,coco,train
data/guardrail/negatives/coco/0722.jpg,not_smear,coco,train
data/guardrail/negatives/coco/0066.jpg,not_smear,coco,train
data/guardrail/negatives/coco/0835.jpg,not_smear,coco,train
data/guardrail/negatives/coco/0991.jpg,not_smear,coco,train
data/guardrail/negatives/coco/0141.jpg,not_smear,coco,train
data/guardrail/negatives/coco/0406.jpg,not_smear,coco,train
data/guardrail/negatives/coco/0535.jpg,not_smear,coco,train
data/guardrail/negatives/coco/0956.jpg,not_smear,coco,train
data/guardrail/negatives/coco/0530.jpg,not_smear,coco,train
data/guardrail/negatives/coco/0528.jpg,not_smear,coco,train
data/guardrail/negatives/coco/0629.jpg,not_smear,coco,train
data/guardrail/negatives/coco/0862.jpg,not_smear,coco,train
data/guardrail/negatives/coco/0994.jpg,not_smear,coco,train
data/guardrail/negatives/coco/0128.jpg,not_smear,coco,train
data/guardrail/negatives/coco/0501.jpg,not_smear,coco,train
data/guardrail/negatives/coco/0192.jpg,not_smear,coco,train
data/guardrail/negatives/coco/0395.jpg,not_smear,coco,train
data/guardrail/negatives/coco/0302.jpg,not_smear,coco,train
data/guardrail/negatives/coco/0783.jpg,not_smear,coco,train
data/guardrail/negatives/coco/0585.jpg,not_smear,coco,train
data/guardrail/negatives/coco/0887.jpg,not_smear,coco,train
data/guardrail/negatives/coco/0571.jpg,not_smear,coco,train
data/guardrail/negatives/coco/0556.jpg,not_smear,coco,train
data/guardrail/negatives/coco/0322.jpg,not_smear,coco,train
data/guardrail/negatives/coco/0597.jpg,not_smear,coco,train
data/guardrail/negatives/coco/0177.jpg,not_smear,coco,train
data/guardrail/negatives/coco/0651.jpg,not_smear,coco,train
data/guardrail/negatives/coco/0200.jpg,not_smear,coco,train
data/guardrail/negatives/coco/0793.jpg,not_smear,coco,train
data/guardrail/negatives/coco/0894.jpg,not_smear,coco,train
data/guardrail/negatives/coco/0210.jpg,not_smear,coco,train
data/guardrail/negatives/coco/0260.jpg,not_smear,coco,train
data/guardrail/negatives/coco/0153.jpg,not_smear,coco,train
data/guardrail/negatives/coco/0968.jpg,not_smear,coco,train
data/guardrail/negatives/coco/0240.jpg,not_smear,coco,train
data/guardrail/negatives/coco/0337.jpg,not_smear,coco,train
data/guardrail/negatives/coco/0464.jpg,not_smear,coco,train
data/guardrail/negatives/coco/0213.jpg,not_smear,coco,train
data/guardrail/negatives/coco/0450.jpg,not_smear,coco,train
data/guardrail/negatives/coco/0356.jpg,not_smear,coco,train
data/guardrail/negatives/coco/0328.jpg,not_smear,coco,train
data/guardrail/negatives/coco/0558.jpg,not_smear,coco,train
data/guardrail/negatives/coco/0583.jpg,not_smear,coco,train
data/guardrail/negatives/coco/0974.jpg,not_smear,coco,train
data/guardrail/negatives/coco/0764.jpg,not_smear,coco,train
data/guardrail/negatives/coco/0015.jpg,not_smear,coco,train
data/guardrail/negatives/coco/0080.jpg,not_smear,coco,train
data/guardrail/negatives/coco/0371.jpg,not_smear,coco,train
data/guardrail/negatives/coco/0037.jpg,not_smear,coco,train
data/guardrail/negatives/coco/0609.jpg,not_smear,coco,train
data/guardrail/negatives/coco/0027.jpg,not_smear,coco,train
data/guardrail/negatives/coco/0836.jpg,not_smear,coco,train
data/guardrail/negatives/coco/0524.jpg,not_smear,coco,train
data/guardrail/negatives/coco/0984.jpg,not_smear,coco,train
data/guardrail/negatives/coco/0975.jpg,not_smear,coco,train
data/guardrail/negatives/coco/0290.jpg,not_smear,coco,train
data/guardrail/negatives/coco/0813.jpg,not_smear,coco,train
data/guardrail/negatives/coco/0326.jpg,not_smear,coco,train
data/guardrail/negatives/coco/0461.jpg,not_smear,coco,train
data/guardrail/negatives/coco/0462.jpg,not_smear,coco,train
data/guardrail/negatives/coco/0107.jpg,not_smear,coco,train
data/guardrail/negatives/coco/0426.jpg,not_smear,coco,train
data/guardrail/negatives/coco/0489.jpg,not_smear,coco,train
data/guardrail/negatives/coco/0643.jpg,not_smear,coco,train
data/guardrail/negatives/coco/0607.jpg,not_smear,coco,train
data/guardrail/negatives/coco/0510.jpg,not_smear,coco,train
data/guardrail/negatives/coco/0150.jpg,not_smear,coco,train
data/guardrail/negatives/coco/0687.jpg,not_smear,coco,train
data/guardrail/negatives/coco/0877.jpg,not_smear,coco,train
data/guardrail/negatives/coco/0834.jpg,not_smear,coco,train
data/guardrail/negatives/coco/0030.jpg,not_smear,coco,train
data/guardrail/negatives/coco/0529.jpg,not_smear,coco,train
data/guardrail/negatives/coco/0068.jpg,not_smear,coco,train
data/guardrail/negatives/coco/0989.jpg,not_smear,coco,train
data/guardrail/negatives/coco/0285.jpg,not_smear,coco,train
data/guardrail/negatives/coco/0842.jpg,not_smear,coco,train
data/guardrail/negatives/coco/0961.jpg,not_smear,coco,train
data/guardrail/negatives/coco/0104.jpg,not_smear,coco,train
data/guardrail/negatives/coco/0550.jpg,not_smear,coco,train
data/guardrail/negatives/coco/0511.jpg,not_smear,coco,train
data/guardrail/negatives/coco/0610.jpg,not_smear,coco,train
data/guardrail/negatives/coco/0620.jpg,not_smear,coco,train
data/guardrail/negatives/coco/0683.jpg,not_smear,coco,train
data/guardrail/negatives/coco/0692.jpg,not_smear,coco,train
data/guardrail/negatives/coco/0476.jpg,not_smear,coco,train
data/guardrail/negatives/coco/0551.jpg,not_smear,coco,train
data/guardrail/negatives/coco/0868.jpg,not_smear,coco,train
data/guardrail/negatives/coco/0455.jpg,not_smear,coco,train
data/guardrail/negatives/coco/0324.jpg,not_smear,coco,train
data/guardrail/negatives/coco/0732.jpg,not_smear,coco,train
data/guardrail/negatives/coco/0936.jpg,not_smear,coco,train
data/guardrail/negatives/coco/0778.jpg,not_smear,coco,train
data/guardrail/negatives/coco/0962.jpg,not_smear,coco,train
data/guardrail/negatives/coco/0988.jpg,not_smear,coco,train
data/guardrail/negatives/coco/0736.jpg,not_smear,coco,train
data/guardrail/negatives/coco/0871.jpg,not_smear,coco,train
data/guardrail/negatives/coco/0281.jpg,not_smear,coco,train
data/guardrail/negatives/coco/0214.jpg,not_smear,coco,train
data/guardrail/negatives/coco/0397.jpg,not_smear,coco,train
data/guardrail/negatives/coco/0667.jpg,not_smear,coco,train
data/guardrail/negatives/coco/0475.jpg,not_smear,coco,train
data/guardrail/negatives/coco/0473.jpg,not_smear,coco,train
data/guardrail/negatives/coco/0325.jpg,not_smear,coco,train
data/guardrail/negatives/coco/0470.jpg,not_smear,coco,train
data/guardrail/negatives/coco/0854.jpg,not_smear,coco,train
data/guardrail/negatives/coco/0246.jpg,not_smear,coco,train
data/guardrail/negatives/coco/0477.jpg,not_smear,coco,train
data/guardrail/negatives/coco/0729.jpg,not_smear,coco,train
data/guardrail/negatives/coco/0981.jpg,not_smear,coco,train
data/guardrail/negatives/coco/0402.jpg,not_smear,coco,train
data/guardrail/negatives/coco/0587.jpg,not_smear,coco,train
data/guardrail/negatives/coco/0923.jpg,not_smear,coco,train
data/guardrail/negatives/coco/0065.jpg,not_smear,coco,train
data/guardrail/negatives/coco/0802.jpg,not_smear,coco,train
data/guardrail/negatives/coco/0562.jpg,not_smear,coco,train
data/guardrail/negatives/coco/0074.jpg,not_smear,coco,train
data/guardrail/negatives/coco/0142.jpg,not_smear,coco,train
data/guardrail/negatives/coco/0447.jpg,not_smear,coco,train
data/guardrail/negatives/coco/0295.jpg,not_smear,coco,train
data/guardrail/negatives/coco/0519.jpg,not_smear,coco,train
data/guardrail/negatives/coco/0034.jpg,not_smear,coco,train
data/guardrail/negatives/coco/0244.jpg,not_smear,coco,train
data/guardrail/negatives/coco/0228.jpg,not_smear,coco,train
data/guardrail/negatives/coco/0199.jpg,not_smear,coco,train
data/guardrail/negatives/coco/0757.jpg,not_smear,coco,train
data/guardrail/negatives/coco/0578.jpg,not_smear,coco,train
data/guardrail/negatives/coco/0858.jpg,not_smear,coco,train
data/guardrail/negatives/coco/0401.jpg,not_smear,coco,train
data/guardrail/negatives/coco/0957.jpg,not_smear,coco,train
data/guardrail/negatives/coco/0548.jpg,not_smear,coco,train
data/guardrail/negatives/coco/0386.jpg,not_smear,coco,train
data/guardrail/negatives/coco/0711.jpg,not_smear,coco,train
data/guardrail/negatives/coco/0580.jpg,not_smear,coco,train
data/guardrail/negatives/coco/0338.jpg,not_smear,coco,train
data/guardrail/negatives/coco/0734.jpg,not_smear,coco,train
data/guardrail/negatives/coco/0138.jpg,not_smear,coco,train
data/guardrail/negatives/coco/0671.jpg,not_smear,coco,train
data/guardrail/negatives/coco/0178.jpg,not_smear,coco,train
data/guardrail/negatives/coco/0400.jpg,not_smear,coco,train
data/guardrail/negatives/coco/0319.jpg,not_smear,coco,train
data/guardrail/negatives/coco/0154.jpg,not_smear,coco,train
data/guardrail/negatives/coco/0396.jpg,not_smear,coco,train
data/guardrail/negatives/coco/0341.jpg,not_smear,coco,train
data/guardrail/negatives/coco/0590.jpg,not_smear,coco,train
data/guardrail/negatives/coco/0669.jpg,not_smear,coco,train
data/guardrail/negatives/coco/0347.jpg,not_smear,coco,train
data/guardrail/negatives/coco/0775.jpg,not_smear,coco,train
data/guardrail/negatives/coco/0451.jpg,not_smear,coco,train
data/guardrail/negatives/coco/0171.jpg,not_smear,coco,train
data/guardrail/negatives/coco/0864.jpg,not_smear,coco,train
data/guardrail/negatives/coco/0219.jpg,not_smear,coco,train
data/guardrail/negatives/coco/0091.jpg,not_smear,coco,train
data/guardrail/negatives/coco/0077.jpg,not_smear,coco,train
data/guardrail/negatives/coco/0309.jpg,not_smear,coco,train
data/guardrail/negatives/coco/0881.jpg,not_smear,coco,train
data/guardrail/negatives/coco/0727.jpg,not_smear,coco,train
data/guardrail/negatives/coco/0184.jpg,not_smear,coco,train
data/guardrail/negatives/coco/0060.jpg,not_smear,coco,train
data/guardrail/negatives/coco/0602.jpg,not_smear,coco,train
data/guardrail/negatives/coco/0315.jpg,not_smear,coco,train
data/guardrail/negatives/coco/0709.jpg,not_smear,coco,train
data/guardrail/negatives/coco/0182.jpg,not_smear,coco,train
data/guardrail/negatives/coco/0498.jpg,not_smear,coco,train
data/guardrail/negatives/coco/0472.jpg,not_smear,coco,train
data/guardrail/negatives/coco/0408.jpg,not_smear,coco,train
data/guardrail/negatives/coco/0815.jpg,not_smear,coco,train
data/guardrail/negatives/coco/0828.jpg,not_smear,coco,train
data/guardrail/negatives/coco/0660.jpg,not_smear,coco,train
data/guardrail/negatives/coco/0057.jpg,not_smear,coco,train
data/guardrail/negatives/coco/0366.jpg,not_smear,coco,train
data/guardrail/negatives/coco/0721.jpg,not_smear,coco,train
data/guardrail/negatives/coco/0467.jpg,not_smear,coco,train
data/guardrail/negatives/coco/0750.jpg,not_smear,coco,train
data/guardrail/negatives/coco/0876.jpg,not_smear,coco,train
data/guardrail/negatives/coco/0992.jpg,not_smear,coco,train
data/guardrail/negatives/coco/0335.jpg,not_smear,coco,train
data/guardrail/negatives/coco/0965.jpg,not_smear,coco,train
data/guardrail/negatives/coco/0075.jpg,not_smear,coco,train
data/guardrail/negatives/coco/0998.jpg,not_smear,coco,train
data/guardrail/negatives/coco/0484.jpg,not_smear,coco,train
data/guardrail/negatives/coco/0116.jpg,not_smear,coco,train
data/guardrail/negatives/coco/0012.jpg,not_smear,coco,train
data/guardrail/negatives/coco/0656.jpg,not_smear,coco,train
data/guardrail/negatives/coco/0804.jpg,not_smear,coco,train
data/guardrail/negatives/coco/0072.jpg,not_smear,coco,train
data/guardrail/negatives/coco/0212.jpg,not_smear,coco,train
data/guardrail/negatives/coco/0261.jpg,not_smear,coco,train
data/guardrail/negatives/coco/0953.jpg,not_smear,coco,train
data/guardrail/negatives/coco/0614.jpg,not_smear,coco,train
data/guardrail/negatives/coco/0824.jpg,not_smear,coco,train
data/guardrail/negatives/coco/0553.jpg,not_smear,coco,train
data/guardrail/negatives/coco/0928.jpg,not_smear,coco,train
data/guardrail/negatives/coco/0574.jpg,not_smear,coco,train
data/guardrail/negatives/coco/0063.jpg,not_smear,coco,train
data/guardrail/negatives/coco/0424.jpg,not_smear,coco,train
data/guardrail/negatives/coco/0826.jpg,not_smear,coco,train
data/guardrail/negatives/coco/0542.jpg,not_smear,coco,train
data/guardrail/negatives/coco/0354.jpg,not_smear,coco,train
data/guardrail/negatives/coco/0886.jpg,not_smear,coco,train
data/guardrail/negatives/coco/0028.jpg,not_smear,coco,train
data/guardrail/negatives/coco/0124.jpg,not_smear,coco,train
data/guardrail/negatives/coco/0079.jpg,not_smear,coco,train
data/guardrail/negatives/coco/0903.jpg,not_smear,coco,train
data/guardrail/negatives/coco/0941.jpg,not_smear,coco,train
data/guardrail/negatives/coco/0665.jpg,not_smear,coco,train
data/guardrail/negatives/coco/0495.jpg,not_smear,coco,train
data/guardrail/negatives/coco/0508.jpg,not_smear,coco,train
data/guardrail/negatives/coco/0922.jpg,not_smear,coco,train
data/guardrail/negatives/coco/0766.jpg,not_smear,coco,train
data/guardrail/negatives/coco/0879.jpg,not_smear,coco,train
data/guardrail/negatives/coco/0944.jpg,not_smear,coco,train
data/guardrail/negatives/coco/0071.jpg,not_smear,coco,train
data/guardrail/negatives/coco/0664.jpg,not_smear,coco,train
data/guardrail/negatives/coco/0897.jpg,not_smear,coco,train
data/guardrail/negatives/coco/0800.jpg,not_smear,coco,train
data/guardrail/negatives/coco/0691.jpg,not_smear,coco,train
data/guardrail/negatives/coco/0173.jpg,not_smear,coco,train
data/guardrail/negatives/coco/0492.jpg,not_smear,coco,train
data/guardrail/negatives/coco/0376.jpg,not_smear,coco,train
data/guardrail/negatives/coco/0277.jpg,not_smear,coco,train
data/guardrail/negatives/coco/0987.jpg,not_smear,coco,train
data/guardrail/negatives/coco/0803.jpg,not_smear,coco,train
data/guardrail/negatives/coco/0004.jpg,not_smear,coco,train
data/guardrail/negatives/coco/0405.jpg,not_smear,coco,train
data/guardrail/negatives/coco/0463.jpg,not_smear,coco,train
data/guardrail/negatives/coco/0307.jpg,not_smear,coco,train
data/guardrail/negatives/coco/0321.jpg,not_smear,coco,train
data/guardrail/negatives/coco/0486.jpg,not_smear,coco,train
data/guardrail/negatives/coco/0137.jpg,not_smear,coco,train
data/guardrail/negatives/coco/0634.jpg,not_smear,coco,train
data/guardrail/negatives/coco/0394.jpg,not_smear,coco,train
data/guardrail/negatives/coco/0918.jpg,not_smear,coco,train
data/guardrail/negatives/coco/0067.jpg,not_smear,coco,train
data/guardrail/negatives/coco/0874.jpg,not_smear,coco,train
data/guardrail/negatives/coco/0670.jpg,not_smear,coco,train
data/guardrail/negatives/coco/0425.jpg,not_smear,coco,train
data/guardrail/negatives/coco/0390.jpg,not_smear,coco,train
data/guardrail/negatives/coco/0844.jpg,not_smear,coco,train
data/guardrail/negatives/coco/0423.jpg,not_smear,coco,train
data/guardrail/negatives/coco/0056.jpg,not_smear,coco,train
data/guardrail/negatives/coco/0985.jpg,not_smear,coco,train
data/guardrail/negatives/coco/0618.jpg,not_smear,coco,train
data/guardrail/negatives/coco/0718.jpg,not_smear,coco,train
data/guardrail/negatives/coco/0478.jpg,not_smear,coco,train
data/guardrail/negatives/coco/0720.jpg,not_smear,coco,train
data/guardrail/negatives/coco/0846.jpg,not_smear,coco,train
data/guardrail/negatives/coco/0413.jpg,not_smear,coco,train
data/guardrail/negatives/coco/0384.jpg,not_smear,coco,train
data/guardrail/negatives/coco/0686.jpg,not_smear,coco,train
data/guardrail/negatives/coco/0070.jpg,not_smear,coco,train
data/guardrail/negatives/coco/0771.jpg,not_smear,coco,train
data/guardrail/negatives/coco/0715.jpg,not_smear,coco,train
data/guardrail/negatives/coco/0051.jpg,not_smear,coco,train
data/guardrail/negatives/coco/0898.jpg,not_smear,coco,train
data/guardrail/negatives/coco/0330.jpg,not_smear,coco,train
data/guardrail/negatives/coco/0465.jpg,not_smear,coco,train
data/guardrail/negatives/coco/0232.jpg,not_smear,coco,train
data/guardrail/negatives/coco/0125.jpg,not_smear,coco,train
data/guardrail/negatives/coco/0863.jpg,not_smear,coco,train
data/guardrail/negatives/coco/0852.jpg,not_smear,coco,train
data/guardrail/negatives/coco/0073.jpg,not_smear,coco,train
data/guardrail/negatives/coco/0035.jpg,not_smear,coco,train
data/guardrail/negatives/coco/0505.jpg,not_smear,coco,train
data/guardrail/negatives/coco/0657.jpg,not_smear,coco,train
data/guardrail/negatives/coco/0626.jpg,not_smear,coco,train
data/guardrail/negatives/coco/0201.jpg,not_smear,coco,train
data/guardrail/negatives/coco/0647.jpg,not_smear,coco,train
data/guardrail/negatives/coco/0593.jpg,not_smear,coco,train
data/guardrail/negatives/coco/0453.jpg,not_smear,coco,train
data/guardrail/negatives/coco/0083.jpg,not_smear,coco,train
data/guardrail/negatives/coco/0158.jpg,not_smear,coco,train
data/guardrail/negatives/coco/0572.jpg,not_smear,coco,train
data/guardrail/negatives/coco/0144.jpg,not_smear,coco,train
data/guardrail/negatives/coco/0331.jpg,not_smear,coco,train
data/guardrail/negatives/coco/0949.jpg,not_smear,coco,train
data/guardrail/negatives/coco/0811.jpg,not_smear,coco,train
data/guardrail/negatives/coco/0482.jpg,not_smear,coco,train
data/guardrail/negatives/coco/0251.jpg,not_smear,coco,train
data/guardrail/negatives/coco/0791.jpg,not_smear,coco,train
data/guardrail/negatives/coco/0096.jpg,not_smear,coco,train
data/guardrail/negatives/coco/0090.jpg,not_smear,coco,train
data/guardrail/negatives/coco/0663.jpg,not_smear,coco,train
data/guardrail/negatives/coco/0772.jpg,not_smear,coco,train
data/guardrail/negatives/coco/0094.jpg,not_smear,coco,train
data/guardrail/negatives/coco/0235.jpg,not_smear,coco,train
data/guardrail/negatives/coco/0908.jpg,not_smear,coco,train
data/guardrail/negatives/coco/0773.jpg,not_smear,coco,train
data/guardrail/negatives/coco/0943.jpg,not_smear,coco,train
data/guardrail/negatives/coco/0893.jpg,not_smear,coco,train
data/guardrail/negatives/coco/0557.jpg,not_smear,coco,train
data/guardrail/negatives/coco/0561.jpg,not_smear,coco,train
data/guardrail/negatives/coco/0746.jpg,not_smear,coco,train
data/guardrail/negatives/coco/0237.jpg,not_smear,coco,train
data/guardrail/negatives/coco/0853.jpg,not_smear,coco,train
data/guardrail/negatives/coco/0758.jpg,not_smear,coco,train
data/guardrail/negatives/coco/0788.jpg,not_smear,coco,train
data/guardrail/negatives/coco/0208.jpg,not_smear,coco,train
data/guardrail/negatives/coco/0728.jpg,not_smear,coco,train
data/guardrail/negatives/coco/0539.jpg,not_smear,coco,train
data/guardrail/negatives/coco/0569.jpg,not_smear,coco,train
data/guardrail/negatives/coco/0452.jpg,not_smear,coco,train
data/guardrail/negatives/coco/0990.jpg,not_smear,coco,train
data/guardrail/negatives/coco/0263.jpg,not_smear,coco,train
data/guardrail/negatives/coco/0391.jpg,not_smear,coco,train
data/guardrail/negatives/coco/0638.jpg,not_smear,coco,train
data/guardrail/negatives/coco/0016.jpg,not_smear,coco,train
data/guardrail/negatives/coco/0262.jpg,not_smear,coco,train
data/guardrail/negatives/coco/0180.jpg,not_smear,coco,train
data/guardrail/negatives/coco/0666.jpg,not_smear,coco,train
data/guardrail/negatives/coco/0224.jpg,not_smear,coco,train
data/guardrail/negatives/coco/0847.jpg,not_smear,coco,train
data/guardrail/negatives/coco/0932.jpg,not_smear,coco,train
data/guardrail/negatives/coco/0848.jpg,not_smear,coco,train
data/guardrail/negatives/coco/0592.jpg,not_smear,coco,train
data/guardrail/negatives/coco/0301.jpg,not_smear,coco,train
data/guardrail/negatives/coco/0418.jpg,not_smear,coco,train
data/guardrail/negatives/coco/0555.jpg,not_smear,coco,train
data/guardrail/negatives/coco/0270.jpg,not_smear,coco,train
data/guardrail/negatives/coco/0085.jpg,not_smear,coco,train
data/guardrail/negatives/coco/0769.jpg,not_smear,coco,train
data/guardrail/negatives/coco/0377.jpg,not_smear,coco,train
data/guardrail/negatives/coco/0613.jpg,not_smear,coco,train
data/guardrail/negatives/coco/0001.jpg,not_smear,coco,train
data/guardrail/negatives/coco/0118.jpg,not_smear,coco,train
data/guardrail/negatives/coco/0907.jpg,not_smear,coco,train
data/guardrail/negatives/coco/0642.jpg,not_smear,coco,train
data/guardrail/negatives/coco/0254.jpg,not_smear,coco,train
data/guardrail/negatives/coco/0685.jpg,not_smear,coco,train
data/guardrail/negatives/coco/0276.jpg,not_smear,coco,train
data/guardrail/negatives/coco/0952.jpg,not_smear,coco,train
data/guardrail/negatives/coco/0284.jpg,not_smear,coco,train
data/guardrail/negatives/coco/0151.jpg,not_smear,coco,train
data/guardrail/negatives/coco/0040.jpg,not_smear,coco,train
data/guardrail/negatives/coco/0298.jpg,not_smear,coco,train
data/guardrail/negatives/coco/0716.jpg,not_smear,coco,train
data/guardrail/negatives/coco/0622.jpg,not_smear,coco,train
data/guardrail/negatives/coco/0641.jpg,not_smear,coco,train
data/guardrail/negatives/coco/0229.jpg,not_smear,coco,train
data/guardrail/negatives/coco/0175.jpg,not_smear,coco,train
data/guardrail/negatives/coco/0777.jpg,not_smear,coco,train
data/guardrail/negatives/coco/0653.jpg,not_smear,coco,train
data/guardrail/negatives/coco/0274.jpg,not_smear,coco,train
data/guardrail/negatives/coco/0303.jpg,not_smear,coco,train
data/guardrail/negatives/coco/0225.jpg,not_smear,coco,train
data/guardrail/negatives/coco/0310.jpg,not_smear,coco,train
data/guardrail/negatives/coco/0265.jpg,not_smear,coco,train
data/guardrail/negatives/coco/0697.jpg,not_smear,coco,train
data/guardrail/negatives/coco/0604.jpg,not_smear,coco,train
data/guardrail/negatives/coco/0466.jpg,not_smear,coco,train
data/guardrail/negatives/coco/0591.jpg,not_smear,coco,train
data/guardrail/negatives/coco/0960.jpg,not_smear,coco,train
data/guardrail/negatives/coco/0223.jpg,not_smear,coco,train
data/guardrail/negatives/coco/0163.jpg,not_smear,coco,train
data/guardrail/negatives/coco/0003.jpg,not_smear,coco,train
data/guardrail/negatives/coco/0188.jpg,not_smear,coco,train
data/guardrail/negatives/coco/0211.jpg,not_smear,coco,train
data/guardrail/negatives/coco/0278.jpg,not_smear,coco,train
data/guardrail/negatives/coco/0710.jpg,not_smear,coco,train
data/guardrail/negatives/coco/0399.jpg,not_smear,coco,train
data/guardrail/negatives/coco/0575.jpg,not_smear,coco,train
data/guardrail/negatives/coco/0640.jpg,not_smear,coco,train
data/guardrail/negatives/coco/0521.jpg,not_smear,coco,train
data/guardrail/negatives/coco/0448.jpg,not_smear,coco,train
data/guardrail/negatives/coco/0942.jpg,not_smear,coco,train
data/guardrail/negatives/coco/0628.jpg,not_smear,coco,train
data/guardrail/negatives/coco/0997.jpg,not_smear,coco,train
data/guardrail/negatives/coco/0920.jpg,not_smear,coco,train
data/guardrail/negatives/coco/0506.jpg,not_smear,coco,train
data/guardrail/negatives/coco/0407.jpg,not_smear,coco,train
data/guardrail/negatives/coco/0792.jpg,not_smear,coco,train
data/guardrail/negatives/coco/0689.jpg,not_smear,coco,train
data/guardrail/negatives/coco/0579.jpg,not_smear,coco,train
data/guardrail/negatives/coco/0046.jpg,not_smear,coco,train
data/guardrail/negatives/coco/0744.jpg,not_smear,coco,train
data/guardrail/negatives/coco/0132.jpg,not_smear,coco,train
data/guardrail/negatives/coco/0708.jpg,not_smear,coco,train
data/guardrail/negatives/coco/0170.jpg,not_smear,coco,train
data/guardrail/negatives/coco/0022.jpg,not_smear,coco,train
data/guardrail/negatives/coco/0515.jpg,not_smear,coco,train
data/guardrail/negatives/coco/0891.jpg,not_smear,coco,train
data/guardrail/negatives/coco/0429.jpg,not_smear,coco,train
data/guardrail/negatives/coco/0866.jpg,not_smear,coco,train
data/guardrail/negatives/coco/0069.jpg,not_smear,coco,train
data/guardrail/negatives/coco/0446.jpg,not_smear,coco,train
data/guardrail/negatives/coco/0869.jpg,not_smear,coco,train
data/guardrail/negatives/coco/0933.jpg,not_smear,coco,train
data/guardrail/negatives/coco/0374.jpg,not_smear,coco,train
data/guardrail/negatives/coco/0355.jpg,not_smear,coco,train
data/guardrail/negatives/coco/0573.jpg,not_smear,coco,train
data/guardrail/negatives/coco/0661.jpg,not_smear,coco,train
data/guardrail/negatives/coco/0774.jpg,not_smear,coco,train
data/guardrail/negatives/coco/0678.jpg,not_smear,coco,train
data/guardrail/negatives/coco/0707.jpg,not_smear,coco,train
data/guardrail/negatives/coco/0770.jpg,not_smear,coco,train
data/guardrail/negatives/coco/0044.jpg,not_smear,coco,train
data/guardrail/negatives/coco/0825.jpg,not_smear,coco,train
data/guardrail/negatives/coco/0546.jpg,not_smear,coco,train
data/guardrail/negatives/coco/0206.jpg,not_smear,coco,train
data/guardrail/negatives/coco/0725.jpg,not_smear,coco,train
data/guardrail/negatives/coco/0308.jpg,not_smear,coco,train
data/guardrail/negatives/coco/0351.jpg,not_smear,coco,train
data/guardrail/negatives/coco/0559.jpg,not_smear,coco,train
data/guardrail/negatives/coco/0888.jpg,not_smear,coco,train
data/guardrail/negatives/coco/0101.jpg,not_smear,coco,train
data/guardrail/negatives/coco/0456.jpg,not_smear,coco,train
data/guardrail/negatives/coco/0197.jpg,not_smear,coco,train
data/guardrail/negatives/coco/0195.jpg,not_smear,coco,train
data/guardrail/negatives/coco/0600.jpg,not_smear,coco,train
data/guardrail/negatives/coco/0042.jpg,not_smear,coco,train
data/guardrail/negatives/coco/0712.jpg,not_smear,coco,train
data/guardrail/negatives/coco/0616.jpg,not_smear,coco,train
data/guardrail/negatives/coco/0652.jpg,not_smear,coco,train
data/guardrail/negatives/coco/0108.jpg,not_smear,coco,train
data/guardrail/negatives/coco/0955.jpg,not_smear,coco,train
data/guardrail/negatives/coco/0393.jpg,not_smear,coco,train
data/guardrail/negatives/coco/0598.jpg,not_smear,coco,train
data/guardrail/negatives/coco/0215.jpg,not_smear,coco,train
data/guardrail/negatives/coco/0967.jpg,not_smear,coco,train
data/guardrail/negatives/coco/0243.jpg,not_smear,coco,train
data/guardrail/negatives/coco/0380.jpg,not_smear,coco,train
data/guardrail/negatives/coco/0619.jpg,not_smear,coco,train
data/guardrail/negatives/coco/0934.jpg,not_smear,coco,train
data/guardrail/negatives/coco/0603.jpg,not_smear,coco,train
data/guardrail/negatives/coco/0370.jpg,not_smear,coco,train
data/guardrail/negatives/coco/0369.jpg,not_smear,coco,train
data/guardrail/negatives/coco/0785.jpg,not_smear,coco,train
data/guardrail/negatives/coco/0133.jpg,not_smear,coco,train
data/guardrail/negatives/coco/0565.jpg,not_smear,coco,train
data/guardrail/negatives/coco/0861.jpg,not_smear,coco,train
data/guardrail/negatives/coco/0099.jpg,not_smear,coco,train
data/guardrail/negatives/coco/0114.jpg,not_smear,coco,train
data/guardrail/negatives/coco/0684.jpg,not_smear,coco,train
data/guardrail/negatives/coco/0342.jpg,not_smear,coco,train
data/guardrail/negatives/coco/0779.jpg,not_smear,coco,train
data/guardrail/negatives/coco/0830.jpg,not_smear,coco,train
data/guardrail/negatives/coco/0258.jpg,not_smear,coco,train
data/guardrail/negatives/coco/0189.jpg,not_smear,coco,train
data/guardrail/negatives/coco/0831.jpg,not_smear,coco,train
data/guardrail/negatives/coco/0832.jpg,not_smear,coco,train
data/guardrail/negatives/coco/0896.jpg,not_smear,coco,train
data/guardrail/negatives/coco/0286.jpg,not_smear,coco,train
data/guardrail/negatives/coco/0483.jpg,not_smear,coco,train
data/guardrail/negatives/coco/0937.jpg,not_smear,coco,train
data/guardrail/negatives/coco/0217.jpg,not_smear,coco,train
data/guardrail/negatives/coco/0329.jpg,not_smear,coco,train
data/guardrail/negatives/coco/0752.jpg,not_smear,coco,train
data/guardrail/negatives/coco/0000.jpg,not_smear,coco,train
data/guardrail/negatives/coco/0790.jpg,not_smear,coco,train
data/guardrail/negatives/coco/0809.jpg,not_smear,coco,train
data/guardrail/negatives/coco/0048.jpg,not_smear,coco,train
data/guardrail/negatives/coco/0327.jpg,not_smear,coco,train
data/guardrail/negatives/coco/0252.jpg,not_smear,coco,train
data/guardrail/negatives/coco/0977.jpg,not_smear,coco,train
data/guardrail/negatives/coco/0359.jpg,not_smear,coco,train
data/guardrail/negatives/coco/0733.jpg,not_smear,coco,train
data/guardrail/negatives/coco/0372.jpg,not_smear,coco,train
data/guardrail/negatives/coco/0807.jpg,not_smear,coco,train
data/guardrail/negatives/coco/0762.jpg,not_smear,coco,train
data/guardrail/negatives/coco/0311.jpg,not_smear,coco,train
data/guardrail/negatives/coco/0754.jpg,not_smear,coco,train
data/guardrail/negatives/coco/0659.jpg,not_smear,coco,train
data/guardrail/negatives/coco/0437.jpg,not_smear,coco,train
data/guardrail/negatives/coco/0522.jpg,not_smear,coco,train
data/guardrail/negatives/coco/0062.jpg,not_smear,coco,train
data/guardrail/negatives/coco/0780.jpg,not_smear,coco,train
data/guardrail/negatives/coco/0705.jpg,not_smear,coco,train
data/guardrail/negatives/coco/0344.jpg,not_smear,coco,train
data/guardrail/negatives/coco/0227.jpg,not_smear,coco,train
data/guardrail/negatives/coco/0236.jpg,not_smear,coco,train
data/guardrail/negatives/coco/0648.jpg,not_smear,coco,train
data/guardrail/negatives/coco/0313.jpg,not_smear,coco,train
data/guardrail/negatives/coco/0537.jpg,not_smear,coco,train
data/guardrail/negatives/coco/0417.jpg,not_smear,coco,train
data/guardrail/negatives/coco/0389.jpg,not_smear,coco,train
data/guardrail/negatives/coco/0882.jpg,not_smear,coco,val
data/guardrail/negatives/coco/0093.jpg,not_smear,coco,val
data/guardrail/negatives/coco/0204.jpg,not_smear,coco,val
data/guardrail/negatives/coco/0915.jpg,not_smear,coco,val
data/guardrail/negatives/coco/0018.jpg,not_smear,coco,val
data/guardrail/negatives/coco/0436.jpg,not_smear,coco,val
data/guardrail/negatives/coco/0149.jpg,not_smear,coco,val
data/guardrail/negatives/coco/0196.jpg,not_smear,coco,val
data/guardrail/negatives/coco/0280.jpg,not_smear,coco,val
data/guardrail/negatives/coco/0039.jpg,not_smear,coco,val
data/guardrail/negatives/coco/0410.jpg,not_smear,coco,val
data/guardrail/negatives/coco/0135.jpg,not_smear,coco,val
data/guardrail/negatives/coco/0123.jpg,not_smear,coco,val
data/guardrail/negatives/coco/0959.jpg,not_smear,coco,val
data/guardrail/negatives/coco/0152.jpg,not_smear,coco,val
data/guardrail/negatives/coco/0948.jpg,not_smear,coco,val
data/guardrail/negatives/coco/0644.jpg,not_smear,coco,val
data/guardrail/negatives/coco/0605.jpg,not_smear,coco,val
data/guardrail/negatives/coco/0193.jpg,not_smear,coco,val
data/guardrail/negatives/coco/0185.jpg,not_smear,coco,val
data/guardrail/negatives/coco/0625.jpg,not_smear,coco,val
data/guardrail/negatives/coco/0969.jpg,not_smear,coco,val
data/guardrail/negatives/coco/0996.jpg,not_smear,coco,val
data/guardrail/negatives/coco/0105.jpg,not_smear,coco,val
data/guardrail/negatives/coco/0976.jpg,not_smear,coco,val
data/guardrail/negatives/coco/0485.jpg,not_smear,coco,val
data/guardrail/negatives/coco/0781.jpg,not_smear,coco,val
data/guardrail/negatives/coco/0740.jpg,not_smear,coco,val
data/guardrail/negatives/coco/0892.jpg,not_smear,coco,val
data/guardrail/negatives/coco/0837.jpg,not_smear,coco,val
data/guardrail/negatives/coco/0717.jpg,not_smear,coco,val
data/guardrail/negatives/coco/0269.jpg,not_smear,coco,val
data/guardrail/negatives/coco/0117.jpg,not_smear,coco,val
data/guardrail/negatives/coco/0287.jpg,not_smear,coco,val
data/guardrail/negatives/coco/0873.jpg,not_smear,coco,val
data/guardrail/negatives/coco/0191.jpg,not_smear,coco,val
data/guardrail/negatives/coco/0523.jpg,not_smear,coco,val
data/guardrail/negatives/coco/0156.jpg,not_smear,coco,val
data/guardrail/negatives/coco/0850.jpg,not_smear,coco,val
data/guardrail/negatives/coco/0253.jpg,not_smear,coco,val
data/guardrail/negatives/coco/0749.jpg,not_smear,coco,val
data/guardrail/negatives/coco/0084.jpg,not_smear,coco,val
data/guardrail/negatives/coco/0497.jpg,not_smear,coco,val
data/guardrail/negatives/coco/0288.jpg,not_smear,coco,val
data/guardrail/negatives/coco/0296.jpg,not_smear,coco,val
data/guardrail/negatives/coco/0926.jpg,not_smear,coco,val
data/guardrail/negatives/coco/0798.jpg,not_smear,coco,val
data/guardrail/negatives/coco/0008.jpg,not_smear,coco,val
data/guardrail/negatives/coco/0611.jpg,not_smear,coco,val
data/guardrail/negatives/coco/0439.jpg,not_smear,coco,val
data/guardrail/negatives/coco/0350.jpg,not_smear,coco,val
data/guardrail/negatives/coco/0979.jpg,not_smear,coco,val
data/guardrail/negatives/coco/0053.jpg,not_smear,coco,val
data/guardrail/negatives/coco/0242.jpg,not_smear,coco,val
data/guardrail/negatives/coco/0899.jpg,not_smear,coco,val
data/guardrail/negatives/coco/0013.jpg,not_smear,coco,val
data/guardrail/negatives/coco/0512.jpg,not_smear,coco,val
data/guardrail/negatives/coco/0352.jpg,not_smear,coco,val
data/guardrail/negatives/coco/0820.jpg,not_smear,coco,val
data/guardrail/negatives/coco/0993.jpg,not_smear,coco,val
data/guardrail/negatives/coco/0021.jpg,not_smear,coco,val
data/guardrail/negatives/coco/0110.jpg,not_smear,coco,val
data/guardrail/negatives/coco/0112.jpg,not_smear,coco,val
data/guardrail/negatives/coco/0134.jpg,not_smear,coco,val
data/guardrail/negatives/coco/0398.jpg,not_smear,coco,val
data/guardrail/negatives/coco/0759.jpg,not_smear,coco,val
data/guardrail/negatives/coco/0743.jpg,not_smear,coco,val
data/guardrail/negatives/coco/0513.jpg,not_smear,coco,val
data/guardrail/negatives/coco/0409.jpg,not_smear,coco,val
data/guardrail/negatives/coco/0332.jpg,not_smear,coco,val
data/guardrail/negatives/coco/0130.jpg,not_smear,coco,val
data/guardrail/negatives/coco/0910.jpg,not_smear,coco,val
data/guardrail/negatives/coco/0698.jpg,not_smear,coco,val
data/guardrail/negatives/coco/0880.jpg,not_smear,coco,val
data/guardrail/negatives/coco/0563.jpg,not_smear,coco,val
data/guardrail/negatives/coco/0500.jpg,not_smear,coco,val
data/guardrail/negatives/coco/0819.jpg,not_smear,coco,val
data/guardrail/negatives/coco/0121.jpg,not_smear,coco,val
data/guardrail/negatives/coco/0272.jpg,not_smear,coco,val
data/guardrail/negatives/coco/0681.jpg,not_smear,coco,val
data/guardrail/negatives/coco/0490.jpg,not_smear,coco,val
data/guardrail/negatives/coco/0794.jpg,not_smear,coco,val
data/guardrail/negatives/coco/0682.jpg,not_smear,coco,val
data/guardrail/negatives/coco/0164.jpg,not_smear,coco,val
data/guardrail/negatives/coco/0032.jpg,not_smear,coco,val
data/guardrail/negatives/coco/0339.jpg,not_smear,coco,val
data/guardrail/negatives/coco/0938.jpg,not_smear,coco,val
data/guardrail/negatives/coco/0431.jpg,not_smear,coco,val
data/guardrail/negatives/coco/0814.jpg,not_smear,coco,val
data/guardrail/negatives/coco/0885.jpg,not_smear,coco,val
data/guardrail/negatives/coco/0041.jpg,not_smear,coco,val
data/guardrail/negatives/coco/0291.jpg,not_smear,coco,val
data/guardrail/negatives/coco/0914.jpg,not_smear,coco,val
data/guardrail/negatives/coco/0113.jpg,not_smear,coco,val
data/guardrail/negatives/coco/0203.jpg,not_smear,coco,val
data/guardrail/negatives/coco/0726.jpg,not_smear,coco,val
data/guardrail/negatives/coco/0367.jpg,not_smear,coco,val
data/guardrail/negatives/coco/0839.jpg,not_smear,coco,val
data/guardrail/negatives/coco/0444.jpg,not_smear,coco,val
data/guardrail/negatives/coco/0765.jpg,not_smear,coco,val
data/guardrail/negatives/coco/0841.jpg,not_smear,coco,val
data/guardrail/negatives/coco/0143.jpg,not_smear,coco,val
data/guardrail/negatives/coco/0165.jpg,not_smear,coco,val
data/guardrail/negatives/coco/0805.jpg,not_smear,coco,val
data/guardrail/negatives/coco/0818.jpg,not_smear,coco,val
data/guardrail/negatives/coco/0973.jpg,not_smear,coco,val
data/guardrail/negatives/coco/0111.jpg,not_smear,coco,val
data/guardrail/negatives/coco/0275.jpg,not_smear,coco,val
data/guardrail/negatives/coco/0549.jpg,not_smear,coco,val
data/guardrail/negatives/coco/0186.jpg,not_smear,coco,val
data/guardrail/negatives/coco/0966.jpg,not_smear,coco,val
data/guardrail/negatives/coco/0373.jpg,not_smear,coco,val
data/guardrail/negatives/coco/0867.jpg,not_smear,coco,val
data/guardrail/negatives/coco/0383.jpg,not_smear,coco,val
data/guardrail/negatives/coco/0404.jpg,not_smear,coco,val
data/guardrail/negatives/coco/0481.jpg,not_smear,coco,val
data/guardrail/negatives/coco/0231.jpg,not_smear,coco,val
data/guardrail/negatives/coco/0256.jpg,not_smear,coco,val
data/guardrail/negatives/coco/0672.jpg,not_smear,coco,val
data/guardrail/negatives/coco/0787.jpg,not_smear,coco,val
data/guardrail/negatives/coco/0995.jpg,not_smear,coco,val
data/guardrail/negatives/coco/0911.jpg,not_smear,coco,val
data/guardrail/negatives/coco/0849.jpg,not_smear,coco,val
data/guardrail/negatives/coco/0126.jpg,not_smear,coco,val
data/guardrail/negatives/coco/0420.jpg,not_smear,coco,val
data/guardrail/negatives/coco/0157.jpg,not_smear,coco,val
data/guardrail/negatives/coco/0884.jpg,not_smear,coco,val
data/guardrail/negatives/coco/0541.jpg,not_smear,coco,val
data/guardrail/negatives/coco/0939.jpg,not_smear,coco,val
data/guardrail/negatives/coco/0202.jpg,not_smear,coco,val
data/guardrail/negatives/coco/0503.jpg,not_smear,coco,val
data/guardrail/negatives/coco/0441.jpg,not_smear,coco,val
data/guardrail/negatives/coco/0103.jpg,not_smear,coco,val
data/guardrail/negatives/coco/0999.jpg,not_smear,coco,val
data/guardrail/negatives/coco/0363.jpg,not_smear,coco,val
data/guardrail/negatives/coco/0411.jpg,not_smear,coco,val
data/guardrail/negatives/coco/0190.jpg,not_smear,coco,val
data/guardrail/negatives/coco/0739.jpg,not_smear,coco,val
data/guardrail/negatives/coco/0358.jpg,not_smear,coco,val
data/guardrail/negatives/coco/0005.jpg,not_smear,coco,val
data/guardrail/negatives/coco/0109.jpg,not_smear,coco,val
data/guardrail/negatives/coco/0972.jpg,not_smear,coco,val
data/guardrail/negatives/coco/0305.jpg,not_smear,coco,val
data/guardrail/negatives/coco/0336.jpg,not_smear,coco,val
data/guardrail/negatives/coco/0471.jpg,not_smear,coco,val
data/guardrail/negatives/coco/0630.jpg,not_smear,coco,val
data/guardrail/negatives/coco/0006.jpg,not_smear,coco,val
data/guardrail/negatives/coco/0364.jpg,not_smear,coco,val
data/guardrail/negatives/coco/0986.jpg,not_smear,coco,val
data/guardrail/negatives/coco/0499.jpg,not_smear,coco,val
data/guardrail/negatives/coco/0632.jpg,not_smear,coco,test
data/guardrail/negatives/coco/0474.jpg,not_smear,coco,test
data/guardrail/negatives/coco/0036.jpg,not_smear,coco,test
data/guardrail/negatives/coco/0845.jpg,not_smear,coco,test
data/guardrail/negatives/coco/0924.jpg,not_smear,coco,test
data/guardrail/negatives/coco/0658.jpg,not_smear,coco,test
data/guardrail/negatives/coco/0954.jpg,not_smear,coco,test
data/guardrail/negatives/coco/0222.jpg,not_smear,coco,test
data/guardrail/negatives/coco/0403.jpg,not_smear,coco,test
data/guardrail/negatives/coco/0582.jpg,not_smear,coco,test
data/guardrail/negatives/coco/0646.jpg,not_smear,coco,test
data/guardrail/negatives/coco/0755.jpg,not_smear,coco,test
data/guardrail/negatives/coco/0002.jpg,not_smear,coco,test
data/guardrail/negatives/coco/0218.jpg,not_smear,coco,test
data/guardrail/negatives/coco/0271.jpg,not_smear,coco,test
data/guardrail/negatives/coco/0300.jpg,not_smear,coco,test
data/guardrail/negatives/coco/0494.jpg,not_smear,coco,test
data/guardrail/negatives/coco/0306.jpg,not_smear,coco,test
data/guardrail/negatives/coco/0297.jpg,not_smear,coco,test
data/guardrail/negatives/coco/0120.jpg,not_smear,coco,test
data/guardrail/negatives/coco/0784.jpg,not_smear,coco,test
data/guardrail/negatives/coco/0552.jpg,not_smear,coco,test
data/guardrail/negatives/coco/0913.jpg,not_smear,coco,test
data/guardrail/negatives/coco/0980.jpg,not_smear,coco,test
data/guardrail/negatives/coco/0695.jpg,not_smear,coco,test
data/guardrail/negatives/coco/0346.jpg,not_smear,coco,test
data/guardrail/negatives/coco/0115.jpg,not_smear,coco,test
data/guardrail/negatives/coco/0382.jpg,not_smear,coco,test
data/guardrail/negatives/coco/0174.jpg,not_smear,coco,test
data/guardrail/negatives/coco/0388.jpg,not_smear,coco,test
data/guardrail/negatives/coco/0507.jpg,not_smear,coco,test
data/guardrail/negatives/coco/0432.jpg,not_smear,coco,test
data/guardrail/negatives/coco/0052.jpg,not_smear,coco,test
data/guardrail/negatives/coco/0361.jpg,not_smear,coco,test
data/guardrail/negatives/coco/0526.jpg,not_smear,coco,test
data/guardrail/negatives/coco/0136.jpg,not_smear,coco,test
data/guardrail/negatives/coco/0859.jpg,not_smear,coco,test
data/guardrail/negatives/coco/0375.jpg,not_smear,coco,test
data/guardrail/negatives/coco/0076.jpg,not_smear,coco,test
data/guardrail/negatives/coco/0179.jpg,not_smear,coco,test
data/guardrail/negatives/coco/0230.jpg,not_smear,coco,test
data/guardrail/negatives/coco/0536.jpg,not_smear,coco,test
data/guardrail/negatives/coco/0782.jpg,not_smear,coco,test
data/guardrail/negatives/coco/0690.jpg,not_smear,coco,test
data/guardrail/negatives/coco/0172.jpg,not_smear,coco,test
data/guardrail/negatives/coco/0459.jpg,not_smear,coco,test
data/guardrail/negatives/coco/0621.jpg,not_smear,coco,test
data/guardrail/negatives/coco/0043.jpg,not_smear,coco,test
data/guardrail/negatives/coco/0978.jpg,not_smear,coco,test
data/guardrail/negatives/coco/0700.jpg,not_smear,coco,test
data/guardrail/negatives/coco/0540.jpg,not_smear,coco,test
data/guardrail/negatives/coco/0843.jpg,not_smear,coco,test
data/guardrail/negatives/coco/0677.jpg,not_smear,coco,test
data/guardrail/negatives/coco/0756.jpg,not_smear,coco,test
data/guardrail/negatives/coco/0250.jpg,not_smear,coco,test
data/guardrail/negatives/coco/0353.jpg,not_smear,coco,test
data/guardrail/negatives/coco/0767.jpg,not_smear,coco,test
data/guardrail/negatives/coco/0547.jpg,not_smear,coco,test
data/guardrail/negatives/coco/0719.jpg,not_smear,coco,test
data/guardrail/negatives/coco/0435.jpg,not_smear,coco,test
data/guardrail/negatives/coco/0731.jpg,not_smear,coco,test
data/guardrail/negatives/coco/0007.jpg,not_smear,coco,test
data/guardrail/negatives/coco/0763.jpg,not_smear,coco,test
data/guardrail/negatives/coco/0851.jpg,not_smear,coco,test
data/guardrail/negatives/coco/0194.jpg,not_smear,coco,test
data/guardrail/negatives/coco/0631.jpg,not_smear,coco,test
data/guardrail/negatives/coco/0014.jpg,not_smear,coco,test
data/guardrail/negatives/coco/0415.jpg,not_smear,coco,test
data/guardrail/negatives/coco/0127.jpg,not_smear,coco,test
data/guardrail/negatives/coco/0714.jpg,not_smear,coco,test
data/guardrail/negatives/coco/0545.jpg,not_smear,coco,test
data/guardrail/negatives/coco/0909.jpg,not_smear,coco,test
data/guardrail/negatives/coco/0930.jpg,not_smear,coco,test
data/guardrail/negatives/coco/0701.jpg,not_smear,coco,test
data/guardrail/negatives/coco/0527.jpg,not_smear,coco,test
data/guardrail/negatives/coco/0509.jpg,not_smear,coco,test
data/guardrail/negatives/coco/0491.jpg,not_smear,coco,test
data/guardrail/negatives/coco/0139.jpg,not_smear,coco,test
data/guardrail/negatives/coco/0748.jpg,not_smear,coco,test
data/guardrail/negatives/coco/0520.jpg,not_smear,coco,test
data/guardrail/negatives/coco/0693.jpg,not_smear,coco,test
data/guardrail/negatives/coco/0434.jpg,not_smear,coco,test
data/guardrail/negatives/coco/0010.jpg,not_smear,coco,test
data/guardrail/negatives/coco/0895.jpg,not_smear,coco,test
data/guardrail/negatives/coco/0827.jpg,not_smear,coco,test
data/guardrail/negatives/coco/0504.jpg,not_smear,coco,test
data/guardrail/negatives/coco/0567.jpg,not_smear,coco,test
data/guardrail/negatives/coco/0292.jpg,not_smear,coco,test
data/guardrail/negatives/coco/0761.jpg,not_smear,coco,test
data/guardrail/negatives/coco/0086.jpg,not_smear,coco,test
data/guardrail/negatives/coco/0058.jpg,not_smear,coco,test
data/guardrail/negatives/coco/0589.jpg,not_smear,coco,test
data/guardrail/negatives/coco/0169.jpg,not_smear,coco,test
data/guardrail/negatives/coco/0095.jpg,not_smear,coco,test
data/guardrail/negatives/coco/0245.jpg,not_smear,coco,test
data/guardrail/negatives/coco/0747.jpg,not_smear,coco,test
data/guardrail/negatives/coco/0078.jpg,not_smear,coco,test
data/guardrail/negatives/coco/0081.jpg,not_smear,coco,test
data/guardrail/negatives/coco/0649.jpg,not_smear,coco,test
data/guardrail/negatives/coco/0092.jpg,not_smear,coco,test
data/guardrail/negatives/coco/0865.jpg,not_smear,coco,test
data/guardrail/negatives/coco/0320.jpg,not_smear,coco,test
data/guardrail/negatives/coco/0789.jpg,not_smear,coco,test
data/guardrail/negatives/coco/0416.jpg,not_smear,coco,test
data/guardrail/negatives/coco/0958.jpg,not_smear,coco,test
data/guardrail/negatives/coco/0089.jpg,not_smear,coco,test
data/guardrail/negatives/coco/0878.jpg,not_smear,coco,test
data/guardrail/negatives/coco/0650.jpg,not_smear,coco,test
data/guardrail/negatives/coco/0312.jpg,not_smear,coco,test
data/guardrail/negatives/coco/0234.jpg,not_smear,coco,test
data/guardrail/negatives/coco/0833.jpg,not_smear,coco,test
data/guardrail/negatives/coco/0945.jpg,not_smear,coco,test
data/guardrail/negatives/coco/0902.jpg,not_smear,coco,test
data/guardrail/negatives/coco/0735.jpg,not_smear,coco,test
data/guardrail/negatives/coco/0964.jpg,not_smear,coco,test
data/guardrail/negatives/coco/0533.jpg,not_smear,coco,test
data/guardrail/negatives/coco/0438.jpg,not_smear,coco,test
data/guardrail/negatives/coco/0282.jpg,not_smear,coco,test
data/guardrail/negatives/coco/0293.jpg,not_smear,coco,test
data/guardrail/negatives/coco/0514.jpg,not_smear,coco,test
data/guardrail/negatives/coco/0479.jpg,not_smear,coco,test
data/guardrail/negatives/coco/0817.jpg,not_smear,coco,test
data/guardrail/negatives/coco/0362.jpg,not_smear,coco,test
data/guardrail/negatives/coco/0449.jpg,not_smear,coco,test
data/guardrail/negatives/coco/0187.jpg,not_smear,coco,test
data/guardrail/negatives/coco/0468.jpg,not_smear,coco,test
data/guardrail/negatives/coco/0723.jpg,not_smear,coco,test
data/guardrail/negatives/coco/0428.jpg,not_smear,coco,test
data/guardrail/negatives/coco/0623.jpg,not_smear,coco,test
data/guardrail/negatives/coco/0694.jpg,not_smear,coco,test
data/guardrail/negatives/coco/0255.jpg,not_smear,coco,test
data/guardrail/negatives/coco/0796.jpg,not_smear,coco,test
data/guardrail/negatives/coco/0724.jpg,not_smear,coco,test
data/guardrail/negatives/coco/0379.jpg,not_smear,coco,test
data/guardrail/negatives/coco/0654.jpg,not_smear,coco,test
data/guardrail/negatives/coco/0742.jpg,not_smear,coco,test
data/guardrail/negatives/coco/0940.jpg,not_smear,coco,test
data/guardrail/negatives/coco/0054.jpg,not_smear,coco,test
data/guardrail/negatives/coco/0273.jpg,not_smear,coco,test
data/guardrail/negatives/coco/0753.jpg,not_smear,coco,test
data/guardrail/negatives/coco/0581.jpg,not_smear,coco,test
data/guardrail/negatives/coco/0387.jpg,not_smear,coco,test
data/guardrail/negatives/coco/0146.jpg,not_smear,coco,test
data/guardrail/negatives/coco/0129.jpg,not_smear,coco,test
data/guardrail/negatives/coco/0673.jpg,not_smear,coco,test
data/guardrail/negatives/coco/0159.jpg,not_smear,coco,test
data/guardrail/negatives/coco/0730.jpg,not_smear,coco,test
data/guardrail/negatives/coco/0525.jpg,not_smear,coco,test
data/guardrail/negatives/coco/0703.jpg,not_smear,coco,test
data/guardrail/negatives/coco/0009.jpg,not_smear,coco,test
data/guardrail/negatives/documents/0194.jpg,not_smear,documents,train
data/guardrail/negatives/documents/0028.jpg,not_smear,documents,train
data/guardrail/negatives/documents/0152.jpg,not_smear,documents,train
data/guardrail/negatives/documents/0171.jpg,not_smear,documents,train
data/guardrail/negatives/documents/0130.jpg,not_smear,documents,train
data/guardrail/negatives/documents/0182.jpg,not_smear,documents,train
data/guardrail/negatives/documents/0129.jpg,not_smear,documents,train
data/guardrail/negatives/documents/0098.jpg,not_smear,documents,train
data/guardrail/negatives/documents/0055.jpg,not_smear,documents,train
data/guardrail/negatives/documents/0170.jpg,not_smear,documents,train
data/guardrail/negatives/documents/0166.jpg,not_smear,documents,train
data/guardrail/negatives/documents/0155.jpg,not_smear,documents,train
data/guardrail/negatives/documents/0127.jpg,not_smear,documents,train
data/guardrail/negatives/documents/0030.jpg,not_smear,documents,train
data/guardrail/negatives/documents/0022.jpg,not_smear,documents,train
data/guardrail/negatives/documents/0061.jpg,not_smear,documents,train
data/guardrail/negatives/documents/0003.jpg,not_smear,documents,train
data/guardrail/negatives/documents/0091.jpg,not_smear,documents,train
data/guardrail/negatives/documents/0188.jpg,not_smear,documents,train
data/guardrail/negatives/documents/0114.jpg,not_smear,documents,train
data/guardrail/negatives/documents/0059.jpg,not_smear,documents,train
data/guardrail/negatives/documents/0032.jpg,not_smear,documents,train
data/guardrail/negatives/documents/0143.jpg,not_smear,documents,train
data/guardrail/negatives/documents/0126.jpg,not_smear,documents,train
data/guardrail/negatives/documents/0060.jpg,not_smear,documents,train
data/guardrail/negatives/documents/0140.jpg,not_smear,documents,train
data/guardrail/negatives/documents/0025.jpg,not_smear,documents,train
data/guardrail/negatives/documents/0177.jpg,not_smear,documents,train
data/guardrail/negatives/documents/0096.jpg,not_smear,documents,train
data/guardrail/negatives/documents/0149.jpg,not_smear,documents,train
data/guardrail/negatives/documents/0151.jpg,not_smear,documents,train
data/guardrail/negatives/documents/0062.jpg,not_smear,documents,train
data/guardrail/negatives/documents/0031.jpg,not_smear,documents,train
data/guardrail/negatives/documents/0176.jpg,not_smear,documents,train
data/guardrail/negatives/documents/0080.jpg,not_smear,documents,train
data/guardrail/negatives/documents/0077.jpg,not_smear,documents,train
data/guardrail/negatives/documents/0100.jpg,not_smear,documents,train
data/guardrail/negatives/documents/0075.jpg,not_smear,documents,train
data/guardrail/negatives/documents/0161.jpg,not_smear,documents,train
data/guardrail/negatives/documents/0006.jpg,not_smear,documents,train
data/guardrail/negatives/documents/0072.jpg,not_smear,documents,train
data/guardrail/negatives/documents/0192.jpg,not_smear,documents,train
data/guardrail/negatives/documents/0106.jpg,not_smear,documents,train
data/guardrail/negatives/documents/0049.jpg,not_smear,documents,train
data/guardrail/negatives/documents/0043.jpg,not_smear,documents,train
data/guardrail/negatives/documents/0113.jpg,not_smear,documents,train
data/guardrail/negatives/documents/0138.jpg,not_smear,documents,train
data/guardrail/negatives/documents/0160.jpg,not_smear,documents,train
data/guardrail/negatives/documents/0079.jpg,not_smear,documents,train
data/guardrail/negatives/documents/0056.jpg,not_smear,documents,train
data/guardrail/negatives/documents/0034.jpg,not_smear,documents,train
data/guardrail/negatives/documents/0010.jpg,not_smear,documents,train
data/guardrail/negatives/documents/0122.jpg,not_smear,documents,train
data/guardrail/negatives/documents/0035.jpg,not_smear,documents,train
data/guardrail/negatives/documents/0068.jpg,not_smear,documents,train
data/guardrail/negatives/documents/0142.jpg,not_smear,documents,train
data/guardrail/negatives/documents/0082.jpg,not_smear,documents,train
data/guardrail/negatives/documents/0183.jpg,not_smear,documents,train
data/guardrail/negatives/documents/0011.jpg,not_smear,documents,train
data/guardrail/negatives/documents/0007.jpg,not_smear,documents,train
data/guardrail/negatives/documents/0119.jpg,not_smear,documents,train
data/guardrail/negatives/documents/0083.jpg,not_smear,documents,train
data/guardrail/negatives/documents/0104.jpg,not_smear,documents,train
data/guardrail/negatives/documents/0146.jpg,not_smear,documents,train
data/guardrail/negatives/documents/0065.jpg,not_smear,documents,train
data/guardrail/negatives/documents/0157.jpg,not_smear,documents,train
data/guardrail/negatives/documents/0067.jpg,not_smear,documents,train
data/guardrail/negatives/documents/0193.jpg,not_smear,documents,train
data/guardrail/negatives/documents/0141.jpg,not_smear,documents,train
data/guardrail/negatives/documents/0135.jpg,not_smear,documents,train
data/guardrail/negatives/documents/0168.jpg,not_smear,documents,train
data/guardrail/negatives/documents/0158.jpg,not_smear,documents,train
data/guardrail/negatives/documents/0178.jpg,not_smear,documents,train
data/guardrail/negatives/documents/0038.jpg,not_smear,documents,train
data/guardrail/negatives/documents/0128.jpg,not_smear,documents,train
data/guardrail/negatives/documents/0046.jpg,not_smear,documents,train
data/guardrail/negatives/documents/0144.jpg,not_smear,documents,train
data/guardrail/negatives/documents/0131.jpg,not_smear,documents,train
data/guardrail/negatives/documents/0073.jpg,not_smear,documents,train
data/guardrail/negatives/documents/0088.jpg,not_smear,documents,train
data/guardrail/negatives/documents/0026.jpg,not_smear,documents,train
data/guardrail/negatives/documents/0044.jpg,not_smear,documents,train
data/guardrail/negatives/documents/0136.jpg,not_smear,documents,train
data/guardrail/negatives/documents/0048.jpg,not_smear,documents,train
data/guardrail/negatives/documents/0185.jpg,not_smear,documents,train
data/guardrail/negatives/documents/0156.jpg,not_smear,documents,train
data/guardrail/negatives/documents/0159.jpg,not_smear,documents,train
data/guardrail/negatives/documents/0053.jpg,not_smear,documents,train
data/guardrail/negatives/documents/0024.jpg,not_smear,documents,train
data/guardrail/negatives/documents/0197.jpg,not_smear,documents,train
data/guardrail/negatives/documents/0004.jpg,not_smear,documents,train
data/guardrail/negatives/documents/0012.jpg,not_smear,documents,train
data/guardrail/negatives/documents/0147.jpg,not_smear,documents,train
data/guardrail/negatives/documents/0181.jpg,not_smear,documents,train
data/guardrail/negatives/documents/0169.jpg,not_smear,documents,train
data/guardrail/negatives/documents/0173.jpg,not_smear,documents,train
data/guardrail/negatives/documents/0191.jpg,not_smear,documents,train
data/guardrail/negatives/documents/0057.jpg,not_smear,documents,train
data/guardrail/negatives/documents/0000.jpg,not_smear,documents,train
data/guardrail/negatives/documents/0125.jpg,not_smear,documents,train
data/guardrail/negatives/documents/0172.jpg,not_smear,documents,train
data/guardrail/negatives/documents/0033.jpg,not_smear,documents,train
data/guardrail/negatives/documents/0052.jpg,not_smear,documents,train
data/guardrail/negatives/documents/0086.jpg,not_smear,documents,train
data/guardrail/negatives/documents/0196.jpg,not_smear,documents,train
data/guardrail/negatives/documents/0014.jpg,not_smear,documents,train
data/guardrail/negatives/documents/0112.jpg,not_smear,documents,train
data/guardrail/negatives/documents/0063.jpg,not_smear,documents,train
data/guardrail/negatives/documents/0133.jpg,not_smear,documents,train
data/guardrail/negatives/documents/0058.jpg,not_smear,documents,train
data/guardrail/negatives/documents/0019.jpg,not_smear,documents,train
data/guardrail/negatives/documents/0001.jpg,not_smear,documents,train
data/guardrail/negatives/documents/0040.jpg,not_smear,documents,train
data/guardrail/negatives/documents/0117.jpg,not_smear,documents,train
data/guardrail/negatives/documents/0094.jpg,not_smear,documents,train
data/guardrail/negatives/documents/0118.jpg,not_smear,documents,train
data/guardrail/negatives/documents/0095.jpg,not_smear,documents,train
data/guardrail/negatives/documents/0093.jpg,not_smear,documents,train
data/guardrail/negatives/documents/0105.jpg,not_smear,documents,train
data/guardrail/negatives/documents/0198.jpg,not_smear,documents,train
data/guardrail/negatives/documents/0132.jpg,not_smear,documents,train
data/guardrail/negatives/documents/0018.jpg,not_smear,documents,train
data/guardrail/negatives/documents/0078.jpg,not_smear,documents,train
data/guardrail/negatives/documents/0074.jpg,not_smear,documents,train
data/guardrail/negatives/documents/0085.jpg,not_smear,documents,train
data/guardrail/negatives/documents/0167.jpg,not_smear,documents,train
data/guardrail/negatives/documents/0180.jpg,not_smear,documents,train
data/guardrail/negatives/documents/0137.jpg,not_smear,documents,train
data/guardrail/negatives/documents/0002.jpg,not_smear,documents,train
data/guardrail/negatives/documents/0099.jpg,not_smear,documents,train
data/guardrail/negatives/documents/0090.jpg,not_smear,documents,train
data/guardrail/negatives/documents/0111.jpg,not_smear,documents,train
data/guardrail/negatives/documents/0041.jpg,not_smear,documents,train
data/guardrail/negatives/documents/0165.jpg,not_smear,documents,train
data/guardrail/negatives/documents/0123.jpg,not_smear,documents,train
data/guardrail/negatives/documents/0148.jpg,not_smear,documents,train
data/guardrail/negatives/documents/0089.jpg,not_smear,documents,train
data/guardrail/negatives/documents/0050.jpg,not_smear,documents,train
data/guardrail/negatives/documents/0042.jpg,not_smear,documents,train
data/guardrail/negatives/documents/0150.jpg,not_smear,documents,val
data/guardrail/negatives/documents/0189.jpg,not_smear,documents,val
data/guardrail/negatives/documents/0109.jpg,not_smear,documents,val
data/guardrail/negatives/documents/0023.jpg,not_smear,documents,val
data/guardrail/negatives/documents/0175.jpg,not_smear,documents,val
data/guardrail/negatives/documents/0047.jpg,not_smear,documents,val
data/guardrail/negatives/documents/0066.jpg,not_smear,documents,val
data/guardrail/negatives/documents/0162.jpg,not_smear,documents,val
data/guardrail/negatives/documents/0134.jpg,not_smear,documents,val
data/guardrail/negatives/documents/0107.jpg,not_smear,documents,val
data/guardrail/negatives/documents/0115.jpg,not_smear,documents,val
data/guardrail/negatives/documents/0076.jpg,not_smear,documents,val
data/guardrail/negatives/documents/0020.jpg,not_smear,documents,val
data/guardrail/negatives/documents/0103.jpg,not_smear,documents,val
data/guardrail/negatives/documents/0070.jpg,not_smear,documents,val
data/guardrail/negatives/documents/0017.jpg,not_smear,documents,val
data/guardrail/negatives/documents/0036.jpg,not_smear,documents,val
data/guardrail/negatives/documents/0021.jpg,not_smear,documents,val
data/guardrail/negatives/documents/0045.jpg,not_smear,documents,val
data/guardrail/negatives/documents/0064.jpg,not_smear,documents,val
data/guardrail/negatives/documents/0069.jpg,not_smear,documents,val
data/guardrail/negatives/documents/0108.jpg,not_smear,documents,val
data/guardrail/negatives/documents/0005.jpg,not_smear,documents,val
data/guardrail/negatives/documents/0164.jpg,not_smear,documents,val
data/guardrail/negatives/documents/0013.jpg,not_smear,documents,val
data/guardrail/negatives/documents/0174.jpg,not_smear,documents,val
data/guardrail/negatives/documents/0184.jpg,not_smear,documents,val
data/guardrail/negatives/documents/0195.jpg,not_smear,documents,val
data/guardrail/negatives/documents/0092.jpg,not_smear,documents,val
data/guardrail/negatives/documents/0015.jpg,not_smear,documents,val
data/guardrail/negatives/documents/0097.jpg,not_smear,documents,test
data/guardrail/negatives/documents/0153.jpg,not_smear,documents,test
data/guardrail/negatives/documents/0008.jpg,not_smear,documents,test
data/guardrail/negatives/documents/0145.jpg,not_smear,documents,test
data/guardrail/negatives/documents/0190.jpg,not_smear,documents,test
data/guardrail/negatives/documents/0186.jpg,not_smear,documents,test
data/guardrail/negatives/documents/0163.jpg,not_smear,documents,test
data/guardrail/negatives/documents/0037.jpg,not_smear,documents,test
data/guardrail/negatives/documents/0120.jpg,not_smear,documents,test
data/guardrail/negatives/documents/0039.jpg,not_smear,documents,test
data/guardrail/negatives/documents/0139.jpg,not_smear,documents,test
data/guardrail/negatives/documents/0009.jpg,not_smear,documents,test
data/guardrail/negatives/documents/0116.jpg,not_smear,documents,test
data/guardrail/negatives/documents/0071.jpg,not_smear,documents,test
data/guardrail/negatives/documents/0029.jpg,not_smear,documents,test
data/guardrail/negatives/documents/0121.jpg,not_smear,documents,test
data/guardrail/negatives/documents/0179.jpg,not_smear,documents,test
data/guardrail/negatives/documents/0054.jpg,not_smear,documents,test
data/guardrail/negatives/documents/0124.jpg,not_smear,documents,test
data/guardrail/negatives/documents/0154.jpg,not_smear,documents,test
data/guardrail/negatives/documents/0087.jpg,not_smear,documents,test
data/guardrail/negatives/documents/0081.jpg,not_smear,documents,test
data/guardrail/negatives/documents/0016.jpg,not_smear,documents,test
data/guardrail/negatives/documents/0084.jpg,not_smear,documents,test
data/guardrail/negatives/documents/0102.jpg,not_smear,documents,test
data/guardrail/negatives/documents/0051.jpg,not_smear,documents,test
data/guardrail/negatives/documents/0110.jpg,not_smear,documents,test
data/guardrail/negatives/documents/0101.jpg,not_smear,documents,test
data/guardrail/negatives/documents/0027.jpg,not_smear,documents,test
data/guardrail/negatives/documents/0187.jpg,not_smear,documents,test
data/guardrail/negatives/dtd/0346.jpg,not_smear,dtd,train
data/guardrail/negatives/dtd/0189.jpg,not_smear,dtd,train
data/guardrail/negatives/dtd/0427.jpg,not_smear,dtd,train
data/guardrail/negatives/dtd/0240.jpg,not_smear,dtd,train
data/guardrail/negatives/dtd/0358.jpg,not_smear,dtd,train
data/guardrail/negatives/dtd/0164.jpg,not_smear,dtd,train
data/guardrail/negatives/dtd/0406.jpg,not_smear,dtd,train
data/guardrail/negatives/dtd/0332.jpg,not_smear,dtd,train
data/guardrail/negatives/dtd/0085.jpg,not_smear,dtd,train
data/guardrail/negatives/dtd/0351.jpg,not_smear,dtd,train
data/guardrail/negatives/dtd/0205.jpg,not_smear,dtd,train
data/guardrail/negatives/dtd/0447.jpg,not_smear,dtd,train
data/guardrail/negatives/dtd/0238.jpg,not_smear,dtd,train
data/guardrail/negatives/dtd/0286.jpg,not_smear,dtd,train
data/guardrail/negatives/dtd/0023.jpg,not_smear,dtd,train
data/guardrail/negatives/dtd/0374.jpg,not_smear,dtd,train
data/guardrail/negatives/dtd/0036.jpg,not_smear,dtd,train
data/guardrail/negatives/dtd/0391.jpg,not_smear,dtd,train
data/guardrail/negatives/dtd/0027.jpg,not_smear,dtd,train
data/guardrail/negatives/dtd/0414.jpg,not_smear,dtd,train
data/guardrail/negatives/dtd/0131.jpg,not_smear,dtd,train
data/guardrail/negatives/dtd/0241.jpg,not_smear,dtd,train
data/guardrail/negatives/dtd/0025.jpg,not_smear,dtd,train
data/guardrail/negatives/dtd/0198.jpg,not_smear,dtd,train
data/guardrail/negatives/dtd/0361.jpg,not_smear,dtd,train
data/guardrail/negatives/dtd/0330.jpg,not_smear,dtd,train
data/guardrail/negatives/dtd/0442.jpg,not_smear,dtd,train
data/guardrail/negatives/dtd/0093.jpg,not_smear,dtd,train
data/guardrail/negatives/dtd/0270.jpg,not_smear,dtd,train
data/guardrail/negatives/dtd/0435.jpg,not_smear,dtd,train
data/guardrail/negatives/dtd/0369.jpg,not_smear,dtd,train
data/guardrail/negatives/dtd/0357.jpg,not_smear,dtd,train
data/guardrail/negatives/dtd/0032.jpg,not_smear,dtd,train
data/guardrail/negatives/dtd/0089.jpg,not_smear,dtd,train
data/guardrail/negatives/dtd/0345.jpg,not_smear,dtd,train
data/guardrail/negatives/dtd/0203.jpg,not_smear,dtd,train
data/guardrail/negatives/dtd/0259.jpg,not_smear,dtd,train
data/guardrail/negatives/dtd/0225.jpg,not_smear,dtd,train
data/guardrail/negatives/dtd/0276.jpg,not_smear,dtd,train
data/guardrail/negatives/dtd/0436.jpg,not_smear,dtd,train
data/guardrail/negatives/dtd/0226.jpg,not_smear,dtd,train
data/guardrail/negatives/dtd/0413.jpg,not_smear,dtd,train
data/guardrail/negatives/dtd/0257.jpg,not_smear,dtd,train
data/guardrail/negatives/dtd/0412.jpg,not_smear,dtd,train
data/guardrail/negatives/dtd/0179.jpg,not_smear,dtd,train
data/guardrail/negatives/dtd/0365.jpg,not_smear,dtd,train
data/guardrail/negatives/dtd/0166.jpg,not_smear,dtd,train
data/guardrail/negatives/dtd/0340.jpg,not_smear,dtd,train
data/guardrail/negatives/dtd/0188.jpg,not_smear,dtd,train
data/guardrail/negatives/dtd/0044.jpg,not_smear,dtd,train
data/guardrail/negatives/dtd/0293.jpg,not_smear,dtd,train
data/guardrail/negatives/dtd/0129.jpg,not_smear,dtd,train
data/guardrail/negatives/dtd/0281.jpg,not_smear,dtd,train
data/guardrail/negatives/dtd/0097.jpg,not_smear,dtd,train
data/guardrail/negatives/dtd/0352.jpg,not_smear,dtd,train
data/guardrail/negatives/dtd/0053.jpg,not_smear,dtd,train
data/guardrail/negatives/dtd/0187.jpg,not_smear,dtd,train
data/guardrail/negatives/dtd/0022.jpg,not_smear,dtd,train
data/guardrail/negatives/dtd/0094.jpg,not_smear,dtd,train
data/guardrail/negatives/dtd/0045.jpg,not_smear,dtd,train
data/guardrail/negatives/dtd/0138.jpg,not_smear,dtd,train
data/guardrail/negatives/dtd/0049.jpg,not_smear,dtd,train
data/guardrail/negatives/dtd/0378.jpg,not_smear,dtd,train
data/guardrail/negatives/dtd/0149.jpg,not_smear,dtd,train
data/guardrail/negatives/dtd/0401.jpg,not_smear,dtd,train
data/guardrail/negatives/dtd/0069.jpg,not_smear,dtd,train
data/guardrail/negatives/dtd/0222.jpg,not_smear,dtd,train
data/guardrail/negatives/dtd/0035.jpg,not_smear,dtd,train
data/guardrail/negatives/dtd/0218.jpg,not_smear,dtd,train
data/guardrail/negatives/dtd/0061.jpg,not_smear,dtd,train
data/guardrail/negatives/dtd/0288.jpg,not_smear,dtd,train
data/guardrail/negatives/dtd/0067.jpg,not_smear,dtd,train
data/guardrail/negatives/dtd/0371.jpg,not_smear,dtd,train
data/guardrail/negatives/dtd/0132.jpg,not_smear,dtd,train
data/guardrail/negatives/dtd/0057.jpg,not_smear,dtd,train
data/guardrail/negatives/dtd/0348.jpg,not_smear,dtd,train
data/guardrail/negatives/dtd/0124.jpg,not_smear,dtd,train
data/guardrail/negatives/dtd/0217.jpg,not_smear,dtd,train
data/guardrail/negatives/dtd/0375.jpg,not_smear,dtd,train
data/guardrail/negatives/dtd/0196.jpg,not_smear,dtd,train
data/guardrail/negatives/dtd/0121.jpg,not_smear,dtd,train
data/guardrail/negatives/dtd/0291.jpg,not_smear,dtd,train
data/guardrail/negatives/dtd/0074.jpg,not_smear,dtd,train
data/guardrail/negatives/dtd/0376.jpg,not_smear,dtd,train
data/guardrail/negatives/dtd/0236.jpg,not_smear,dtd,train
data/guardrail/negatives/dtd/0034.jpg,not_smear,dtd,train
data/guardrail/negatives/dtd/0048.jpg,not_smear,dtd,train
data/guardrail/negatives/dtd/0294.jpg,not_smear,dtd,train
data/guardrail/negatives/dtd/0242.jpg,not_smear,dtd,train
data/guardrail/negatives/dtd/0213.jpg,not_smear,dtd,train
data/guardrail/negatives/dtd/0148.jpg,not_smear,dtd,train
data/guardrail/negatives/dtd/0038.jpg,not_smear,dtd,train
data/guardrail/negatives/dtd/0096.jpg,not_smear,dtd,train
data/guardrail/negatives/dtd/0431.jpg,not_smear,dtd,train
data/guardrail/negatives/dtd/0449.jpg,not_smear,dtd,train
data/guardrail/negatives/dtd/0237.jpg,not_smear,dtd,train
data/guardrail/negatives/dtd/0114.jpg,not_smear,dtd,train
data/guardrail/negatives/dtd/0359.jpg,not_smear,dtd,train
data/guardrail/negatives/dtd/0000.jpg,not_smear,dtd,train
data/guardrail/negatives/dtd/0068.jpg,not_smear,dtd,train
data/guardrail/negatives/dtd/0266.jpg,not_smear,dtd,train
data/guardrail/negatives/dtd/0141.jpg,not_smear,dtd,train
data/guardrail/negatives/dtd/0282.jpg,not_smear,dtd,train
data/guardrail/negatives/dtd/0170.jpg,not_smear,dtd,train
data/guardrail/negatives/dtd/0021.jpg,not_smear,dtd,train
data/guardrail/negatives/dtd/0181.jpg,not_smear,dtd,train
data/guardrail/negatives/dtd/0190.jpg,not_smear,dtd,train
data/guardrail/negatives/dtd/0317.jpg,not_smear,dtd,train
data/guardrail/negatives/dtd/0182.jpg,not_smear,dtd,train
data/guardrail/negatives/dtd/0041.jpg,not_smear,dtd,train
data/guardrail/negatives/dtd/0117.jpg,not_smear,dtd,train
data/guardrail/negatives/dtd/0142.jpg,not_smear,dtd,train
data/guardrail/negatives/dtd/0256.jpg,not_smear,dtd,train
data/guardrail/negatives/dtd/0273.jpg,not_smear,dtd,train
data/guardrail/negatives/dtd/0006.jpg,not_smear,dtd,train
data/guardrail/negatives/dtd/0028.jpg,not_smear,dtd,train
data/guardrail/negatives/dtd/0003.jpg,not_smear,dtd,train
data/guardrail/negatives/dtd/0385.jpg,not_smear,dtd,train
data/guardrail/negatives/dtd/0079.jpg,not_smear,dtd,train
data/guardrail/negatives/dtd/0425.jpg,not_smear,dtd,train
data/guardrail/negatives/dtd/0215.jpg,not_smear,dtd,train
data/guardrail/negatives/dtd/0289.jpg,not_smear,dtd,train
data/guardrail/negatives/dtd/0184.jpg,not_smear,dtd,train
data/guardrail/negatives/dtd/0424.jpg,not_smear,dtd,train
data/guardrail/negatives/dtd/0233.jpg,not_smear,dtd,train
data/guardrail/negatives/dtd/0108.jpg,not_smear,dtd,train
data/guardrail/negatives/dtd/0063.jpg,not_smear,dtd,train
data/guardrail/negatives/dtd/0116.jpg,not_smear,dtd,train
data/guardrail/negatives/dtd/0076.jpg,not_smear,dtd,train
data/guardrail/negatives/dtd/0100.jpg,not_smear,dtd,train
data/guardrail/negatives/dtd/0173.jpg,not_smear,dtd,train
data/guardrail/negatives/dtd/0172.jpg,not_smear,dtd,train
data/guardrail/negatives/dtd/0210.jpg,not_smear,dtd,train
data/guardrail/negatives/dtd/0020.jpg,not_smear,dtd,train
data/guardrail/negatives/dtd/0280.jpg,not_smear,dtd,train
data/guardrail/negatives/dtd/0269.jpg,not_smear,dtd,train
data/guardrail/negatives/dtd/0408.jpg,not_smear,dtd,train
data/guardrail/negatives/dtd/0169.jpg,not_smear,dtd,train
data/guardrail/negatives/dtd/0077.jpg,not_smear,dtd,train
data/guardrail/negatives/dtd/0333.jpg,not_smear,dtd,train
data/guardrail/negatives/dtd/0024.jpg,not_smear,dtd,train
data/guardrail/negatives/dtd/0120.jpg,not_smear,dtd,train
data/guardrail/negatives/dtd/0017.jpg,not_smear,dtd,train
data/guardrail/negatives/dtd/0364.jpg,not_smear,dtd,train
data/guardrail/negatives/dtd/0086.jpg,not_smear,dtd,train
data/guardrail/negatives/dtd/0010.jpg,not_smear,dtd,train
data/guardrail/negatives/dtd/0319.jpg,not_smear,dtd,train
data/guardrail/negatives/dtd/0136.jpg,not_smear,dtd,train
data/guardrail/negatives/dtd/0009.jpg,not_smear,dtd,train
data/guardrail/negatives/dtd/0103.jpg,not_smear,dtd,train
data/guardrail/negatives/dtd/0033.jpg,not_smear,dtd,train
data/guardrail/negatives/dtd/0156.jpg,not_smear,dtd,train
data/guardrail/negatives/dtd/0403.jpg,not_smear,dtd,train
data/guardrail/negatives/dtd/0001.jpg,not_smear,dtd,train
data/guardrail/negatives/dtd/0158.jpg,not_smear,dtd,train
data/guardrail/negatives/dtd/0004.jpg,not_smear,dtd,train
data/guardrail/negatives/dtd/0194.jpg,not_smear,dtd,train
data/guardrail/negatives/dtd/0420.jpg,not_smear,dtd,train
data/guardrail/negatives/dtd/0147.jpg,not_smear,dtd,train
data/guardrail/negatives/dtd/0312.jpg,not_smear,dtd,train
data/guardrail/negatives/dtd/0373.jpg,not_smear,dtd,train
data/guardrail/negatives/dtd/0151.jpg,not_smear,dtd,train
data/guardrail/negatives/dtd/0083.jpg,not_smear,dtd,train
data/guardrail/negatives/dtd/0153.jpg,not_smear,dtd,train
data/guardrail/negatives/dtd/0043.jpg,not_smear,dtd,train
data/guardrail/negatives/dtd/0243.jpg,not_smear,dtd,train
data/guardrail/negatives/dtd/0245.jpg,not_smear,dtd,train
data/guardrail/negatives/dtd/0030.jpg,not_smear,dtd,train
data/guardrail/negatives/dtd/0180.jpg,not_smear,dtd,train
data/guardrail/negatives/dtd/0287.jpg,not_smear,dtd,train
data/guardrail/negatives/dtd/0297.jpg,not_smear,dtd,train
data/guardrail/negatives/dtd/0127.jpg,not_smear,dtd,train
data/guardrail/negatives/dtd/0126.jpg,not_smear,dtd,train
data/guardrail/negatives/dtd/0416.jpg,not_smear,dtd,train
data/guardrail/negatives/dtd/0309.jpg,not_smear,dtd,train
data/guardrail/negatives/dtd/0402.jpg,not_smear,dtd,train
data/guardrail/negatives/dtd/0308.jpg,not_smear,dtd,train
data/guardrail/negatives/dtd/0370.jpg,not_smear,dtd,train
data/guardrail/negatives/dtd/0313.jpg,not_smear,dtd,train
data/guardrail/negatives/dtd/0174.jpg,not_smear,dtd,train
data/guardrail/negatives/dtd/0368.jpg,not_smear,dtd,train
data/guardrail/negatives/dtd/0231.jpg,not_smear,dtd,train
data/guardrail/negatives/dtd/0146.jpg,not_smear,dtd,train
data/guardrail/negatives/dtd/0019.jpg,not_smear,dtd,train
data/guardrail/negatives/dtd/0428.jpg,not_smear,dtd,train
data/guardrail/negatives/dtd/0254.jpg,not_smear,dtd,train
data/guardrail/negatives/dtd/0272.jpg,not_smear,dtd,train
data/guardrail/negatives/dtd/0071.jpg,not_smear,dtd,train
data/guardrail/negatives/dtd/0197.jpg,not_smear,dtd,train
data/guardrail/negatives/dtd/0355.jpg,not_smear,dtd,train
data/guardrail/negatives/dtd/0399.jpg,not_smear,dtd,train
data/guardrail/negatives/dtd/0339.jpg,not_smear,dtd,train
data/guardrail/negatives/dtd/0260.jpg,not_smear,dtd,train
data/guardrail/negatives/dtd/0234.jpg,not_smear,dtd,train
data/guardrail/negatives/dtd/0341.jpg,not_smear,dtd,train
data/guardrail/negatives/dtd/0275.jpg,not_smear,dtd,train
data/guardrail/negatives/dtd/0244.jpg,not_smear,dtd,train
data/guardrail/negatives/dtd/0381.jpg,not_smear,dtd,train
data/guardrail/negatives/dtd/0059.jpg,not_smear,dtd,train
data/guardrail/negatives/dtd/0298.jpg,not_smear,dtd,train
data/guardrail/negatives/dtd/0250.jpg,not_smear,dtd,train
data/guardrail/negatives/dtd/0119.jpg,not_smear,dtd,train
data/guardrail/negatives/dtd/0342.jpg,not_smear,dtd,train
data/guardrail/negatives/dtd/0263.jpg,not_smear,dtd,train
data/guardrail/negatives/dtd/0367.jpg,not_smear,dtd,train
data/guardrail/negatives/dtd/0208.jpg,not_smear,dtd,train
data/guardrail/negatives/dtd/0176.jpg,not_smear,dtd,train
data/guardrail/negatives/dtd/0304.jpg,not_smear,dtd,train
data/guardrail/negatives/dtd/0445.jpg,not_smear,dtd,train
data/guardrail/negatives/dtd/0031.jpg,not_smear,dtd,train
data/guardrail/negatives/dtd/0080.jpg,not_smear,dtd,train
data/guardrail/negatives/dtd/0411.jpg,not_smear,dtd,train
data/guardrail/negatives/dtd/0327.jpg,not_smear,dtd,train
data/guardrail/negatives/dtd/0322.jpg,not_smear,dtd,train
data/guardrail/negatives/dtd/0248.jpg,not_smear,dtd,train
data/guardrail/negatives/dtd/0168.jpg,not_smear,dtd,train
data/guardrail/negatives/dtd/0255.jpg,not_smear,dtd,train
data/guardrail/negatives/dtd/0018.jpg,not_smear,dtd,train
data/guardrail/negatives/dtd/0301.jpg,not_smear,dtd,train
data/guardrail/negatives/dtd/0314.jpg,not_smear,dtd,train
data/guardrail/negatives/dtd/0306.jpg,not_smear,dtd,train
data/guardrail/negatives/dtd/0202.jpg,not_smear,dtd,train
data/guardrail/negatives/dtd/0252.jpg,not_smear,dtd,train
data/guardrail/negatives/dtd/0318.jpg,not_smear,dtd,train
data/guardrail/negatives/dtd/0207.jpg,not_smear,dtd,train
data/guardrail/negatives/dtd/0046.jpg,not_smear,dtd,train
data/guardrail/negatives/dtd/0029.jpg,not_smear,dtd,train
data/guardrail/negatives/dtd/0440.jpg,not_smear,dtd,train
data/guardrail/negatives/dtd/0268.jpg,not_smear,dtd,train
data/guardrail/negatives/dtd/0261.jpg,not_smear,dtd,train
data/guardrail/negatives/dtd/0135.jpg,not_smear,dtd,train
data/guardrail/negatives/dtd/0389.jpg,not_smear,dtd,train
data/guardrail/negatives/dtd/0224.jpg,not_smear,dtd,train
data/guardrail/negatives/dtd/0328.jpg,not_smear,dtd,train
data/guardrail/negatives/dtd/0154.jpg,not_smear,dtd,train
data/guardrail/negatives/dtd/0075.jpg,not_smear,dtd,train
data/guardrail/negatives/dtd/0388.jpg,not_smear,dtd,train
data/guardrail/negatives/dtd/0277.jpg,not_smear,dtd,train
data/guardrail/negatives/dtd/0423.jpg,not_smear,dtd,train
data/guardrail/negatives/dtd/0302.jpg,not_smear,dtd,train
data/guardrail/negatives/dtd/0008.jpg,not_smear,dtd,train
data/guardrail/negatives/dtd/0227.jpg,not_smear,dtd,train
data/guardrail/negatives/dtd/0285.jpg,not_smear,dtd,train
data/guardrail/negatives/dtd/0115.jpg,not_smear,dtd,train
data/guardrail/negatives/dtd/0311.jpg,not_smear,dtd,train
data/guardrail/negatives/dtd/0209.jpg,not_smear,dtd,train
data/guardrail/negatives/dtd/0161.jpg,not_smear,dtd,train
data/guardrail/negatives/dtd/0229.jpg,not_smear,dtd,train
data/guardrail/negatives/dtd/0366.jpg,not_smear,dtd,train
data/guardrail/negatives/dtd/0090.jpg,not_smear,dtd,train
data/guardrail/negatives/dtd/0145.jpg,not_smear,dtd,train
data/guardrail/negatives/dtd/0331.jpg,not_smear,dtd,train
data/guardrail/negatives/dtd/0109.jpg,not_smear,dtd,train
data/guardrail/negatives/dtd/0271.jpg,not_smear,dtd,train
data/guardrail/negatives/dtd/0155.jpg,not_smear,dtd,train
data/guardrail/negatives/dtd/0055.jpg,not_smear,dtd,train
data/guardrail/negatives/dtd/0163.jpg,not_smear,dtd,train
data/guardrail/negatives/dtd/0139.jpg,not_smear,dtd,train
data/guardrail/negatives/dtd/0216.jpg,not_smear,dtd,train
data/guardrail/negatives/dtd/0228.jpg,not_smear,dtd,train
data/guardrail/negatives/dtd/0221.jpg,not_smear,dtd,train
data/guardrail/negatives/dtd/0349.jpg,not_smear,dtd,train
data/guardrail/negatives/dtd/0105.jpg,not_smear,dtd,train
data/guardrail/negatives/dtd/0084.jpg,not_smear,dtd,train
data/guardrail/negatives/dtd/0159.jpg,not_smear,dtd,train
data/guardrail/negatives/dtd/0347.jpg,not_smear,dtd,train
data/guardrail/negatives/dtd/0434.jpg,not_smear,dtd,train
data/guardrail/negatives/dtd/0143.jpg,not_smear,dtd,train
data/guardrail/negatives/dtd/0101.jpg,not_smear,dtd,train
data/guardrail/negatives/dtd/0409.jpg,not_smear,dtd,train
data/guardrail/negatives/dtd/0128.jpg,not_smear,dtd,train
data/guardrail/negatives/dtd/0300.jpg,not_smear,dtd,train
data/guardrail/negatives/dtd/0204.jpg,not_smear,dtd,train
data/guardrail/negatives/dtd/0396.jpg,not_smear,dtd,train
data/guardrail/negatives/dtd/0384.jpg,not_smear,dtd,train
data/guardrail/negatives/dtd/0335.jpg,not_smear,dtd,train
data/guardrail/negatives/dtd/0239.jpg,not_smear,dtd,train
data/guardrail/negatives/dtd/0150.jpg,not_smear,dtd,train
data/guardrail/negatives/dtd/0178.jpg,not_smear,dtd,train
data/guardrail/negatives/dtd/0356.jpg,not_smear,dtd,train
data/guardrail/negatives/dtd/0102.jpg,not_smear,dtd,train
data/guardrail/negatives/dtd/0246.jpg,not_smear,dtd,train
data/guardrail/negatives/dtd/0354.jpg,not_smear,dtd,train
data/guardrail/negatives/dtd/0137.jpg,not_smear,dtd,train
data/guardrail/negatives/dtd/0400.jpg,not_smear,dtd,train
data/guardrail/negatives/dtd/0353.jpg,not_smear,dtd,train
data/guardrail/negatives/dtd/0112.jpg,not_smear,dtd,train
data/guardrail/negatives/dtd/0070.jpg,not_smear,dtd,train
data/guardrail/negatives/dtd/0167.jpg,not_smear,dtd,train
data/guardrail/negatives/dtd/0299.jpg,not_smear,dtd,train
data/guardrail/negatives/dtd/0111.jpg,not_smear,dtd,train
data/guardrail/negatives/dtd/0058.jpg,not_smear,dtd,train
data/guardrail/negatives/dtd/0186.jpg,not_smear,dtd,train
data/guardrail/negatives/dtd/0110.jpg,not_smear,dtd,train
data/guardrail/negatives/dtd/0380.jpg,not_smear,dtd,train
data/guardrail/negatives/dtd/0262.jpg,not_smear,dtd,train
data/guardrail/negatives/dtd/0433.jpg,not_smear,dtd,train
data/guardrail/negatives/dtd/0432.jpg,not_smear,dtd,train
data/guardrail/negatives/dtd/0360.jpg,not_smear,dtd,train
data/guardrail/negatives/dtd/0015.jpg,not_smear,dtd,train
data/guardrail/negatives/dtd/0421.jpg,not_smear,dtd,train
data/guardrail/negatives/dtd/0343.jpg,not_smear,dtd,train
data/guardrail/negatives/dtd/0130.jpg,not_smear,dtd,train
data/guardrail/negatives/dtd/0267.jpg,not_smear,dtd,train
data/guardrail/negatives/dtd/0394.jpg,not_smear,dtd,train
data/guardrail/negatives/dtd/0443.jpg,not_smear,dtd,train
data/guardrail/negatives/dtd/0279.jpg,not_smear,dtd,train
data/guardrail/negatives/dtd/0247.jpg,not_smear,dtd,train
data/guardrail/negatives/dtd/0177.jpg,not_smear,dtd,train
data/guardrail/negatives/dtd/0175.jpg,not_smear,dtd,train
data/guardrail/negatives/dtd/0398.jpg,not_smear,dtd,train
data/guardrail/negatives/dtd/0441.jpg,not_smear,dtd,train
data/guardrail/negatives/dtd/0310.jpg,not_smear,dtd,train
data/guardrail/negatives/dtd/0290.jpg,not_smear,dtd,train
data/guardrail/negatives/dtd/0091.jpg,not_smear,dtd,train
data/guardrail/negatives/dtd/0383.jpg,not_smear,dtd,val
data/guardrail/negatives/dtd/0377.jpg,not_smear,dtd,val
data/guardrail/negatives/dtd/0338.jpg,not_smear,dtd,val
data/guardrail/negatives/dtd/0082.jpg,not_smear,dtd,val
data/guardrail/negatives/dtd/0230.jpg,not_smear,dtd,val
data/guardrail/negatives/dtd/0160.jpg,not_smear,dtd,val
data/guardrail/negatives/dtd/0192.jpg,not_smear,dtd,val
data/guardrail/negatives/dtd/0214.jpg,not_smear,dtd,val
data/guardrail/negatives/dtd/0107.jpg,not_smear,dtd,val
data/guardrail/negatives/dtd/0336.jpg,not_smear,dtd,val
data/guardrail/negatives/dtd/0320.jpg,not_smear,dtd,val
data/guardrail/negatives/dtd/0249.jpg,not_smear,dtd,val
data/guardrail/negatives/dtd/0037.jpg,not_smear,dtd,val
data/guardrail/negatives/dtd/0211.jpg,not_smear,dtd,val
data/guardrail/negatives/dtd/0350.jpg,not_smear,dtd,val
data/guardrail/negatives/dtd/0251.jpg,not_smear,dtd,val
data/guardrail/negatives/dtd/0051.jpg,not_smear,dtd,val
data/guardrail/negatives/dtd/0395.jpg,not_smear,dtd,val
data/guardrail/negatives/dtd/0106.jpg,not_smear,dtd,val
data/guardrail/negatives/dtd/0185.jpg,not_smear,dtd,val
data/guardrail/negatives/dtd/0253.jpg,not_smear,dtd,val
data/guardrail/negatives/dtd/0039.jpg,not_smear,dtd,val
data/guardrail/negatives/dtd/0386.jpg,not_smear,dtd,val
data/guardrail/negatives/dtd/0092.jpg,not_smear,dtd,val
data/guardrail/negatives/dtd/0134.jpg,not_smear,dtd,val
data/guardrail/negatives/dtd/0144.jpg,not_smear,dtd,val
data/guardrail/negatives/dtd/0072.jpg,not_smear,dtd,val
data/guardrail/negatives/dtd/0054.jpg,not_smear,dtd,val
data/guardrail/negatives/dtd/0062.jpg,not_smear,dtd,val
data/guardrail/negatives/dtd/0305.jpg,not_smear,dtd,val
data/guardrail/negatives/dtd/0235.jpg,not_smear,dtd,val
data/guardrail/negatives/dtd/0056.jpg,not_smear,dtd,val
data/guardrail/negatives/dtd/0052.jpg,not_smear,dtd,val
data/guardrail/negatives/dtd/0296.jpg,not_smear,dtd,val
data/guardrail/negatives/dtd/0326.jpg,not_smear,dtd,val
data/guardrail/negatives/dtd/0011.jpg,not_smear,dtd,val
data/guardrail/negatives/dtd/0382.jpg,not_smear,dtd,val
data/guardrail/negatives/dtd/0073.jpg,not_smear,dtd,val
data/guardrail/negatives/dtd/0042.jpg,not_smear,dtd,val
data/guardrail/negatives/dtd/0140.jpg,not_smear,dtd,val
data/guardrail/negatives/dtd/0417.jpg,not_smear,dtd,val
data/guardrail/negatives/dtd/0337.jpg,not_smear,dtd,val
data/guardrail/negatives/dtd/0392.jpg,not_smear,dtd,val
data/guardrail/negatives/dtd/0193.jpg,not_smear,dtd,val
data/guardrail/negatives/dtd/0125.jpg,not_smear,dtd,val
data/guardrail/negatives/dtd/0274.jpg,not_smear,dtd,val
data/guardrail/negatives/dtd/0099.jpg,not_smear,dtd,val
data/guardrail/negatives/dtd/0152.jpg,not_smear,dtd,val
data/guardrail/negatives/dtd/0113.jpg,not_smear,dtd,val
data/guardrail/negatives/dtd/0334.jpg,not_smear,dtd,val
data/guardrail/negatives/dtd/0122.jpg,not_smear,dtd,val
data/guardrail/negatives/dtd/0095.jpg,not_smear,dtd,val
data/guardrail/negatives/dtd/0183.jpg,not_smear,dtd,val
data/guardrail/negatives/dtd/0397.jpg,not_smear,dtd,val
data/guardrail/negatives/dtd/0324.jpg,not_smear,dtd,val
data/guardrail/negatives/dtd/0232.jpg,not_smear,dtd,val
data/guardrail/negatives/dtd/0066.jpg,not_smear,dtd,val
data/guardrail/negatives/dtd/0012.jpg,not_smear,dtd,val
data/guardrail/negatives/dtd/0195.jpg,not_smear,dtd,val
data/guardrail/negatives/dtd/0426.jpg,not_smear,dtd,val
data/guardrail/negatives/dtd/0040.jpg,not_smear,dtd,val
data/guardrail/negatives/dtd/0278.jpg,not_smear,dtd,val
data/guardrail/negatives/dtd/0362.jpg,not_smear,dtd,val
data/guardrail/negatives/dtd/0316.jpg,not_smear,dtd,val
data/guardrail/negatives/dtd/0014.jpg,not_smear,dtd,val
data/guardrail/negatives/dtd/0438.jpg,not_smear,dtd,val
data/guardrail/negatives/dtd/0303.jpg,not_smear,dtd,val
data/guardrail/negatives/dtd/0393.jpg,not_smear,dtd,val
data/guardrail/negatives/dtd/0005.jpg,not_smear,dtd,test
data/guardrail/negatives/dtd/0437.jpg,not_smear,dtd,test
data/guardrail/negatives/dtd/0439.jpg,not_smear,dtd,test
data/guardrail/negatives/dtd/0387.jpg,not_smear,dtd,test
data/guardrail/negatives/dtd/0047.jpg,not_smear,dtd,test
data/guardrail/negatives/dtd/0104.jpg,not_smear,dtd,test
data/guardrail/negatives/dtd/0165.jpg,not_smear,dtd,test
data/guardrail/negatives/dtd/0405.jpg,not_smear,dtd,test
data/guardrail/negatives/dtd/0283.jpg,not_smear,dtd,test
data/guardrail/negatives/dtd/0133.jpg,not_smear,dtd,test
data/guardrail/negatives/dtd/0321.jpg,not_smear,dtd,test
data/guardrail/negatives/dtd/0390.jpg,not_smear,dtd,test
data/guardrail/negatives/dtd/0422.jpg,not_smear,dtd,test
data/guardrail/negatives/dtd/0415.jpg,not_smear,dtd,test
data/guardrail/negatives/dtd/0323.jpg,not_smear,dtd,test
data/guardrail/negatives/dtd/0060.jpg,not_smear,dtd,test
data/guardrail/negatives/dtd/0258.jpg,not_smear,dtd,test
data/guardrail/negatives/dtd/0064.jpg,not_smear,dtd,test
data/guardrail/negatives/dtd/0363.jpg,not_smear,dtd,test
data/guardrail/negatives/dtd/0050.jpg,not_smear,dtd,test
data/guardrail/negatives/dtd/0118.jpg,not_smear,dtd,test
data/guardrail/negatives/dtd/0223.jpg,not_smear,dtd,test
data/guardrail/negatives/dtd/0081.jpg,not_smear,dtd,test
data/guardrail/negatives/dtd/0264.jpg,not_smear,dtd,test
data/guardrail/negatives/dtd/0448.jpg,not_smear,dtd,test
data/guardrail/negatives/dtd/0206.jpg,not_smear,dtd,test
data/guardrail/negatives/dtd/0088.jpg,not_smear,dtd,test
data/guardrail/negatives/dtd/0372.jpg,not_smear,dtd,test
data/guardrail/negatives/dtd/0199.jpg,not_smear,dtd,test
data/guardrail/negatives/dtd/0325.jpg,not_smear,dtd,test
data/guardrail/negatives/dtd/0065.jpg,not_smear,dtd,test
data/guardrail/negatives/dtd/0219.jpg,not_smear,dtd,test
data/guardrail/negatives/dtd/0295.jpg,not_smear,dtd,test
data/guardrail/negatives/dtd/0410.jpg,not_smear,dtd,test
data/guardrail/negatives/dtd/0026.jpg,not_smear,dtd,test
data/guardrail/negatives/dtd/0201.jpg,not_smear,dtd,test
data/guardrail/negatives/dtd/0329.jpg,not_smear,dtd,test
data/guardrail/negatives/dtd/0315.jpg,not_smear,dtd,test
data/guardrail/negatives/dtd/0098.jpg,not_smear,dtd,test
data/guardrail/negatives/dtd/0200.jpg,not_smear,dtd,test
data/guardrail/negatives/dtd/0284.jpg,not_smear,dtd,test
data/guardrail/negatives/dtd/0444.jpg,not_smear,dtd,test
data/guardrail/negatives/dtd/0220.jpg,not_smear,dtd,test
data/guardrail/negatives/dtd/0292.jpg,not_smear,dtd,test
data/guardrail/negatives/dtd/0087.jpg,not_smear,dtd,test
data/guardrail/negatives/dtd/0171.jpg,not_smear,dtd,test
data/guardrail/negatives/dtd/0162.jpg,not_smear,dtd,test
data/guardrail/negatives/dtd/0307.jpg,not_smear,dtd,test
data/guardrail/negatives/dtd/0379.jpg,not_smear,dtd,test
data/guardrail/negatives/dtd/0419.jpg,not_smear,dtd,test
data/guardrail/negatives/dtd/0265.jpg,not_smear,dtd,test
data/guardrail/negatives/dtd/0418.jpg,not_smear,dtd,test
data/guardrail/negatives/dtd/0430.jpg,not_smear,dtd,test
data/guardrail/negatives/dtd/0191.jpg,not_smear,dtd,test
data/guardrail/negatives/dtd/0404.jpg,not_smear,dtd,test
data/guardrail/negatives/dtd/0078.jpg,not_smear,dtd,test
data/guardrail/negatives/dtd/0013.jpg,not_smear,dtd,test
data/guardrail/negatives/dtd/0007.jpg,not_smear,dtd,test
data/guardrail/negatives/dtd/0016.jpg,not_smear,dtd,test
data/guardrail/negatives/dtd/0446.jpg,not_smear,dtd,test
data/guardrail/negatives/dtd/0002.jpg,not_smear,dtd,test
data/guardrail/negatives/dtd/0123.jpg,not_smear,dtd,test
data/guardrail/negatives/dtd/0344.jpg,not_smear,dtd,test
data/guardrail/negatives/dtd/0212.jpg,not_smear,dtd,test
data/guardrail/negatives/dtd/0407.jpg,not_smear,dtd,test
data/guardrail/negatives/dtd/0429.jpg,not_smear,dtd,test
data/guardrail/negatives/dtd/0157.jpg,not_smear,dtd,test
data/guardrail/negatives/lfw/0097.jpg,not_smear,lfw,train
data/guardrail/negatives/lfw/0187.jpg,not_smear,lfw,train
data/guardrail/negatives/lfw/0356.jpg,not_smear,lfw,train
data/guardrail/negatives/lfw/0144.jpg,not_smear,lfw,train
data/guardrail/negatives/lfw/0205.jpg,not_smear,lfw,train
data/guardrail/negatives/lfw/0286.jpg,not_smear,lfw,train
data/guardrail/negatives/lfw/0360.jpg,not_smear,lfw,train
data/guardrail/negatives/lfw/0199.jpg,not_smear,lfw,train
data/guardrail/negatives/lfw/0273.jpg,not_smear,lfw,train
data/guardrail/negatives/lfw/0237.jpg,not_smear,lfw,train
data/guardrail/negatives/lfw/0158.jpg,not_smear,lfw,train
data/guardrail/negatives/lfw/0146.jpg,not_smear,lfw,train
data/guardrail/negatives/lfw/0396.jpg,not_smear,lfw,train
data/guardrail/negatives/lfw/0336.jpg,not_smear,lfw,train
data/guardrail/negatives/lfw/0032.jpg,not_smear,lfw,train
data/guardrail/negatives/lfw/0024.jpg,not_smear,lfw,train
data/guardrail/negatives/lfw/0240.jpg,not_smear,lfw,train
data/guardrail/negatives/lfw/0120.jpg,not_smear,lfw,train
data/guardrail/negatives/lfw/0361.jpg,not_smear,lfw,train
data/guardrail/negatives/lfw/0068.jpg,not_smear,lfw,train
data/guardrail/negatives/lfw/0005.jpg,not_smear,lfw,train
data/guardrail/negatives/lfw/0284.jpg,not_smear,lfw,train
data/guardrail/negatives/lfw/0029.jpg,not_smear,lfw,train
data/guardrail/negatives/lfw/0256.jpg,not_smear,lfw,train
data/guardrail/negatives/lfw/0123.jpg,not_smear,lfw,train
data/guardrail/negatives/lfw/0227.jpg,not_smear,lfw,train
data/guardrail/negatives/lfw/0369.jpg,not_smear,lfw,train
data/guardrail/negatives/lfw/0107.jpg,not_smear,lfw,train
data/guardrail/negatives/lfw/0081.jpg,not_smear,lfw,train
data/guardrail/negatives/lfw/0026.jpg,not_smear,lfw,train
data/guardrail/negatives/lfw/0319.jpg,not_smear,lfw,train
data/guardrail/negatives/lfw/0030.jpg,not_smear,lfw,train
data/guardrail/negatives/lfw/0292.jpg,not_smear,lfw,train
data/guardrail/negatives/lfw/0117.jpg,not_smear,lfw,train
data/guardrail/negatives/lfw/0113.jpg,not_smear,lfw,train
data/guardrail/negatives/lfw/0217.jpg,not_smear,lfw,train
data/guardrail/negatives/lfw/0390.jpg,not_smear,lfw,train
data/guardrail/negatives/lfw/0275.jpg,not_smear,lfw,train
data/guardrail/negatives/lfw/0093.jpg,not_smear,lfw,train
data/guardrail/negatives/lfw/0080.jpg,not_smear,lfw,train
data/guardrail/negatives/lfw/0264.jpg,not_smear,lfw,train
data/guardrail/negatives/lfw/0298.jpg,not_smear,lfw,train
data/guardrail/negatives/lfw/0280.jpg,not_smear,lfw,train
data/guardrail/negatives/lfw/0086.jpg,not_smear,lfw,train
data/guardrail/negatives/lfw/0314.jpg,not_smear,lfw,train
data/guardrail/negatives/lfw/0285.jpg,not_smear,lfw,train
data/guardrail/negatives/lfw/0316.jpg,not_smear,lfw,train
data/guardrail/negatives/lfw/0046.jpg,not_smear,lfw,train
data/guardrail/negatives/lfw/0263.jpg,not_smear,lfw,train
data/guardrail/negatives/lfw/0329.jpg,not_smear,lfw,train
data/guardrail/negatives/lfw/0019.jpg,not_smear,lfw,train
data/guardrail/negatives/lfw/0321.jpg,not_smear,lfw,train
data/guardrail/negatives/lfw/0114.jpg,not_smear,lfw,train
data/guardrail/negatives/lfw/0388.jpg,not_smear,lfw,train
data/guardrail/negatives/lfw/0397.jpg,not_smear,lfw,train
data/guardrail/negatives/lfw/0277.jpg,not_smear,lfw,train
data/guardrail/negatives/lfw/0248.jpg,not_smear,lfw,train
data/guardrail/negatives/lfw/0165.jpg,not_smear,lfw,train
data/guardrail/negatives/lfw/0333.jpg,not_smear,lfw,train
data/guardrail/negatives/lfw/0009.jpg,not_smear,lfw,train
data/guardrail/negatives/lfw/0344.jpg,not_smear,lfw,train
data/guardrail/negatives/lfw/0101.jpg,not_smear,lfw,train
data/guardrail/negatives/lfw/0140.jpg,not_smear,lfw,train
data/guardrail/negatives/lfw/0184.jpg,not_smear,lfw,train
data/guardrail/negatives/lfw/0255.jpg,not_smear,lfw,train
data/guardrail/negatives/lfw/0343.jpg,not_smear,lfw,train
data/guardrail/negatives/lfw/0358.jpg,not_smear,lfw,train
data/guardrail/negatives/lfw/0061.jpg,not_smear,lfw,train
data/guardrail/negatives/lfw/0377.jpg,not_smear,lfw,train
data/guardrail/negatives/lfw/0197.jpg,not_smear,lfw,train
data/guardrail/negatives/lfw/0042.jpg,not_smear,lfw,train
data/guardrail/negatives/lfw/0176.jpg,not_smear,lfw,train
data/guardrail/negatives/lfw/0362.jpg,not_smear,lfw,train
data/guardrail/negatives/lfw/0007.jpg,not_smear,lfw,train
data/guardrail/negatives/lfw/0387.jpg,not_smear,lfw,train
data/guardrail/negatives/lfw/0083.jpg,not_smear,lfw,train
data/guardrail/negatives/lfw/0350.jpg,not_smear,lfw,train
data/guardrail/negatives/lfw/0162.jpg,not_smear,lfw,train
data/guardrail/negatives/lfw/0103.jpg,not_smear,lfw,train
data/guardrail/negatives/lfw/0246.jpg,not_smear,lfw,train
data/guardrail/negatives/lfw/0132.jpg,not_smear,lfw,train
data/guardrail/negatives/lfw/0232.jpg,not_smear,lfw,train
data/guardrail/negatives/lfw/0157.jpg,not_smear,lfw,train
data/guardrail/negatives/lfw/0270.jpg,not_smear,lfw,train
data/guardrail/negatives/lfw/0198.jpg,not_smear,lfw,train
data/guardrail/negatives/lfw/0164.jpg,not_smear,lfw,train
data/guardrail/negatives/lfw/0293.jpg,not_smear,lfw,train
data/guardrail/negatives/lfw/0341.jpg,not_smear,lfw,train
data/guardrail/negatives/lfw/0185.jpg,not_smear,lfw,train
data/guardrail/negatives/lfw/0047.jpg,not_smear,lfw,train
data/guardrail/negatives/lfw/0065.jpg,not_smear,lfw,train
data/guardrail/negatives/lfw/0153.jpg,not_smear,lfw,train
data/guardrail/negatives/lfw/0328.jpg,not_smear,lfw,train
data/guardrail/negatives/lfw/0371.jpg,not_smear,lfw,train
data/guardrail/negatives/lfw/0130.jpg,not_smear,lfw,train
data/guardrail/negatives/lfw/0337.jpg,not_smear,lfw,train
data/guardrail/negatives/lfw/0296.jpg,not_smear,lfw,train
data/guardrail/negatives/lfw/0011.jpg,not_smear,lfw,train
data/guardrail/negatives/lfw/0331.jpg,not_smear,lfw,train
data/guardrail/negatives/lfw/0372.jpg,not_smear,lfw,train
data/guardrail/negatives/lfw/0395.jpg,not_smear,lfw,train
data/guardrail/negatives/lfw/0071.jpg,not_smear,lfw,train
data/guardrail/negatives/lfw/0183.jpg,not_smear,lfw,train
data/guardrail/negatives/lfw/0223.jpg,not_smear,lfw,train
data/guardrail/negatives/lfw/0266.jpg,not_smear,lfw,train
data/guardrail/negatives/lfw/0053.jpg,not_smear,lfw,train
data/guardrail/negatives/lfw/0109.jpg,not_smear,lfw,train
data/guardrail/negatives/lfw/0054.jpg,not_smear,lfw,train
data/guardrail/negatives/lfw/0212.jpg,not_smear,lfw,train
data/guardrail/negatives/lfw/0059.jpg,not_smear,lfw,train
data/guardrail/negatives/lfw/0045.jpg,not_smear,lfw,train
data/guardrail/negatives/lfw/0091.jpg,not_smear,lfw,train
data/guardrail/negatives/lfw/0214.jpg,not_smear,lfw,train
data/guardrail/negatives/lfw/0301.jpg,not_smear,lfw,train
data/guardrail/negatives/lfw/0040.jpg,not_smear,lfw,train
data/guardrail/negatives/lfw/0204.jpg,not_smear,lfw,train
data/guardrail/negatives/lfw/0152.jpg,not_smear,lfw,train
data/guardrail/negatives/lfw/0228.jpg,not_smear,lfw,train
data/guardrail/negatives/lfw/0017.jpg,not_smear,lfw,train
data/guardrail/negatives/lfw/0168.jpg,not_smear,lfw,train
data/guardrail/negatives/lfw/0269.jpg,not_smear,lfw,train
data/guardrail/negatives/lfw/0194.jpg,not_smear,lfw,train
data/guardrail/negatives/lfw/0259.jpg,not_smear,lfw,train
data/guardrail/negatives/lfw/0278.jpg,not_smear,lfw,train
data/guardrail/negatives/lfw/0325.jpg,not_smear,lfw,train
data/guardrail/negatives/lfw/0290.jpg,not_smear,lfw,train
data/guardrail/negatives/lfw/0192.jpg,not_smear,lfw,train
data/guardrail/negatives/lfw/0118.jpg,not_smear,lfw,train
data/guardrail/negatives/lfw/0076.jpg,not_smear,lfw,train
data/guardrail/negatives/lfw/0021.jpg,not_smear,lfw,train
data/guardrail/negatives/lfw/0196.jpg,not_smear,lfw,train
data/guardrail/negatives/lfw/0191.jpg,not_smear,lfw,train
data/guardrail/negatives/lfw/0346.jpg,not_smear,lfw,train
data/guardrail/negatives/lfw/0222.jpg,not_smear,lfw,train
data/guardrail/negatives/lfw/0034.jpg,not_smear,lfw,train
data/guardrail/negatives/lfw/0167.jpg,not_smear,lfw,train
data/guardrail/negatives/lfw/0389.jpg,not_smear,lfw,train
data/guardrail/negatives/lfw/0166.jpg,not_smear,lfw,train
data/guardrail/negatives/lfw/0082.jpg,not_smear,lfw,train
data/guardrail/negatives/lfw/0111.jpg,not_smear,lfw,train
data/guardrail/negatives/lfw/0229.jpg,not_smear,lfw,train
data/guardrail/negatives/lfw/0381.jpg,not_smear,lfw,train
data/guardrail/negatives/lfw/0188.jpg,not_smear,lfw,train
data/guardrail/negatives/lfw/0066.jpg,not_smear,lfw,train
data/guardrail/negatives/lfw/0355.jpg,not_smear,lfw,train
data/guardrail/negatives/lfw/0102.jpg,not_smear,lfw,train
data/guardrail/negatives/lfw/0385.jpg,not_smear,lfw,train
data/guardrail/negatives/lfw/0098.jpg,not_smear,lfw,train
data/guardrail/negatives/lfw/0063.jpg,not_smear,lfw,train
data/guardrail/negatives/lfw/0279.jpg,not_smear,lfw,train
data/guardrail/negatives/lfw/0121.jpg,not_smear,lfw,train
data/guardrail/negatives/lfw/0289.jpg,not_smear,lfw,train
data/guardrail/negatives/lfw/0291.jpg,not_smear,lfw,train
data/guardrail/negatives/lfw/0193.jpg,not_smear,lfw,train
data/guardrail/negatives/lfw/0020.jpg,not_smear,lfw,train
data/guardrail/negatives/lfw/0149.jpg,not_smear,lfw,train
data/guardrail/negatives/lfw/0172.jpg,not_smear,lfw,train
data/guardrail/negatives/lfw/0374.jpg,not_smear,lfw,train
data/guardrail/negatives/lfw/0036.jpg,not_smear,lfw,train
data/guardrail/negatives/lfw/0069.jpg,not_smear,lfw,train
data/guardrail/negatives/lfw/0245.jpg,not_smear,lfw,train
data/guardrail/negatives/lfw/0300.jpg,not_smear,lfw,train
data/guardrail/negatives/lfw/0143.jpg,not_smear,lfw,train
data/guardrail/negatives/lfw/0128.jpg,not_smear,lfw,train
data/guardrail/negatives/lfw/0215.jpg,not_smear,lfw,train
data/guardrail/negatives/lfw/0226.jpg,not_smear,lfw,train
data/guardrail/negatives/lfw/0313.jpg,not_smear,lfw,train
data/guardrail/negatives/lfw/0064.jpg,not_smear,lfw,train
data/guardrail/negatives/lfw/0012.jpg,not_smear,lfw,train
data/guardrail/negatives/lfw/0295.jpg,not_smear,lfw,train
data/guardrail/negatives/lfw/0169.jpg,not_smear,lfw,train
data/guardrail/negatives/lfw/0302.jpg,not_smear,lfw,train
data/guardrail/negatives/lfw/0380.jpg,not_smear,lfw,train
data/guardrail/negatives/lfw/0323.jpg,not_smear,lfw,train
data/guardrail/negatives/lfw/0078.jpg,not_smear,lfw,train
data/guardrail/negatives/lfw/0125.jpg,not_smear,lfw,train
data/guardrail/negatives/lfw/0013.jpg,not_smear,lfw,train
data/guardrail/negatives/lfw/0211.jpg,not_smear,lfw,train
data/guardrail/negatives/lfw/0151.jpg,not_smear,lfw,train
data/guardrail/negatives/lfw/0258.jpg,not_smear,lfw,train
data/guardrail/negatives/lfw/0357.jpg,not_smear,lfw,train
data/guardrail/negatives/lfw/0218.jpg,not_smear,lfw,train
data/guardrail/negatives/lfw/0208.jpg,not_smear,lfw,train
data/guardrail/negatives/lfw/0003.jpg,not_smear,lfw,train
data/guardrail/negatives/lfw/0261.jpg,not_smear,lfw,train
data/guardrail/negatives/lfw/0016.jpg,not_smear,lfw,train
data/guardrail/negatives/lfw/0209.jpg,not_smear,lfw,train
data/guardrail/negatives/lfw/0124.jpg,not_smear,lfw,train
data/guardrail/negatives/lfw/0384.jpg,not_smear,lfw,train
data/guardrail/negatives/lfw/0041.jpg,not_smear,lfw,train
data/guardrail/negatives/lfw/0267.jpg,not_smear,lfw,train
data/guardrail/negatives/lfw/0142.jpg,not_smear,lfw,train
data/guardrail/negatives/lfw/0159.jpg,not_smear,lfw,train
data/guardrail/negatives/lfw/0074.jpg,not_smear,lfw,train
data/guardrail/negatives/lfw/0370.jpg,not_smear,lfw,train
data/guardrail/negatives/lfw/0038.jpg,not_smear,lfw,train
data/guardrail/negatives/lfw/0174.jpg,not_smear,lfw,train
data/guardrail/negatives/lfw/0119.jpg,not_smear,lfw,train
data/guardrail/negatives/lfw/0037.jpg,not_smear,lfw,train
data/guardrail/negatives/lfw/0175.jpg,not_smear,lfw,train
data/guardrail/negatives/lfw/0353.jpg,not_smear,lfw,train
data/guardrail/negatives/lfw/0002.jpg,not_smear,lfw,train
data/guardrail/negatives/lfw/0028.jpg,not_smear,lfw,train
data/guardrail/negatives/lfw/0073.jpg,not_smear,lfw,train
data/guardrail/negatives/lfw/0088.jpg,not_smear,lfw,train
data/guardrail/negatives/lfw/0366.jpg,not_smear,lfw,train
data/guardrail/negatives/lfw/0202.jpg,not_smear,lfw,train
data/guardrail/negatives/lfw/0145.jpg,not_smear,lfw,train
data/guardrail/negatives/lfw/0287.jpg,not_smear,lfw,train
data/guardrail/negatives/lfw/0383.jpg,not_smear,lfw,train
data/guardrail/negatives/lfw/0347.jpg,not_smear,lfw,train
data/guardrail/negatives/lfw/0031.jpg,not_smear,lfw,train
data/guardrail/negatives/lfw/0339.jpg,not_smear,lfw,train
data/guardrail/negatives/lfw/0213.jpg,not_smear,lfw,train
data/guardrail/negatives/lfw/0299.jpg,not_smear,lfw,train
data/guardrail/negatives/lfw/0276.jpg,not_smear,lfw,train
data/guardrail/negatives/lfw/0133.jpg,not_smear,lfw,train
data/guardrail/negatives/lfw/0288.jpg,not_smear,lfw,train
data/guardrail/negatives/lfw/0262.jpg,not_smear,lfw,train
data/guardrail/negatives/lfw/0282.jpg,not_smear,lfw,train
data/guardrail/negatives/lfw/0079.jpg,not_smear,lfw,train
data/guardrail/negatives/lfw/0239.jpg,not_smear,lfw,train
data/guardrail/negatives/lfw/0106.jpg,not_smear,lfw,train
data/guardrail/negatives/lfw/0368.jpg,not_smear,lfw,train
data/guardrail/negatives/lfw/0100.jpg,not_smear,lfw,train
data/guardrail/negatives/lfw/0084.jpg,not_smear,lfw,train
data/guardrail/negatives/lfw/0089.jpg,not_smear,lfw,train
data/guardrail/negatives/lfw/0236.jpg,not_smear,lfw,train
data/guardrail/negatives/lfw/0067.jpg,not_smear,lfw,train
data/guardrail/negatives/lfw/0044.jpg,not_smear,lfw,train
data/guardrail/negatives/lfw/0134.jpg,not_smear,lfw,train
data/guardrail/negatives/lfw/0238.jpg,not_smear,lfw,train
data/guardrail/negatives/lfw/0340.jpg,not_smear,lfw,train
data/guardrail/negatives/lfw/0309.jpg,not_smear,lfw,train
data/guardrail/negatives/lfw/0230.jpg,not_smear,lfw,train
data/guardrail/negatives/lfw/0376.jpg,not_smear,lfw,train
data/guardrail/negatives/lfw/0173.jpg,not_smear,lfw,train
data/guardrail/negatives/lfw/0160.jpg,not_smear,lfw,train
data/guardrail/negatives/lfw/0224.jpg,not_smear,lfw,train
data/guardrail/negatives/lfw/0070.jpg,not_smear,lfw,train
data/guardrail/negatives/lfw/0349.jpg,not_smear,lfw,train
data/guardrail/negatives/lfw/0163.jpg,not_smear,lfw,train
data/guardrail/negatives/lfw/0367.jpg,not_smear,lfw,train
data/guardrail/negatives/lfw/0235.jpg,not_smear,lfw,train
data/guardrail/negatives/lfw/0049.jpg,not_smear,lfw,train
data/guardrail/negatives/lfw/0022.jpg,not_smear,lfw,train
data/guardrail/negatives/lfw/0190.jpg,not_smear,lfw,train
data/guardrail/negatives/lfw/0052.jpg,not_smear,lfw,train
data/guardrail/negatives/lfw/0092.jpg,not_smear,lfw,train
data/guardrail/negatives/lfw/0110.jpg,not_smear,lfw,train
data/guardrail/negatives/lfw/0274.jpg,not_smear,lfw,train
data/guardrail/negatives/lfw/0178.jpg,not_smear,lfw,train
data/guardrail/negatives/lfw/0375.jpg,not_smear,lfw,train
data/guardrail/negatives/lfw/0324.jpg,not_smear,lfw,train
data/guardrail/negatives/lfw/0062.jpg,not_smear,lfw,train
data/guardrail/negatives/lfw/0015.jpg,not_smear,lfw,train
data/guardrail/negatives/lfw/0254.jpg,not_smear,lfw,train
data/guardrail/negatives/lfw/0182.jpg,not_smear,lfw,train
data/guardrail/negatives/lfw/0308.jpg,not_smear,lfw,train
data/guardrail/negatives/lfw/0334.jpg,not_smear,lfw,train
data/guardrail/negatives/lfw/0210.jpg,not_smear,lfw,train
data/guardrail/negatives/lfw/0283.jpg,not_smear,lfw,train
data/guardrail/negatives/lfw/0303.jpg,not_smear,lfw,train
data/guardrail/negatives/lfw/0138.jpg,not_smear,lfw,train
data/guardrail/negatives/lfw/0057.jpg,not_smear,lfw,train
data/guardrail/negatives/lfw/0247.jpg,not_smear,lfw,train
data/guardrail/negatives/lfw/0359.jpg,not_smear,lfw,train
data/guardrail/negatives/lfw/0310.jpg,not_smear,lfw,train
data/guardrail/negatives/lfw/0154.jpg,not_smear,lfw,train
data/guardrail/negatives/lfw/0297.jpg,not_smear,lfw,train
data/guardrail/negatives/lfw/0307.jpg,not_smear,lfw,train
data/guardrail/negatives/lfw/0234.jpg,not_smear,lfw,train
data/guardrail/negatives/lfw/0186.jpg,not_smear,lfw,train
data/guardrail/negatives/lfw/0129.jpg,not_smear,lfw,train
data/guardrail/negatives/lfw/0249.jpg,not_smear,lfw,train
data/guardrail/negatives/lfw/0131.jpg,not_smear,lfw,train
data/guardrail/negatives/lfw/0179.jpg,not_smear,lfw,train
data/guardrail/negatives/lfw/0251.jpg,not_smear,lfw,train
data/guardrail/negatives/lfw/0393.jpg,not_smear,lfw,train
data/guardrail/negatives/lfw/0364.jpg,not_smear,lfw,train
data/guardrail/negatives/lfw/0155.jpg,not_smear,lfw,val
data/guardrail/negatives/lfw/0335.jpg,not_smear,lfw,val
data/guardrail/negatives/lfw/0322.jpg,not_smear,lfw,val
data/guardrail/negatives/lfw/0075.jpg,not_smear,lfw,val
data/guardrail/negatives/lfw/0312.jpg,not_smear,lfw,val
data/guardrail/negatives/lfw/0320.jpg,not_smear,lfw,val
data/guardrail/negatives/lfw/0268.jpg,not_smear,lfw,val
data/guardrail/negatives/lfw/0116.jpg,not_smear,lfw,val
data/guardrail/negatives/lfw/0148.jpg,not_smear,lfw,val
data/guardrail/negatives/lfw/0008.jpg,not_smear,lfw,val
data/guardrail/negatives/lfw/0023.jpg,not_smear,lfw,val
data/guardrail/negatives/lfw/0352.jpg,not_smear,lfw,val
data/guardrail/negatives/lfw/0241.jpg,not_smear,lfw,val
data/guardrail/negatives/lfw/0126.jpg,not_smear,lfw,val
data/guardrail/negatives/lfw/0250.jpg,not_smear,lfw,val
data/guardrail/negatives/lfw/0000.jpg,not_smear,lfw,val
data/guardrail/negatives/lfw/0306.jpg,not_smear,lfw,val
data/guardrail/negatives/lfw/0392.jpg,not_smear,lfw,val
data/guardrail/negatives/lfw/0004.jpg,not_smear,lfw,val
data/guardrail/negatives/lfw/0315.jpg,not_smear,lfw,val
data/guardrail/negatives/lfw/0039.jpg,not_smear,lfw,val
data/guardrail/negatives/lfw/0391.jpg,not_smear,lfw,val
data/guardrail/negatives/lfw/0365.jpg,not_smear,lfw,val
data/guardrail/negatives/lfw/0010.jpg,not_smear,lfw,val
data/guardrail/negatives/lfw/0171.jpg,not_smear,lfw,val
data/guardrail/negatives/lfw/0219.jpg,not_smear,lfw,val
data/guardrail/negatives/lfw/0242.jpg,not_smear,lfw,val
data/guardrail/negatives/lfw/0006.jpg,not_smear,lfw,val
data/guardrail/negatives/lfw/0072.jpg,not_smear,lfw,val
data/guardrail/negatives/lfw/0233.jpg,not_smear,lfw,val
data/guardrail/negatives/lfw/0379.jpg,not_smear,lfw,val
data/guardrail/negatives/lfw/0399.jpg,not_smear,lfw,val
data/guardrail/negatives/lfw/0085.jpg,not_smear,lfw,val
data/guardrail/negatives/lfw/0035.jpg,not_smear,lfw,val
data/guardrail/negatives/lfw/0161.jpg,not_smear,lfw,val
data/guardrail/negatives/lfw/0354.jpg,not_smear,lfw,val
data/guardrail/negatives/lfw/0345.jpg,not_smear,lfw,val
data/guardrail/negatives/lfw/0156.jpg,not_smear,lfw,val
data/guardrail/negatives/lfw/0244.jpg,not_smear,lfw,val
data/guardrail/negatives/lfw/0318.jpg,not_smear,lfw,val
data/guardrail/negatives/lfw/0382.jpg,not_smear,lfw,val
data/guardrail/negatives/lfw/0094.jpg,not_smear,lfw,val
data/guardrail/negatives/lfw/0048.jpg,not_smear,lfw,val
data/guardrail/negatives/lfw/0001.jpg,not_smear,lfw,val
data/guardrail/negatives/lfw/0327.jpg,not_smear,lfw,val
data/guardrail/negatives/lfw/0305.jpg,not_smear,lfw,val
data/guardrail/negatives/lfw/0147.jpg,not_smear,lfw,val
data/guardrail/negatives/lfw/0326.jpg,not_smear,lfw,val
data/guardrail/negatives/lfw/0177.jpg,not_smear,lfw,val
data/guardrail/negatives/lfw/0104.jpg,not_smear,lfw,val
data/guardrail/negatives/lfw/0087.jpg,not_smear,lfw,val
data/guardrail/negatives/lfw/0105.jpg,not_smear,lfw,val
data/guardrail/negatives/lfw/0253.jpg,not_smear,lfw,val
data/guardrail/negatives/lfw/0137.jpg,not_smear,lfw,val
data/guardrail/negatives/lfw/0351.jpg,not_smear,lfw,val
data/guardrail/negatives/lfw/0342.jpg,not_smear,lfw,val
data/guardrail/negatives/lfw/0201.jpg,not_smear,lfw,val
data/guardrail/negatives/lfw/0200.jpg,not_smear,lfw,val
data/guardrail/negatives/lfw/0207.jpg,not_smear,lfw,val
data/guardrail/negatives/lfw/0317.jpg,not_smear,lfw,val
data/guardrail/negatives/lfw/0115.jpg,not_smear,lfw,test
data/guardrail/negatives/lfw/0363.jpg,not_smear,lfw,test
data/guardrail/negatives/lfw/0051.jpg,not_smear,lfw,test
data/guardrail/negatives/lfw/0272.jpg,not_smear,lfw,test
data/guardrail/negatives/lfw/0033.jpg,not_smear,lfw,test
data/guardrail/negatives/lfw/0122.jpg,not_smear,lfw,test
data/guardrail/negatives/lfw/0398.jpg,not_smear,lfw,test
data/guardrail/negatives/lfw/0294.jpg,not_smear,lfw,test
data/guardrail/negatives/lfw/0018.jpg,not_smear,lfw,test
data/guardrail/negatives/lfw/0378.jpg,not_smear,lfw,test
data/guardrail/negatives/lfw/0058.jpg,not_smear,lfw,test
data/guardrail/negatives/lfw/0112.jpg,not_smear,lfw,test
data/guardrail/negatives/lfw/0056.jpg,not_smear,lfw,test
data/guardrail/negatives/lfw/0127.jpg,not_smear,lfw,test
data/guardrail/negatives/lfw/0330.jpg,not_smear,lfw,test
data/guardrail/negatives/lfw/0373.jpg,not_smear,lfw,test
data/guardrail/negatives/lfw/0348.jpg,not_smear,lfw,test
data/guardrail/negatives/lfw/0055.jpg,not_smear,lfw,test
data/guardrail/negatives/lfw/0221.jpg,not_smear,lfw,test
data/guardrail/negatives/lfw/0265.jpg,not_smear,lfw,test
data/guardrail/negatives/lfw/0252.jpg,not_smear,lfw,test
data/guardrail/negatives/lfw/0311.jpg,not_smear,lfw,test
data/guardrail/negatives/lfw/0394.jpg,not_smear,lfw,test
data/guardrail/negatives/lfw/0141.jpg,not_smear,lfw,test
data/guardrail/negatives/lfw/0304.jpg,not_smear,lfw,test
data/guardrail/negatives/lfw/0090.jpg,not_smear,lfw,test
data/guardrail/negatives/lfw/0206.jpg,not_smear,lfw,test
data/guardrail/negatives/lfw/0096.jpg,not_smear,lfw,test
data/guardrail/negatives/lfw/0150.jpg,not_smear,lfw,test
data/guardrail/negatives/lfw/0099.jpg,not_smear,lfw,test
data/guardrail/negatives/lfw/0216.jpg,not_smear,lfw,test
data/guardrail/negatives/lfw/0195.jpg,not_smear,lfw,test
data/guardrail/negatives/lfw/0332.jpg,not_smear,lfw,test
data/guardrail/negatives/lfw/0025.jpg,not_smear,lfw,test
data/guardrail/negatives/lfw/0050.jpg,not_smear,lfw,test
data/guardrail/negatives/lfw/0189.jpg,not_smear,lfw,test
data/guardrail/negatives/lfw/0139.jpg,not_smear,lfw,test
data/guardrail/negatives/lfw/0225.jpg,not_smear,lfw,test
data/guardrail/negatives/lfw/0027.jpg,not_smear,lfw,test
data/guardrail/negatives/lfw/0170.jpg,not_smear,lfw,test
data/guardrail/negatives/lfw/0260.jpg,not_smear,lfw,test
data/guardrail/negatives/lfw/0386.jpg,not_smear,lfw,test
data/guardrail/negatives/lfw/0257.jpg,not_smear,lfw,test
data/guardrail/negatives/lfw/0203.jpg,not_smear,lfw,test
data/guardrail/negatives/lfw/0077.jpg,not_smear,lfw,test
data/guardrail/negatives/lfw/0108.jpg,not_smear,lfw,test
data/guardrail/negatives/lfw/0220.jpg,not_smear,lfw,test
data/guardrail/negatives/lfw/0181.jpg,not_smear,lfw,test
data/guardrail/negatives/lfw/0043.jpg,not_smear,lfw,test
data/guardrail/negatives/lfw/0281.jpg,not_smear,lfw,test
data/guardrail/negatives/lfw/0060.jpg,not_smear,lfw,test
data/guardrail/negatives/lfw/0135.jpg,not_smear,lfw,test
data/guardrail/negatives/lfw/0180.jpg,not_smear,lfw,test
data/guardrail/negatives/lfw/0231.jpg,not_smear,lfw,test
data/guardrail/negatives/lfw/0271.jpg,not_smear,lfw,test
data/guardrail/negatives/lfw/0338.jpg,not_smear,lfw,test
data/guardrail/negatives/lfw/0243.jpg,not_smear,lfw,test
data/guardrail/negatives/lfw/0014.jpg,not_smear,lfw,test
data/guardrail/negatives/lfw/0136.jpg,not_smear,lfw,test
data/guardrail/negatives/lfw/0095.jpg,not_smear,lfw,test
data/guardrail/negatives/places/0042.jpg,not_smear,places,train
data/guardrail/negatives/places/0199.jpg,not_smear,places,train
data/guardrail/negatives/places/0286.jpg,not_smear,places,train
data/guardrail/negatives/places/0585.jpg,not_smear,places,train
data/guardrail/negatives/places/0442.jpg,not_smear,places,train
data/guardrail/negatives/places/0345.jpg,not_smear,places,train
data/guardrail/negatives/places/0462.jpg,not_smear,places,train
data/guardrail/negatives/places/0003.jpg,not_smear,places,train
data/guardrail/negatives/places/0284.jpg,not_smear,places,train
data/guardrail/negatives/places/0145.jpg,not_smear,places,train
data/guardrail/negatives/places/0425.jpg,not_smear,places,train
data/guardrail/negatives/places/0051.jpg,not_smear,places,train
data/guardrail/negatives/places/0436.jpg,not_smear,places,train
data/guardrail/negatives/places/0169.jpg,not_smear,places,train
data/guardrail/negatives/places/0124.jpg,not_smear,places,train
data/guardrail/negatives/places/0341.jpg,not_smear,places,train
data/guardrail/negatives/places/0355.jpg,not_smear,places,train
data/guardrail/negatives/places/0584.jpg,not_smear,places,train
data/guardrail/negatives/places/0000.jpg,not_smear,places,train
data/guardrail/negatives/places/0478.jpg,not_smear,places,train
data/guardrail/negatives/places/0249.jpg,not_smear,places,train
data/guardrail/negatives/places/0679.jpg,not_smear,places,train
data/guardrail/negatives/places/0322.jpg,not_smear,places,train
data/guardrail/negatives/places/0050.jpg,not_smear,places,train
data/guardrail/negatives/places/0686.jpg,not_smear,places,train
data/guardrail/negatives/places/0447.jpg,not_smear,places,train
data/guardrail/negatives/places/0176.jpg,not_smear,places,train
data/guardrail/negatives/places/0048.jpg,not_smear,places,train
data/guardrail/negatives/places/0221.jpg,not_smear,places,train
data/guardrail/negatives/places/0228.jpg,not_smear,places,train
data/guardrail/negatives/places/0419.jpg,not_smear,places,train
data/guardrail/negatives/places/0656.jpg,not_smear,places,train
data/guardrail/negatives/places/0649.jpg,not_smear,places,train
data/guardrail/negatives/places/0317.jpg,not_smear,places,train
data/guardrail/negatives/places/0321.jpg,not_smear,places,train
data/guardrail/negatives/places/0632.jpg,not_smear,places,train
data/guardrail/negatives/places/0262.jpg,not_smear,places,train
data/guardrail/negatives/places/0002.jpg,not_smear,places,train
data/guardrail/negatives/places/0344.jpg,not_smear,places,train
data/guardrail/negatives/places/0390.jpg,not_smear,places,train
data/guardrail/negatives/places/0379.jpg,not_smear,places,train
data/guardrail/negatives/places/0586.jpg,not_smear,places,train
data/guardrail/negatives/places/0635.jpg,not_smear,places,train
data/guardrail/negatives/places/0619.jpg,not_smear,places,train
data/guardrail/negatives/places/0168.jpg,not_smear,places,train
data/guardrail/negatives/places/0078.jpg,not_smear,places,train
data/guardrail/negatives/places/0364.jpg,not_smear,places,train
data/guardrail/negatives/places/0260.jpg,not_smear,places,train
data/guardrail/negatives/places/0035.jpg,not_smear,places,train
data/guardrail/negatives/places/0549.jpg,not_smear,places,train
data/guardrail/negatives/places/0252.jpg,not_smear,places,train
data/guardrail/negatives/places/0606.jpg,not_smear,places,train
data/guardrail/negatives/places/0324.jpg,not_smear,places,train
data/guardrail/negatives/places/0404.jpg,not_smear,places,train
data/guardrail/negatives/places/0579.jpg,not_smear,places,train
data/guardrail/negatives/places/0119.jpg,not_smear,places,train
data/guardrail/negatives/places/0534.jpg,not_smear,places,train
data/guardrail/negatives/places/0234.jpg,not_smear,places,train
data/guardrail/negatives/places/0150.jpg,not_smear,places,train
data/guardrail/negatives/places/0079.jpg,not_smear,places,train
data/guardrail/negatives/places/0082.jpg,not_smear,places,train
data/guardrail/negatives/places/0231.jpg,not_smear,places,train
data/guardrail/negatives/places/0298.jpg,not_smear,places,train
data/guardrail/negatives/places/0152.jpg,not_smear,places,train
data/guardrail/negatives/places/0207.jpg,not_smear,places,train
data/guardrail/negatives/places/0622.jpg,not_smear,places,train
data/guardrail/negatives/places/0226.jpg,not_smear,places,train
data/guardrail/negatives/places/0191.jpg,not_smear,places,train
data/guardrail/negatives/places/0087.jpg,not_smear,places,train
data/guardrail/negatives/places/0373.jpg,not_smear,places,train
data/guardrail/negatives/places/0186.jpg,not_smear,places,train
data/guardrail/negatives/places/0639.jpg,not_smear,places,train
data/guardrail/negatives/places/0001.jpg,not_smear,places,train
data/guardrail/negatives/places/0287.jpg,not_smear,places,train
data/guardrail/negatives/places/0572.jpg,not_smear,places,train
data/guardrail/negatives/places/0025.jpg,not_smear,places,train
data/guardrail/negatives/places/0270.jpg,not_smear,places,train
data/guardrail/negatives/places/0570.jpg,not_smear,places,train
data/guardrail/negatives/places/0637.jpg,not_smear,places,train
data/guardrail/negatives/places/0214.jpg,not_smear,places,train
data/guardrail/negatives/places/0434.jpg,not_smear,places,train
data/guardrail/negatives/places/0323.jpg,not_smear,places,train
data/guardrail/negatives/places/0307.jpg,not_smear,places,train
data/guardrail/negatives/places/0424.jpg,not_smear,places,train
data/guardrail/negatives/places/0372.jpg,not_smear,places,train
data/guardrail/negatives/places/0670.jpg,not_smear,places,train
data/guardrail/negatives/places/0471.jpg,not_smear,places,train
data/guardrail/negatives/places/0523.jpg,not_smear,places,train
data/guardrail/negatives/places/0374.jpg,not_smear,places,train
data/guardrail/negatives/places/0340.jpg,not_smear,places,train
data/guardrail/negatives/places/0532.jpg,not_smear,places,train
data/guardrail/negatives/places/0465.jpg,not_smear,places,train
data/guardrail/negatives/places/0086.jpg,not_smear,places,train
data/guardrail/negatives/places/0289.jpg,not_smear,places,train
data/guardrail/negatives/places/0235.jpg,not_smear,places,train
data/guardrail/negatives/places/0131.jpg,not_smear,places,train
data/guardrail/negatives/places/0414.jpg,not_smear,places,train
data/guardrail/negatives/places/0181.jpg,not_smear,places,train
data/guardrail/negatives/places/0101.jpg,not_smear,places,train
data/guardrail/negatives/places/0367.jpg,not_smear,places,train
data/guardrail/negatives/places/0420.jpg,not_smear,places,train
data/guardrail/negatives/places/0122.jpg,not_smear,places,train
data/guardrail/negatives/places/0077.jpg,not_smear,places,train
data/guardrail/negatives/places/0061.jpg,not_smear,places,train
data/guardrail/negatives/places/0493.jpg,not_smear,places,train
data/guardrail/negatives/places/0607.jpg,not_smear,places,train
data/guardrail/negatives/places/0264.jpg,not_smear,places,train
data/guardrail/negatives/places/0409.jpg,not_smear,places,train
data/guardrail/negatives/places/0071.jpg,not_smear,places,train
data/guardrail/negatives/places/0045.jpg,not_smear,places,train
data/guardrail/negatives/places/0658.jpg,not_smear,places,train
data/guardrail/negatives/places/0680.jpg,not_smear,places,train
data/guardrail/negatives/places/0456.jpg,not_smear,places,train
data/guardrail/negatives/places/0592.jpg,not_smear,places,train
data/guardrail/negatives/places/0093.jpg,not_smear,places,train
data/guardrail/negatives/places/0056.jpg,not_smear,places,train
data/guardrail/negatives/places/0333.jpg,not_smear,places,train
data/guardrail/negatives/places/0507.jpg,not_smear,places,train
data/guardrail/negatives/places/0480.jpg,not_smear,places,train
data/guardrail/negatives/places/0388.jpg,not_smear,places,train
data/guardrail/negatives/places/0583.jpg,not_smear,places,train
data/guardrail/negatives/places/0564.jpg,not_smear,places,train
data/guardrail/negatives/places/0551.jpg,not_smear,places,train
data/guardrail/negatives/places/0614.jpg,not_smear,places,train
data/guardrail/negatives/places/0578.jpg,not_smear,places,train
data/guardrail/negatives/places/0696.jpg,not_smear,places,train
data/guardrail/negatives/places/0139.jpg,not_smear,places,train
data/guardrail/negatives/places/0084.jpg,not_smear,places,train
data/guardrail/negatives/places/0351.jpg,not_smear,places,train
data/guardrail/negatives/places/0170.jpg,not_smear,places,train
data/guardrail/negatives/places/0049.jpg,not_smear,places,train
data/guardrail/negatives/places/0558.jpg,not_smear,places,train
data/guardrail/negatives/places/0216.jpg,not_smear,places,train
data/guardrail/negatives/places/0303.jpg,not_smear,places,train
data/guardrail/negatives/places/0291.jpg,not_smear,places,train
data/guardrail/negatives/places/0309.jpg,not_smear,places,train
data/guardrail/negatives/places/0171.jpg,not_smear,places,train
data/guardrail/negatives/places/0616.jpg,not_smear,places,train
data/guardrail/negatives/places/0520.jpg,not_smear,places,train
data/guardrail/negatives/places/0031.jpg,not_smear,places,train
data/guardrail/negatives/places/0297.jpg,not_smear,places,train
data/guardrail/negatives/places/0352.jpg,not_smear,places,train
data/guardrail/negatives/places/0275.jpg,not_smear,places,train
data/guardrail/negatives/places/0362.jpg,not_smear,places,train
data/guardrail/negatives/places/0057.jpg,not_smear,places,train
data/guardrail/negatives/places/0192.jpg,not_smear,places,train
data/guardrail/negatives/places/0251.jpg,not_smear,places,train
data/guardrail/negatives/places/0097.jpg,not_smear,places,train
data/guardrail/negatives/places/0371.jpg,not_smear,places,train
data/guardrail/negatives/places/0263.jpg,not_smear,places,train
data/guardrail/negatives/places/0384.jpg,not_smear,places,train
data/guardrail/negatives/places/0096.jpg,not_smear,places,train
data/guardrail/negatives/places/0514.jpg,not_smear,places,train
data/guardrail/negatives/places/0580.jpg,not_smear,places,train
data/guardrail/negatives/places/0295.jpg,not_smear,places,train
data/guardrail/negatives/places/0668.jpg,not_smear,places,train
data/guardrail/negatives/places/0647.jpg,not_smear,places,train
data/guardrail/negatives/places/0603.jpg,not_smear,places,train
data/guardrail/negatives/places/0054.jpg,not_smear,places,train
data/guardrail/negatives/places/0380.jpg,not_smear,places,train
data/guardrail/negatives/places/0299.jpg,not_smear,places,train
data/guardrail/negatives/places/0643.jpg,not_smear,places,train
data/guardrail/negatives/places/0279.jpg,not_smear,places,train
data/guardrail/negatives/places/0605.jpg,not_smear,places,train
data/guardrail/negatives/places/0604.jpg,not_smear,places,train
data/guardrail/negatives/places/0280.jpg,not_smear,places,train
data/guardrail/negatives/places/0320.jpg,not_smear,places,train
data/guardrail/negatives/places/0491.jpg,not_smear,places,train
data/guardrail/negatives/places/0645.jpg,not_smear,places,train
data/guardrail/negatives/places/0159.jpg,not_smear,places,train
data/guardrail/negatives/places/0075.jpg,not_smear,places,train
data/guardrail/negatives/places/0648.jpg,not_smear,places,train
data/guardrail/negatives/places/0494.jpg,not_smear,places,train
data/guardrail/negatives/places/0166.jpg,not_smear,places,train
data/guardrail/negatives/places/0358.jpg,not_smear,places,train
data/guardrail/negatives/places/0085.jpg,not_smear,places,train
data/guardrail/negatives/places/0407.jpg,not_smear,places,train
data/guardrail/negatives/places/0473.jpg,not_smear,places,train
data/guardrail/negatives/places/0568.jpg,not_smear,places,train
data/guardrail/negatives/places/0271.jpg,not_smear,places,train
data/guardrail/negatives/places/0498.jpg,not_smear,places,train
data/guardrail/negatives/places/0457.jpg,not_smear,places,train
data/guardrail/negatives/places/0688.jpg,not_smear,places,train
data/guardrail/negatives/places/0268.jpg,not_smear,places,train
data/guardrail/negatives/places/0672.jpg,not_smear,places,train
data/guardrail/negatives/places/0106.jpg,not_smear,places,train
data/guardrail/negatives/places/0550.jpg,not_smear,places,train
data/guardrail/negatives/places/0095.jpg,not_smear,places,train
data/guardrail/negatives/places/0146.jpg,not_smear,places,train
data/guardrail/negatives/places/0535.jpg,not_smear,places,train
data/guardrail/negatives/places/0545.jpg,not_smear,places,train
data/guardrail/negatives/places/0591.jpg,not_smear,places,train
data/guardrail/negatives/places/0197.jpg,not_smear,places,train
data/guardrail/negatives/places/0552.jpg,not_smear,places,train
data/guardrail/negatives/places/0467.jpg,not_smear,places,train
data/guardrail/negatives/places/0527.jpg,not_smear,places,train
data/guardrail/negatives/places/0219.jpg,not_smear,places,train
data/guardrail/negatives/places/0276.jpg,not_smear,places,train
data/guardrail/negatives/places/0671.jpg,not_smear,places,train
data/guardrail/negatives/places/0089.jpg,not_smear,places,train
data/guardrail/negatives/places/0438.jpg,not_smear,places,train
data/guardrail/negatives/places/0401.jpg,not_smear,places,train
data/guardrail/negatives/places/0677.jpg,not_smear,places,train
data/guardrail/negatives/places/0496.jpg,not_smear,places,train
data/guardrail/negatives/places/0339.jpg,not_smear,places,train
data/guardrail/negatives/places/0090.jpg,not_smear,places,train
data/guardrail/negatives/places/0173.jpg,not_smear,places,train
data/guardrail/negatives/places/0261.jpg,not_smear,places,train
data/guardrail/negatives/places/0609.jpg,not_smear,places,train
data/guardrail/negatives/places/0582.jpg,not_smear,places,train
data/guardrail/negatives/places/0630.jpg,not_smear,places,train
data/guardrail/negatives/places/0015.jpg,not_smear,places,train
data/guardrail/negatives/places/0233.jpg,not_smear,places,train
data/guardrail/negatives/places/0590.jpg,not_smear,places,train
data/guardrail/negatives/places/0533.jpg,not_smear,places,train
data/guardrail/negatives/places/0518.jpg,not_smear,places,train
data/guardrail/negatives/places/0081.jpg,not_smear,places,train
data/guardrail/negatives/places/0329.jpg,not_smear,places,train
data/guardrail/negatives/places/0243.jpg,not_smear,places,train
data/guardrail/negatives/places/0129.jpg,not_smear,places,train
data/guardrail/negatives/places/0433.jpg,not_smear,places,train
data/guardrail/negatives/places/0428.jpg,not_smear,places,train
data/guardrail/negatives/places/0599.jpg,not_smear,places,train
data/guardrail/negatives/places/0629.jpg,not_smear,places,train
data/guardrail/negatives/places/0402.jpg,not_smear,places,train
data/guardrail/negatives/places/0459.jpg,not_smear,places,train
data/guardrail/negatives/places/0012.jpg,not_smear,places,train
data/guardrail/negatives/places/0167.jpg,not_smear,places,train
data/guardrail/negatives/places/0158.jpg,not_smear,places,train
data/guardrail/negatives/places/0432.jpg,not_smear,places,train
data/guardrail/negatives/places/0547.jpg,not_smear,places,train
data/guardrail/negatives/places/0044.jpg,not_smear,places,train
data/guardrail/negatives/places/0536.jpg,not_smear,places,train
data/guardrail/negatives/places/0343.jpg,not_smear,places,train
data/guardrail/negatives/places/0032.jpg,not_smear,places,train
data/guardrail/negatives/places/0126.jpg,not_smear,places,train
data/guardrail/negatives/places/0304.jpg,not_smear,places,train
data/guardrail/negatives/places/0531.jpg,not_smear,places,train
data/guardrail/negatives/places/0250.jpg,not_smear,places,train
data/guardrail/negatives/places/0201.jpg,not_smear,places,train
data/guardrail/negatives/places/0326.jpg,not_smear,places,train
data/guardrail/negatives/places/0678.jpg,not_smear,places,train
data/guardrail/negatives/places/0624.jpg,not_smear,places,train
data/guardrail/negatives/places/0423.jpg,not_smear,places,train
data/guardrail/negatives/places/0556.jpg,not_smear,places,train
data/guardrail/negatives/places/0474.jpg,not_smear,places,train
data/guardrail/negatives/places/0553.jpg,not_smear,places,train
data/guardrail/negatives/places/0571.jpg,not_smear,places,train
data/guardrail/negatives/places/0316.jpg,not_smear,places,train
data/guardrail/negatives/places/0542.jpg,not_smear,places,train
data/guardrail/negatives/places/0617.jpg,not_smear,places,train
data/guardrail/negatives/places/0020.jpg,not_smear,places,train
data/guardrail/negatives/places/0240.jpg,not_smear,places,train
data/guardrail/negatives/places/0148.jpg,not_smear,places,train
data/guardrail/negatives/places/0641.jpg,not_smear,places,train
data/guardrail/negatives/places/0659.jpg,not_smear,places,train
data/guardrail/negatives/places/0111.jpg,not_smear,places,train
data/guardrail/negatives/places/0689.jpg,not_smear,places,train
data/guardrail/negatives/places/0183.jpg,not_smear,places,train
data/guardrail/negatives/places/0593.jpg,not_smear,places,train
data/guardrail/negatives/places/0238.jpg,not_smear,places,train
data/guardrail/negatives/places/0004.jpg,not_smear,places,train
data/guardrail/negatives/places/0522.jpg,not_smear,places,train
data/guardrail/negatives/places/0008.jpg,not_smear,places,train
data/guardrail/negatives/places/0546.jpg,not_smear,places,train
data/guardrail/negatives/places/0325.jpg,not_smear,places,train
data/guardrail/negatives/places/0091.jpg,not_smear,places,train
data/guardrail/negatives/places/0135.jpg,not_smear,places,train
data/guardrail/negatives/places/0164.jpg,not_smear,places,train
data/guardrail/negatives/places/0157.jpg,not_smear,places,train
data/guardrail/negatives/places/0513.jpg,not_smear,places,train
data/guardrail/negatives/places/0006.jpg,not_smear,places,train
data/guardrail/negatives/places/0389.jpg,not_smear,places,train
data/guardrail/negatives/places/0137.jpg,not_smear,places,train
data/guardrail/negatives/places/0185.jpg,not_smear,places,train
data/guardrail/negatives/places/0300.jpg,not_smear,places,train
data/guardrail/negatives/places/0019.jpg,not_smear,places,train
data/guardrail/negatives/places/0202.jpg,not_smear,places,train
data/guardrail/negatives/places/0397.jpg,not_smear,places,train
data/guardrail/negatives/places/0684.jpg,not_smear,places,train
data/guardrail/negatives/places/0314.jpg,not_smear,places,train
data/guardrail/negatives/places/0421.jpg,not_smear,places,train
data/guardrail/negatives/places/0375.jpg,not_smear,places,train
data/guardrail/negatives/places/0140.jpg,not_smear,places,train
data/guardrail/negatives/places/0561.jpg,not_smear,places,train
data/guardrail/negatives/places/0506.jpg,not_smear,places,train
data/guardrail/negatives/places/0067.jpg,not_smear,places,train
data/guardrail/negatives/places/0610.jpg,not_smear,places,train
data/guardrail/negatives/places/0239.jpg,not_smear,places,train
data/guardrail/negatives/places/0327.jpg,not_smear,places,train
data/guardrail/negatives/places/0083.jpg,not_smear,places,train
data/guardrail/negatives/places/0133.jpg,not_smear,places,train
data/guardrail/negatives/places/0633.jpg,not_smear,places,train
data/guardrail/negatives/places/0418.jpg,not_smear,places,train
data/guardrail/negatives/places/0293.jpg,not_smear,places,train
data/guardrail/negatives/places/0217.jpg,not_smear,places,train
data/guardrail/negatives/places/0615.jpg,not_smear,places,train
data/guardrail/negatives/places/0461.jpg,not_smear,places,train
data/guardrail/negatives/places/0147.jpg,not_smear,places,train
data/guardrail/negatives/places/0450.jpg,not_smear,places,train
data/guardrail/negatives/places/0353.jpg,not_smear,places,train
data/guardrail/negatives/places/0055.jpg,not_smear,places,train
data/guardrail/negatives/places/0416.jpg,not_smear,places,train
data/guardrail/negatives/places/0443.jpg,not_smear,places,train
data/guardrail/negatives/places/0222.jpg,not_smear,places,train
data/guardrail/negatives/places/0174.jpg,not_smear,places,train
data/guardrail/negatives/places/0014.jpg,not_smear,places,train
data/guardrail/negatives/places/0627.jpg,not_smear,places,train
data/guardrail/negatives/places/0302.jpg,not_smear,places,train
data/guardrail/negatives/places/0134.jpg,not_smear,places,train
data/guardrail/negatives/places/0172.jpg,not_smear,places,train
data/guardrail/negatives/places/0597.jpg,not_smear,places,train
data/guardrail/negatives/places/0466.jpg,not_smear,places,train
data/guardrail/negatives/places/0600.jpg,not_smear,places,train
data/guardrail/negatives/places/0369.jpg,not_smear,places,train
data/guardrail/negatives/places/0016.jpg,not_smear,places,train
data/guardrail/negatives/places/0354.jpg,not_smear,places,train
data/guardrail/negatives/places/0451.jpg,not_smear,places,train
data/guardrail/negatives/places/0272.jpg,not_smear,places,train
data/guardrail/negatives/places/0445.jpg,not_smear,places,train
data/guardrail/negatives/places/0094.jpg,not_smear,places,train
data/guardrail/negatives/places/0458.jpg,not_smear,places,train
data/guardrail/negatives/places/0387.jpg,not_smear,places,train
data/guardrail/negatives/places/0114.jpg,not_smear,places,train
data/guardrail/negatives/places/0405.jpg,not_smear,places,train
data/guardrail/negatives/places/0381.jpg,not_smear,places,train
data/guardrail/negatives/places/0330.jpg,not_smear,places,train
data/guardrail/negatives/places/0195.jpg,not_smear,places,train
data/guardrail/negatives/places/0490.jpg,not_smear,places,train
data/guardrail/negatives/places/0596.jpg,not_smear,places,train
data/guardrail/negatives/places/0557.jpg,not_smear,places,train
data/guardrail/negatives/places/0618.jpg,not_smear,places,train
data/guardrail/negatives/places/0544.jpg,not_smear,places,train
data/guardrail/negatives/places/0524.jpg,not_smear,places,train
data/guardrail/negatives/places/0669.jpg,not_smear,places,train
data/guardrail/negatives/places/0153.jpg,not_smear,places,train
data/guardrail/negatives/places/0581.jpg,not_smear,places,train
data/guardrail/negatives/places/0503.jpg,not_smear,places,train
data/guardrail/negatives/places/0516.jpg,not_smear,places,train
data/guardrail/negatives/places/0566.jpg,not_smear,places,train
data/guardrail/negatives/places/0017.jpg,not_smear,places,train
data/guardrail/negatives/places/0255.jpg,not_smear,places,train
data/guardrail/negatives/places/0681.jpg,not_smear,places,train
data/guardrail/negatives/places/0528.jpg,not_smear,places,train
data/guardrail/negatives/places/0232.jpg,not_smear,places,train
data/guardrail/negatives/places/0477.jpg,not_smear,places,train
data/guardrail/negatives/places/0225.jpg,not_smear,places,train
data/guardrail/negatives/places/0548.jpg,not_smear,places,train
data/guardrail/negatives/places/0481.jpg,not_smear,places,train
data/guardrail/negatives/places/0554.jpg,not_smear,places,train
data/guardrail/negatives/places/0190.jpg,not_smear,places,train
data/guardrail/negatives/places/0611.jpg,not_smear,places,train
data/guardrail/negatives/places/0613.jpg,not_smear,places,train
data/guardrail/negatives/places/0664.jpg,not_smear,places,train
data/guardrail/negatives/places/0156.jpg,not_smear,places,train
data/guardrail/negatives/places/0429.jpg,not_smear,places,train
data/guardrail/negatives/places/0266.jpg,not_smear,places,train
data/guardrail/negatives/places/0441.jpg,not_smear,places,train
data/guardrail/negatives/places/0104.jpg,not_smear,places,train
data/guardrail/negatives/places/0040.jpg,not_smear,places,train
data/guardrail/negatives/places/0575.jpg,not_smear,places,train
data/guardrail/negatives/places/0248.jpg,not_smear,places,train
data/guardrail/negatives/places/0318.jpg,not_smear,places,train
data/guardrail/negatives/places/0422.jpg,not_smear,places,train
data/guardrail/negatives/places/0210.jpg,not_smear,places,train
data/guardrail/negatives/places/0499.jpg,not_smear,places,train
data/guardrail/negatives/places/0027.jpg,not_smear,places,train
data/guardrail/negatives/places/0526.jpg,not_smear,places,train
data/guardrail/negatives/places/0567.jpg,not_smear,places,train
data/guardrail/negatives/places/0277.jpg,not_smear,places,train
data/guardrail/negatives/places/0657.jpg,not_smear,places,train
data/guardrail/negatives/places/0163.jpg,not_smear,places,train
data/guardrail/negatives/places/0595.jpg,not_smear,places,train
data/guardrail/negatives/places/0654.jpg,not_smear,places,train
data/guardrail/negatives/places/0464.jpg,not_smear,places,train
data/guardrail/negatives/places/0334.jpg,not_smear,places,train
data/guardrail/negatives/places/0539.jpg,not_smear,places,train
data/guardrail/negatives/places/0453.jpg,not_smear,places,train
data/guardrail/negatives/places/0187.jpg,not_smear,places,train
data/guardrail/negatives/places/0154.jpg,not_smear,places,train
data/guardrail/negatives/places/0560.jpg,not_smear,places,train
data/guardrail/negatives/places/0227.jpg,not_smear,places,train
data/guardrail/negatives/places/0112.jpg,not_smear,places,train
data/guardrail/negatives/places/0182.jpg,not_smear,places,train
data/guardrail/negatives/places/0693.jpg,not_smear,places,train
data/guardrail/negatives/places/0361.jpg,not_smear,places,train
data/guardrail/negatives/places/0253.jpg,not_smear,places,train
data/guardrail/negatives/places/0105.jpg,not_smear,places,train
data/guardrail/negatives/places/0278.jpg,not_smear,places,train
data/guardrail/negatives/places/0128.jpg,not_smear,places,train
data/guardrail/negatives/places/0636.jpg,not_smear,places,train
data/guardrail/negatives/places/0411.jpg,not_smear,places,train
data/guardrail/negatives/places/0394.jpg,not_smear,places,train
data/guardrail/negatives/places/0062.jpg,not_smear,places,train
data/guardrail/negatives/places/0336.jpg,not_smear,places,train
data/guardrail/negatives/places/0488.jpg,not_smear,places,train
data/guardrail/negatives/places/0203.jpg,not_smear,places,train
data/guardrail/negatives/places/0644.jpg,not_smear,places,train
data/guardrail/negatives/places/0497.jpg,not_smear,places,train
data/guardrail/negatives/places/0149.jpg,not_smear,places,train
data/guardrail/negatives/places/0125.jpg,not_smear,places,train
data/guardrail/negatives/places/0335.jpg,not_smear,places,train
data/guardrail/negatives/places/0308.jpg,not_smear,places,train
data/guardrail/negatives/places/0476.jpg,not_smear,places,train
data/guardrail/negatives/places/0160.jpg,not_smear,places,train
data/guardrail/negatives/places/0022.jpg,not_smear,places,train
data/guardrail/negatives/places/0144.jpg,not_smear,places,train
data/guardrail/negatives/places/0092.jpg,not_smear,places,train
data/guardrail/negatives/places/0439.jpg,not_smear,places,train
data/guardrail/negatives/places/0446.jpg,not_smear,places,train
data/guardrail/negatives/places/0509.jpg,not_smear,places,train
data/guardrail/negatives/places/0039.jpg,not_smear,places,train
data/guardrail/negatives/places/0521.jpg,not_smear,places,train
data/guardrail/negatives/places/0127.jpg,not_smear,places,train
data/guardrail/negatives/places/0573.jpg,not_smear,places,train
data/guardrail/negatives/places/0007.jpg,not_smear,places,train
data/guardrail/negatives/places/0410.jpg,not_smear,places,train
data/guardrail/negatives/places/0543.jpg,not_smear,places,train
data/guardrail/negatives/places/0682.jpg,not_smear,places,train
data/guardrail/negatives/places/0274.jpg,not_smear,places,train
data/guardrail/negatives/places/0406.jpg,not_smear,places,train
data/guardrail/negatives/places/0501.jpg,not_smear,places,train
data/guardrail/negatives/places/0555.jpg,not_smear,places,train
data/guardrail/negatives/places/0382.jpg,not_smear,places,train
data/guardrail/negatives/places/0211.jpg,not_smear,places,train
data/guardrail/negatives/places/0665.jpg,not_smear,places,train
data/guardrail/negatives/places/0574.jpg,not_smear,places,train
data/guardrail/negatives/places/0301.jpg,not_smear,places,train
data/guardrail/negatives/places/0047.jpg,not_smear,places,train
data/guardrail/negatives/places/0118.jpg,not_smear,places,train
data/guardrail/negatives/places/0121.jpg,not_smear,places,train
data/guardrail/negatives/places/0029.jpg,not_smear,places,train
data/guardrail/negatives/places/0223.jpg,not_smear,places,train
data/guardrail/negatives/places/0175.jpg,not_smear,places,train
data/guardrail/negatives/places/0099.jpg,not_smear,places,train
data/guardrail/negatives/places/0180.jpg,not_smear,places,train
data/guardrail/negatives/places/0188.jpg,not_smear,places,train
data/guardrail/negatives/places/0315.jpg,not_smear,places,train
data/guardrail/negatives/places/0517.jpg,not_smear,places,train
data/guardrail/negatives/places/0224.jpg,not_smear,places,train
data/guardrail/negatives/places/0059.jpg,not_smear,places,train
data/guardrail/negatives/places/0070.jpg,not_smear,places,train
data/guardrail/negatives/places/0691.jpg,not_smear,places,train
data/guardrail/negatives/places/0218.jpg,not_smear,places,train
data/guardrail/negatives/places/0694.jpg,not_smear,places,train
data/guardrail/negatives/places/0492.jpg,not_smear,places,train
data/guardrail/negatives/places/0653.jpg,not_smear,places,train
data/guardrail/negatives/places/0628.jpg,not_smear,places,train
data/guardrail/negatives/places/0193.jpg,not_smear,places,train
data/guardrail/negatives/places/0392.jpg,not_smear,places,train
data/guardrail/negatives/places/0198.jpg,not_smear,places,train
data/guardrail/negatives/places/0026.jpg,not_smear,places,train
data/guardrail/negatives/places/0246.jpg,not_smear,places,train
data/guardrail/negatives/places/0489.jpg,not_smear,places,train
data/guardrail/negatives/places/0663.jpg,not_smear,places,train
data/guardrail/negatives/places/0377.jpg,not_smear,places,train
data/guardrail/negatives/places/0350.jpg,not_smear,places,train
data/guardrail/negatives/places/0349.jpg,not_smear,places,train
data/guardrail/negatives/places/0565.jpg,not_smear,places,train
data/guardrail/negatives/places/0440.jpg,not_smear,places,train
data/guardrail/negatives/places/0311.jpg,not_smear,places,train
data/guardrail/negatives/places/0273.jpg,not_smear,places,train
data/guardrail/negatives/places/0100.jpg,not_smear,places,train
data/guardrail/negatives/places/0415.jpg,not_smear,places,train
data/guardrail/negatives/places/0472.jpg,not_smear,places,train
data/guardrail/negatives/places/0396.jpg,not_smear,places,train
data/guardrail/negatives/places/0013.jpg,not_smear,places,train
data/guardrail/negatives/places/0692.jpg,not_smear,places,train
data/guardrail/negatives/places/0010.jpg,not_smear,places,train
data/guardrail/negatives/places/0116.jpg,not_smear,places,train
data/guardrail/negatives/places/0588.jpg,not_smear,places,train
data/guardrail/negatives/places/0685.jpg,not_smear,places,train
data/guardrail/negatives/places/0690.jpg,not_smear,places,train
data/guardrail/negatives/places/0651.jpg,not_smear,places,train
data/guardrail/negatives/places/0244.jpg,not_smear,places,train
data/guardrail/negatives/places/0220.jpg,not_smear,places,train
data/guardrail/negatives/places/0179.jpg,not_smear,places,train
data/guardrail/negatives/places/0332.jpg,not_smear,places,train
data/guardrail/negatives/places/0115.jpg,not_smear,places,train
data/guardrail/negatives/places/0259.jpg,not_smear,places,train
data/guardrail/negatives/places/0254.jpg,not_smear,places,train
data/guardrail/negatives/places/0500.jpg,not_smear,places,train
data/guardrail/negatives/places/0053.jpg,not_smear,places,train
data/guardrail/negatives/places/0021.jpg,not_smear,places,train
data/guardrail/negatives/places/0370.jpg,not_smear,places,train
data/guardrail/negatives/places/0138.jpg,not_smear,places,train
data/guardrail/negatives/places/0066.jpg,not_smear,places,train
data/guardrail/negatives/places/0484.jpg,not_smear,places,train
data/guardrail/negatives/places/0245.jpg,not_smear,places,train
data/guardrail/negatives/places/0282.jpg,not_smear,places,train
data/guardrail/negatives/places/0454.jpg,not_smear,places,val
data/guardrail/negatives/places/0041.jpg,not_smear,places,val
data/guardrail/negatives/places/0687.jpg,not_smear,places,val
data/guardrail/negatives/places/0313.jpg,not_smear,places,val
data/guardrail/negatives/places/0378.jpg,not_smear,places,val
data/guardrail/negatives/places/0306.jpg,not_smear,places,val
data/guardrail/negatives/places/0213.jpg,not_smear,places,val
data/guardrail/negatives/places/0486.jpg,not_smear,places,val
data/guardrail/negatives/places/0036.jpg,not_smear,places,val
data/guardrail/negatives/places/0177.jpg,not_smear,places,val
data/guardrail/negatives/places/0018.jpg,not_smear,places,val
data/guardrail/negatives/places/0626.jpg,not_smear,places,val
data/guardrail/negatives/places/0391.jpg,not_smear,places,val
data/guardrail/negatives/places/0427.jpg,not_smear,places,val
data/guardrail/negatives/places/0359.jpg,not_smear,places,val
data/guardrail/negatives/places/0312.jpg,not_smear,places,val
data/guardrail/negatives/places/0463.jpg,not_smear,places,val
data/guardrail/negatives/places/0288.jpg,not_smear,places,val
data/guardrail/negatives/places/0563.jpg,not_smear,places,val
data/guardrail/negatives/places/0412.jpg,not_smear,places,val
data/guardrail/negatives/places/0037.jpg,not_smear,places,val
data/guardrail/negatives/places/0505.jpg,not_smear,places,val
data/guardrail/negatives/places/0241.jpg,not_smear,places,val
data/guardrail/negatives/places/0608.jpg,not_smear,places,val
data/guardrail/negatives/places/0337.jpg,not_smear,places,val
data/guardrail/negatives/places/0209.jpg,not_smear,places,val
data/guardrail/negatives/places/0667.jpg,not_smear,places,val
data/guardrail/negatives/places/0060.jpg,not_smear,places,val
data/guardrail/negatives/places/0342.jpg,not_smear,places,val
data/guardrail/negatives/places/0205.jpg,not_smear,places,val
data/guardrail/negatives/places/0267.jpg,not_smear,places,val
data/guardrail/negatives/places/0431.jpg,not_smear,places,val
data/guardrail/negatives/places/0346.jpg,not_smear,places,val
data/guardrail/negatives/places/0033.jpg,not_smear,places,val
data/guardrail/negatives/places/0601.jpg,not_smear,places,val
data/guardrail/negatives/places/0269.jpg,not_smear,places,val
data/guardrail/negatives/places/0482.jpg,not_smear,places,val
data/guardrail/negatives/places/0113.jpg,not_smear,places,val
data/guardrail/negatives/places/0058.jpg,not_smear,places,val
data/guardrail/negatives/places/0408.jpg,not_smear,places,val
data/guardrail/negatives/places/0319.jpg,not_smear,places,val
data/guardrail/negatives/places/0562.jpg,not_smear,places,val
data/guardrail/negatives/places/0530.jpg,not_smear,places,val
data/guardrail/negatives/places/0247.jpg,not_smear,places,val
data/guardrail/negatives/places/0076.jpg,not_smear,places,val
data/guardrail/negatives/places/0294.jpg,not_smear,places,val
data/guardrail/negatives/places/0161.jpg,not_smear,places,val
data/guardrail/negatives/places/0625.jpg,not_smear,places,val
data/guardrail/negatives/places/0661.jpg,not_smear,places,val
data/guardrail/negatives/places/0655.jpg,not_smear,places,val
data/guardrail/negatives/places/0257.jpg,not_smear,places,val
data/guardrail/negatives/places/0698.jpg,not_smear,places,val
data/guardrail/negatives/places/0229.jpg,not_smear,places,val
data/guardrail/negatives/places/0023.jpg,not_smear,places,val
data/guardrail/negatives/places/0338.jpg,not_smear,places,val
data/guardrail/negatives/places/0052.jpg,not_smear,places,val
data/guardrail/negatives/places/0236.jpg,not_smear,places,val
data/guardrail/negatives/places/0510.jpg,not_smear,places,val
data/guardrail/negatives/places/0120.jpg,not_smear,places,val
data/guardrail/negatives/places/0103.jpg,not_smear,places,val
data/guardrail/negatives/places/0305.jpg,not_smear,places,val
data/guardrail/negatives/places/0529.jpg,not_smear,places,val
data/guardrail/negatives/places/0130.jpg,not_smear,places,val
data/guardrail/negatives/places/0080.jpg,not_smear,places,val
data/guardrail/negatives/places/0072.jpg,not_smear,places,val
data/guardrail/negatives/places/0640.jpg,not_smear,places,val
data/guardrail/negatives/places/0437.jpg,not_smear,places,val
data/guardrail/negatives/places/0449.jpg,not_smear,places,val
data/guardrail/negatives/places/0068.jpg,not_smear,places,val
data/guardrail/negatives/places/0141.jpg,not_smear,places,val
data/guardrail/negatives/places/0365.jpg,not_smear,places,val
data/guardrail/negatives/places/0650.jpg,not_smear,places,val
data/guardrail/negatives/places/0673.jpg,not_smear,places,val
data/guardrail/negatives/places/0485.jpg,not_smear,places,val
data/guardrail/negatives/places/0212.jpg,not_smear,places,val
data/guardrail/negatives/places/0194.jpg,not_smear,places,val
data/guardrail/negatives/places/0508.jpg,not_smear,places,val
data/guardrail/negatives/places/0540.jpg,not_smear,places,val
data/guardrail/negatives/places/0189.jpg,not_smear,places,val
data/guardrail/negatives/places/0348.jpg,not_smear,places,val
data/guardrail/negatives/places/0073.jpg,not_smear,places,val
data/guardrail/negatives/places/0559.jpg,not_smear,places,val
data/guardrail/negatives/places/0417.jpg,not_smear,places,val
data/guardrail/negatives/places/0368.jpg,not_smear,places,val
data/guardrail/negatives/places/0005.jpg,not_smear,places,val
data/guardrail/negatives/places/0646.jpg,not_smear,places,val
data/guardrail/negatives/places/0674.jpg,not_smear,places,val
data/guardrail/negatives/places/0208.jpg,not_smear,places,val
data/guardrail/negatives/places/0638.jpg,not_smear,places,val
data/guardrail/negatives/places/0024.jpg,not_smear,places,val
data/guardrail/negatives/places/0088.jpg,not_smear,places,val
data/guardrail/negatives/places/0196.jpg,not_smear,places,val
data/guardrail/negatives/places/0541.jpg,not_smear,places,val
data/guardrail/negatives/places/0444.jpg,not_smear,places,val
data/guardrail/negatives/places/0165.jpg,not_smear,places,val
data/guardrail/negatives/places/0206.jpg,not_smear,places,val
data/guardrail/negatives/places/0230.jpg,not_smear,places,val
data/guardrail/negatives/places/0292.jpg,not_smear,places,val
data/guardrail/negatives/places/0448.jpg,not_smear,places,val
data/guardrail/negatives/places/0502.jpg,not_smear,places,val
data/guardrail/negatives/places/0258.jpg,not_smear,places,val
data/guardrail/negatives/places/0200.jpg,not_smear,places,val
data/guardrail/negatives/places/0204.jpg,not_smear,places,val
data/guardrail/negatives/places/0569.jpg,not_smear,places,val
data/guardrail/negatives/places/0587.jpg,not_smear,places,val
data/guardrail/negatives/places/0136.jpg,not_smear,places,test
data/guardrail/negatives/places/0386.jpg,not_smear,places,test
data/guardrail/negatives/places/0460.jpg,not_smear,places,test
data/guardrail/negatives/places/0110.jpg,not_smear,places,test
data/guardrail/negatives/places/0328.jpg,not_smear,places,test
data/guardrail/negatives/places/0612.jpg,not_smear,places,test
data/guardrail/negatives/places/0623.jpg,not_smear,places,test
data/guardrail/negatives/places/0383.jpg,not_smear,places,test
data/guardrail/negatives/places/0452.jpg,not_smear,places,test
data/guardrail/negatives/places/0074.jpg,not_smear,places,test
data/guardrail/negatives/places/0038.jpg,not_smear,places,test
data/guardrail/negatives/places/0117.jpg,not_smear,places,test
data/guardrail/negatives/places/0256.jpg,not_smear,places,test
data/guardrail/negatives/places/0063.jpg,not_smear,places,test
data/guardrail/negatives/places/0065.jpg,not_smear,places,test
data/guardrail/negatives/places/0430.jpg,not_smear,places,test
data/guardrail/negatives/places/0393.jpg,not_smear,places,test
data/guardrail/negatives/places/0652.jpg,not_smear,places,test
data/guardrail/negatives/places/0107.jpg,not_smear,places,test
data/guardrail/negatives/places/0242.jpg,not_smear,places,test
data/guardrail/negatives/places/0621.jpg,not_smear,places,test
data/guardrail/negatives/places/0631.jpg,not_smear,places,test
data/guardrail/negatives/places/0487.jpg,not_smear,places,test
data/guardrail/negatives/places/0511.jpg,not_smear,places,test
data/guardrail/negatives/places/0108.jpg,not_smear,places,test
data/guardrail/negatives/places/0098.jpg,not_smear,places,test
data/guardrail/negatives/places/0237.jpg,not_smear,places,test
data/guardrail/negatives/places/0662.jpg,not_smear,places,test
data/guardrail/negatives/places/0030.jpg,not_smear,places,test
data/guardrail/negatives/places/0046.jpg,not_smear,places,test
data/guardrail/negatives/places/0642.jpg,not_smear,places,test
data/guardrail/negatives/places/0413.jpg,not_smear,places,test
data/guardrail/negatives/places/0598.jpg,not_smear,places,test
data/guardrail/negatives/places/0356.jpg,not_smear,places,test
data/guardrail/negatives/places/0676.jpg,not_smear,places,test
data/guardrail/negatives/places/0695.jpg,not_smear,places,test
data/guardrail/negatives/places/0331.jpg,not_smear,places,test
data/guardrail/negatives/places/0132.jpg,not_smear,places,test
data/guardrail/negatives/places/0265.jpg,not_smear,places,test
data/guardrail/negatives/places/0538.jpg,not_smear,places,test
data/guardrail/negatives/places/0519.jpg,not_smear,places,test
data/guardrail/negatives/places/0589.jpg,not_smear,places,test
data/guardrail/negatives/places/0184.jpg,not_smear,places,test
data/guardrail/negatives/places/0620.jpg,not_smear,places,test
data/guardrail/negatives/places/0483.jpg,not_smear,places,test
data/guardrail/negatives/places/0385.jpg,not_smear,places,test
data/guardrail/negatives/places/0495.jpg,not_smear,places,test
data/guardrail/negatives/places/0069.jpg,not_smear,places,test
data/guardrail/negatives/places/0403.jpg,not_smear,places,test
data/guardrail/negatives/places/0675.jpg,not_smear,places,test
data/guardrail/negatives/places/0285.jpg,not_smear,places,test
data/guardrail/negatives/places/0143.jpg,not_smear,places,test
data/guardrail/negatives/places/0470.jpg,not_smear,places,test
data/guardrail/negatives/places/0347.jpg,not_smear,places,test
data/guardrail/negatives/places/0576.jpg,not_smear,places,test
data/guardrail/negatives/places/0360.jpg,not_smear,places,test
data/guardrail/negatives/places/0155.jpg,not_smear,places,test
data/guardrail/negatives/places/0178.jpg,not_smear,places,test
data/guardrail/negatives/places/0064.jpg,not_smear,places,test
data/guardrail/negatives/places/0525.jpg,not_smear,places,test
data/guardrail/negatives/places/0399.jpg,not_smear,places,test
data/guardrail/negatives/places/0537.jpg,not_smear,places,test
data/guardrail/negatives/places/0357.jpg,not_smear,places,test
data/guardrail/negatives/places/0215.jpg,not_smear,places,test
data/guardrail/negatives/places/0515.jpg,not_smear,places,test
data/guardrail/negatives/places/0512.jpg,not_smear,places,test
data/guardrail/negatives/places/0366.jpg,not_smear,places,test
data/guardrail/negatives/places/0162.jpg,not_smear,places,test
data/guardrail/negatives/places/0009.jpg,not_smear,places,test
data/guardrail/negatives/places/0283.jpg,not_smear,places,test
data/guardrail/negatives/places/0469.jpg,not_smear,places,test
data/guardrail/negatives/places/0479.jpg,not_smear,places,test
data/guardrail/negatives/places/0142.jpg,not_smear,places,test
data/guardrail/negatives/places/0363.jpg,not_smear,places,test
data/guardrail/negatives/places/0043.jpg,not_smear,places,test
data/guardrail/negatives/places/0455.jpg,not_smear,places,test
data/guardrail/negatives/places/0634.jpg,not_smear,places,test
data/guardrail/negatives/places/0666.jpg,not_smear,places,test
data/guardrail/negatives/places/0660.jpg,not_smear,places,test
data/guardrail/negatives/places/0034.jpg,not_smear,places,test
data/guardrail/negatives/places/0310.jpg,not_smear,places,test
data/guardrail/negatives/places/0594.jpg,not_smear,places,test
data/guardrail/negatives/places/0011.jpg,not_smear,places,test
data/guardrail/negatives/places/0398.jpg,not_smear,places,test
data/guardrail/negatives/places/0577.jpg,not_smear,places,test
data/guardrail/negatives/places/0123.jpg,not_smear,places,test
data/guardrail/negatives/places/0468.jpg,not_smear,places,test
data/guardrail/negatives/places/0290.jpg,not_smear,places,test
data/guardrail/negatives/places/0028.jpg,not_smear,places,test
data/guardrail/negatives/places/0151.jpg,not_smear,places,test
data/guardrail/negatives/places/0435.jpg,not_smear,places,test
data/guardrail/negatives/places/0426.jpg,not_smear,places,test
data/guardrail/negatives/places/0475.jpg,not_smear,places,test
data/guardrail/negatives/places/0109.jpg,not_smear,places,test
data/guardrail/negatives/places/0395.jpg,not_smear,places,test
data/guardrail/negatives/places/0400.jpg,not_smear,places,test
data/guardrail/negatives/places/0281.jpg,not_smear,places,test
data/guardrail/negatives/places/0697.jpg,not_smear,places,test
data/guardrail/negatives/places/0376.jpg,not_smear,places,test
data/guardrail/negatives/places/0504.jpg,not_smear,places,test
data/guardrail/negatives/places/0602.jpg,not_smear,places,test
data/guardrail/negatives/places/0102.jpg,not_smear,places,test
data/guardrail/negatives/places/0683.jpg,not_smear,places,test
data/guardrail/negatives/places/0699.jpg,not_smear,places,test
data/guardrail/negatives/places/0296.jpg,not_smear,places,test
data/guardrail/negatives/screenshots/0335.jpg,not_smear,screenshots,train
data/guardrail/negatives/screenshots/0212.jpg,not_smear,screenshots,train
data/guardrail/negatives/screenshots/0043.jpg,not_smear,screenshots,train
data/guardrail/negatives/screenshots/0027.jpg,not_smear,screenshots,train
data/guardrail/negatives/screenshots/0354.jpg,not_smear,screenshots,train
data/guardrail/negatives/screenshots/0295.jpg,not_smear,screenshots,train
data/guardrail/negatives/screenshots/0159.jpg,not_smear,screenshots,train
data/guardrail/negatives/screenshots/0164.jpg,not_smear,screenshots,train
data/guardrail/negatives/screenshots/0355.jpg,not_smear,screenshots,train
data/guardrail/negatives/screenshots/0320.jpg,not_smear,screenshots,train
data/guardrail/negatives/screenshots/0333.jpg,not_smear,screenshots,train
data/guardrail/negatives/screenshots/0296.jpg,not_smear,screenshots,train
data/guardrail/negatives/screenshots/0289.jpg,not_smear,screenshots,train
data/guardrail/negatives/screenshots/0098.jpg,not_smear,screenshots,train
data/guardrail/negatives/screenshots/0158.jpg,not_smear,screenshots,train
data/guardrail/negatives/screenshots/0234.jpg,not_smear,screenshots,train
data/guardrail/negatives/screenshots/0179.jpg,not_smear,screenshots,train
data/guardrail/negatives/screenshots/0308.jpg,not_smear,screenshots,train
data/guardrail/negatives/screenshots/0210.jpg,not_smear,screenshots,train
data/guardrail/negatives/screenshots/0079.jpg,not_smear,screenshots,train
data/guardrail/negatives/screenshots/0237.jpg,not_smear,screenshots,train
data/guardrail/negatives/screenshots/0291.jpg,not_smear,screenshots,train
data/guardrail/negatives/screenshots/0388.jpg,not_smear,screenshots,train
data/guardrail/negatives/screenshots/0121.jpg,not_smear,screenshots,train
data/guardrail/negatives/screenshots/0329.jpg,not_smear,screenshots,train
data/guardrail/negatives/screenshots/0261.jpg,not_smear,screenshots,train
data/guardrail/negatives/screenshots/0201.jpg,not_smear,screenshots,train
data/guardrail/negatives/screenshots/0353.jpg,not_smear,screenshots,train
data/guardrail/negatives/screenshots/0022.jpg,not_smear,screenshots,train
data/guardrail/negatives/screenshots/0076.jpg,not_smear,screenshots,train
data/guardrail/negatives/screenshots/0385.jpg,not_smear,screenshots,train
data/guardrail/negatives/screenshots/0238.jpg,not_smear,screenshots,train
data/guardrail/negatives/screenshots/0115.jpg,not_smear,screenshots,train
data/guardrail/negatives/screenshots/0287.jpg,not_smear,screenshots,train
data/guardrail/negatives/screenshots/0314.jpg,not_smear,screenshots,train
data/guardrail/negatives/screenshots/0263.jpg,not_smear,screenshots,train
data/guardrail/negatives/screenshots/0017.jpg,not_smear,screenshots,train
data/guardrail/negatives/screenshots/0000.jpg,not_smear,screenshots,train
data/guardrail/negatives/screenshots/0243.jpg,not_smear,screenshots,train
data/guardrail/negatives/screenshots/0110.jpg,not_smear,screenshots,train
data/guardrail/negatives/screenshots/0239.jpg,not_smear,screenshots,train
data/guardrail/negatives/screenshots/0356.jpg,not_smear,screenshots,train
data/guardrail/negatives/screenshots/0204.jpg,not_smear,screenshots,train
data/guardrail/negatives/screenshots/0255.jpg,not_smear,screenshots,train
data/guardrail/negatives/screenshots/0213.jpg,not_smear,screenshots,train
data/guardrail/negatives/screenshots/0133.jpg,not_smear,screenshots,train
data/guardrail/negatives/screenshots/0283.jpg,not_smear,screenshots,train
data/guardrail/negatives/screenshots/0176.jpg,not_smear,screenshots,train
data/guardrail/negatives/screenshots/0270.jpg,not_smear,screenshots,train
data/guardrail/negatives/screenshots/0119.jpg,not_smear,screenshots,train
data/guardrail/negatives/screenshots/0358.jpg,not_smear,screenshots,train
data/guardrail/negatives/screenshots/0087.jpg,not_smear,screenshots,train
data/guardrail/negatives/screenshots/0322.jpg,not_smear,screenshots,train
data/guardrail/negatives/screenshots/0046.jpg,not_smear,screenshots,train
data/guardrail/negatives/screenshots/0193.jpg,not_smear,screenshots,train
data/guardrail/negatives/screenshots/0030.jpg,not_smear,screenshots,train
data/guardrail/negatives/screenshots/0345.jpg,not_smear,screenshots,train
data/guardrail/negatives/screenshots/0357.jpg,not_smear,screenshots,train
data/guardrail/negatives/screenshots/0389.jpg,not_smear,screenshots,train
data/guardrail/negatives/screenshots/0155.jpg,not_smear,screenshots,train
data/guardrail/negatives/screenshots/0131.jpg,not_smear,screenshots,train
data/guardrail/negatives/screenshots/0223.jpg,not_smear,screenshots,train
data/guardrail/negatives/screenshots/0116.jpg,not_smear,screenshots,train
data/guardrail/negatives/screenshots/0062.jpg,not_smear,screenshots,train
data/guardrail/negatives/screenshots/0152.jpg,not_smear,screenshots,train
data/guardrail/negatives/screenshots/0236.jpg,not_smear,screenshots,train
data/guardrail/negatives/screenshots/0278.jpg,not_smear,screenshots,train
data/guardrail/negatives/screenshots/0148.jpg,not_smear,screenshots,train
data/guardrail/negatives/screenshots/0173.jpg,not_smear,screenshots,train
data/guardrail/negatives/screenshots/0397.jpg,not_smear,screenshots,train
data/guardrail/negatives/screenshots/0117.jpg,not_smear,screenshots,train
data/guardrail/negatives/screenshots/0226.jpg,not_smear,screenshots,train
data/guardrail/negatives/screenshots/0093.jpg,not_smear,screenshots,train
data/guardrail/negatives/screenshots/0199.jpg,not_smear,screenshots,train
data/guardrail/negatives/screenshots/0324.jpg,not_smear,screenshots,train
data/guardrail/negatives/screenshots/0375.jpg,not_smear,screenshots,train
data/guardrail/negatives/screenshots/0317.jpg,not_smear,screenshots,train
data/guardrail/negatives/screenshots/0395.jpg,not_smear,screenshots,train
data/guardrail/negatives/screenshots/0103.jpg,not_smear,screenshots,train
data/guardrail/negatives/screenshots/0267.jpg,not_smear,screenshots,train
data/guardrail/negatives/screenshots/0319.jpg,not_smear,screenshots,train
data/guardrail/negatives/screenshots/0209.jpg,not_smear,screenshots,train
data/guardrail/negatives/screenshots/0301.jpg,not_smear,screenshots,train
data/guardrail/negatives/screenshots/0047.jpg,not_smear,screenshots,train
data/guardrail/negatives/screenshots/0122.jpg,not_smear,screenshots,train
data/guardrail/negatives/screenshots/0331.jpg,not_smear,screenshots,train
data/guardrail/negatives/screenshots/0111.jpg,not_smear,screenshots,train
data/guardrail/negatives/screenshots/0241.jpg,not_smear,screenshots,train
data/guardrail/negatives/screenshots/0139.jpg,not_smear,screenshots,train
data/guardrail/negatives/screenshots/0342.jpg,not_smear,screenshots,train
data/guardrail/negatives/screenshots/0208.jpg,not_smear,screenshots,train
data/guardrail/negatives/screenshots/0089.jpg,not_smear,screenshots,train
data/guardrail/negatives/screenshots/0036.jpg,not_smear,screenshots,train
data/guardrail/negatives/screenshots/0338.jpg,not_smear,screenshots,train
data/guardrail/negatives/screenshots/0253.jpg,not_smear,screenshots,train
data/guardrail/negatives/screenshots/0071.jpg,not_smear,screenshots,train
data/guardrail/negatives/screenshots/0279.jpg,not_smear,screenshots,train
data/guardrail/negatives/screenshots/0304.jpg,not_smear,screenshots,train
data/guardrail/negatives/screenshots/0202.jpg,not_smear,screenshots,train
data/guardrail/negatives/screenshots/0242.jpg,not_smear,screenshots,train
data/guardrail/negatives/screenshots/0318.jpg,not_smear,screenshots,train
data/guardrail/negatives/screenshots/0048.jpg,not_smear,screenshots,train
data/guardrail/negatives/screenshots/0233.jpg,not_smear,screenshots,train
data/guardrail/negatives/screenshots/0393.jpg,not_smear,screenshots,train
data/guardrail/negatives/screenshots/0083.jpg,not_smear,screenshots,train
data/guardrail/negatives/screenshots/0136.jpg,not_smear,screenshots,train
data/guardrail/negatives/screenshots/0257.jpg,not_smear,screenshots,train
data/guardrail/negatives/screenshots/0025.jpg,not_smear,screenshots,train
data/guardrail/negatives/screenshots/0288.jpg,not_smear,screenshots,train
data/guardrail/negatives/screenshots/0035.jpg,not_smear,screenshots,train
data/guardrail/negatives/screenshots/0127.jpg,not_smear,screenshots,train
data/guardrail/negatives/screenshots/0002.jpg,not_smear,screenshots,train
data/guardrail/negatives/screenshots/0203.jpg,not_smear,screenshots,train
data/guardrail/negatives/screenshots/0065.jpg,not_smear,screenshots,train
data/guardrail/negatives/screenshots/0368.jpg,not_smear,screenshots,train
data/guardrail/negatives/screenshots/0396.jpg,not_smear,screenshots,train
data/guardrail/negatives/screenshots/0305.jpg,not_smear,screenshots,train
data/guardrail/negatives/screenshots/0039.jpg,not_smear,screenshots,train
data/guardrail/negatives/screenshots/0290.jpg,not_smear,screenshots,train
data/guardrail/negatives/screenshots/0380.jpg,not_smear,screenshots,train
data/guardrail/negatives/screenshots/0130.jpg,not_smear,screenshots,train
data/guardrail/negatives/screenshots/0024.jpg,not_smear,screenshots,train
data/guardrail/negatives/screenshots/0269.jpg,not_smear,screenshots,train
data/guardrail/negatives/screenshots/0150.jpg,not_smear,screenshots,train
data/guardrail/negatives/screenshots/0075.jpg,not_smear,screenshots,train
data/guardrail/negatives/screenshots/0094.jpg,not_smear,screenshots,train
data/guardrail/negatives/screenshots/0174.jpg,not_smear,screenshots,train
data/guardrail/negatives/screenshots/0326.jpg,not_smear,screenshots,train
data/guardrail/negatives/screenshots/0190.jpg,not_smear,screenshots,train
data/guardrail/negatives/screenshots/0187.jpg,not_smear,screenshots,train
data/guardrail/negatives/screenshots/0284.jpg,not_smear,screenshots,train
data/guardrail/negatives/screenshots/0229.jpg,not_smear,screenshots,train
data/guardrail/negatives/screenshots/0309.jpg,not_smear,screenshots,train
data/guardrail/negatives/screenshots/0361.jpg,not_smear,screenshots,train
data/guardrail/negatives/screenshots/0392.jpg,not_smear,screenshots,train
data/guardrail/negatives/screenshots/0391.jpg,not_smear,screenshots,train
data/guardrail/negatives/screenshots/0188.jpg,not_smear,screenshots,train
data/guardrail/negatives/screenshots/0211.jpg,not_smear,screenshots,train
data/guardrail/negatives/screenshots/0096.jpg,not_smear,screenshots,train
data/guardrail/negatives/screenshots/0031.jpg,not_smear,screenshots,train
data/guardrail/negatives/screenshots/0069.jpg,not_smear,screenshots,train
data/guardrail/negatives/screenshots/0008.jpg,not_smear,screenshots,train
data/guardrail/negatives/screenshots/0191.jpg,not_smear,screenshots,train
data/guardrail/negatives/screenshots/0398.jpg,not_smear,screenshots,train
data/guardrail/negatives/screenshots/0006.jpg,not_smear,screenshots,train
data/guardrail/negatives/screenshots/0299.jpg,not_smear,screenshots,train
data/guardrail/negatives/screenshots/0364.jpg,not_smear,screenshots,train
data/guardrail/negatives/screenshots/0168.jpg,not_smear,screenshots,train
data/guardrail/negatives/screenshots/0010.jpg,not_smear,screenshots,train
data/guardrail/negatives/screenshots/0360.jpg,not_smear,screenshots,train
data/guardrail/negatives/screenshots/0258.jpg,not_smear,screenshots,train
data/guardrail/negatives/screenshots/0128.jpg,not_smear,screenshots,train
data/guardrail/negatives/screenshots/0026.jpg,not_smear,screenshots,train
data/guardrail/negatives/screenshots/0280.jpg,not_smear,screenshots,train
data/guardrail/negatives/screenshots/0183.jpg,not_smear,screenshots,train
data/guardrail/negatives/screenshots/0009.jpg,not_smear,screenshots,train
data/guardrail/negatives/screenshots/0352.jpg,not_smear,screenshots,train
data/guardrail/negatives/screenshots/0063.jpg,not_smear,screenshots,train
data/guardrail/negatives/screenshots/0381.jpg,not_smear,screenshots,train
data/guardrail/negatives/screenshots/0323.jpg,not_smear,screenshots,train
data/guardrail/negatives/screenshots/0216.jpg,not_smear,screenshots,train
data/guardrail/negatives/screenshots/0349.jpg,not_smear,screenshots,train
data/guardrail/negatives/screenshots/0297.jpg,not_smear,screenshots,train
data/guardrail/negatives/screenshots/0041.jpg,not_smear,screenshots,train
data/guardrail/negatives/screenshots/0231.jpg,not_smear,screenshots,train
data/guardrail/negatives/screenshots/0058.jpg,not_smear,screenshots,train
data/guardrail/negatives/screenshots/0313.jpg,not_smear,screenshots,train
data/guardrail/negatives/screenshots/0170.jpg,not_smear,screenshots,train
data/guardrail/negatives/screenshots/0328.jpg,not_smear,screenshots,train
data/guardrail/negatives/screenshots/0382.jpg,not_smear,screenshots,train
data/guardrail/negatives/screenshots/0195.jpg,not_smear,screenshots,train
data/guardrail/negatives/screenshots/0274.jpg,not_smear,screenshots,train
data/guardrail/negatives/screenshots/0053.jpg,not_smear,screenshots,train
data/guardrail/negatives/screenshots/0370.jpg,not_smear,screenshots,train
data/guardrail/negatives/screenshots/0012.jpg,not_smear,screenshots,train
data/guardrail/negatives/screenshots/0325.jpg,not_smear,screenshots,train
data/guardrail/negatives/screenshots/0016.jpg,not_smear,screenshots,train
data/guardrail/negatives/screenshots/0321.jpg,not_smear,screenshots,train
data/guardrail/negatives/screenshots/0090.jpg,not_smear,screenshots,train
data/guardrail/negatives/screenshots/0085.jpg,not_smear,screenshots,train
data/guardrail/negatives/screenshots/0245.jpg,not_smear,screenshots,train
data/guardrail/negatives/screenshots/0023.jpg,not_smear,screenshots,train
data/guardrail/negatives/screenshots/0311.jpg,not_smear,screenshots,train
data/guardrail/negatives/screenshots/0185.jpg,not_smear,screenshots,train
data/guardrail/negatives/screenshots/0184.jpg,not_smear,screenshots,train
data/guardrail/negatives/screenshots/0005.jpg,not_smear,screenshots,train
data/guardrail/negatives/screenshots/0138.jpg,not_smear,screenshots,train
data/guardrail/negatives/screenshots/0154.jpg,not_smear,screenshots,train
data/guardrail/negatives/screenshots/0033.jpg,not_smear,screenshots,train
data/guardrail/negatives/screenshots/0379.jpg,not_smear,screenshots,train
data/guardrail/negatives/screenshots/0156.jpg,not_smear,screenshots,train
data/guardrail/negatives/screenshots/0157.jpg,not_smear,screenshots,train
data/guardrail/negatives/screenshots/0028.jpg,not_smear,screenshots,train
data/guardrail/negatives/screenshots/0383.jpg,not_smear,screenshots,train
data/guardrail/negatives/screenshots/0052.jpg,not_smear,screenshots,train
data/guardrail/negatives/screenshots/0137.jpg,not_smear,screenshots,train
data/guardrail/negatives/screenshots/0042.jpg,not_smear,screenshots,train
data/guardrail/negatives/screenshots/0399.jpg,not_smear,screenshots,train
data/guardrail/negatives/screenshots/0205.jpg,not_smear,screenshots,train
data/guardrail/negatives/screenshots/0390.jpg,not_smear,screenshots,train
data/guardrail/negatives/screenshots/0373.jpg,not_smear,screenshots,train
data/guardrail/negatives/screenshots/0078.jpg,not_smear,screenshots,train
data/guardrail/negatives/screenshots/0011.jpg,not_smear,screenshots,train
data/guardrail/negatives/screenshots/0312.jpg,not_smear,screenshots,train
data/guardrail/negatives/screenshots/0359.jpg,not_smear,screenshots,train
data/guardrail/negatives/screenshots/0339.jpg,not_smear,screenshots,train
data/guardrail/negatives/screenshots/0186.jpg,not_smear,screenshots,train
data/guardrail/negatives/screenshots/0124.jpg,not_smear,screenshots,train
data/guardrail/negatives/screenshots/0230.jpg,not_smear,screenshots,train
data/guardrail/negatives/screenshots/0350.jpg,not_smear,screenshots,train
data/guardrail/negatives/screenshots/0219.jpg,not_smear,screenshots,train
data/guardrail/negatives/screenshots/0102.jpg,not_smear,screenshots,train
data/guardrail/negatives/screenshots/0108.jpg,not_smear,screenshots,train
data/guardrail/negatives/screenshots/0327.jpg,not_smear,screenshots,train
data/guardrail/negatives/screenshots/0207.jpg,not_smear,screenshots,train
data/guardrail/negatives/screenshots/0302.jpg,not_smear,screenshots,train
data/guardrail/negatives/screenshots/0235.jpg,not_smear,screenshots,train
data/guardrail/negatives/screenshots/0286.jpg,not_smear,screenshots,train
data/guardrail/negatives/screenshots/0172.jpg,not_smear,screenshots,train
data/guardrail/negatives/screenshots/0066.jpg,not_smear,screenshots,train
data/guardrail/negatives/screenshots/0082.jpg,not_smear,screenshots,train
data/guardrail/negatives/screenshots/0197.jpg,not_smear,screenshots,train
data/guardrail/negatives/screenshots/0143.jpg,not_smear,screenshots,train
data/guardrail/negatives/screenshots/0015.jpg,not_smear,screenshots,train
data/guardrail/negatives/screenshots/0348.jpg,not_smear,screenshots,train
data/guardrail/negatives/screenshots/0268.jpg,not_smear,screenshots,train
data/guardrail/negatives/screenshots/0256.jpg,not_smear,screenshots,train
data/guardrail/negatives/screenshots/0337.jpg,not_smear,screenshots,train
data/guardrail/negatives/screenshots/0055.jpg,not_smear,screenshots,train
data/guardrail/negatives/screenshots/0129.jpg,not_smear,screenshots,train
data/guardrail/negatives/screenshots/0068.jpg,not_smear,screenshots,train
data/guardrail/negatives/screenshots/0074.jpg,not_smear,screenshots,train
data/guardrail/negatives/screenshots/0007.jpg,not_smear,screenshots,train
data/guardrail/negatives/screenshots/0378.jpg,not_smear,screenshots,train
data/guardrail/negatives/screenshots/0175.jpg,not_smear,screenshots,train
data/guardrail/negatives/screenshots/0362.jpg,not_smear,screenshots,train
data/guardrail/negatives/screenshots/0273.jpg,not_smear,screenshots,train
data/guardrail/negatives/screenshots/0307.jpg,not_smear,screenshots,train
data/guardrail/negatives/screenshots/0384.jpg,not_smear,screenshots,train
data/guardrail/negatives/screenshots/0206.jpg,not_smear,screenshots,train
data/guardrail/negatives/screenshots/0215.jpg,not_smear,screenshots,train
data/guardrail/negatives/screenshots/0123.jpg,not_smear,screenshots,train
data/guardrail/negatives/screenshots/0225.jpg,not_smear,screenshots,train
data/guardrail/negatives/screenshots/0198.jpg,not_smear,screenshots,train
data/guardrail/negatives/screenshots/0032.jpg,not_smear,screenshots,train
data/guardrail/negatives/screenshots/0180.jpg,not_smear,screenshots,train
data/guardrail/negatives/screenshots/0293.jpg,not_smear,screenshots,train
data/guardrail/negatives/screenshots/0277.jpg,not_smear,screenshots,train
data/guardrail/negatives/screenshots/0088.jpg,not_smear,screenshots,train
data/guardrail/negatives/screenshots/0029.jpg,not_smear,screenshots,train
data/guardrail/negatives/screenshots/0169.jpg,not_smear,screenshots,train
data/guardrail/negatives/screenshots/0081.jpg,not_smear,screenshots,train
data/guardrail/negatives/screenshots/0244.jpg,not_smear,screenshots,train
data/guardrail/negatives/screenshots/0272.jpg,not_smear,screenshots,train
data/guardrail/negatives/screenshots/0346.jpg,not_smear,screenshots,train
data/guardrail/negatives/screenshots/0330.jpg,not_smear,screenshots,train
data/guardrail/negatives/screenshots/0217.jpg,not_smear,screenshots,train
data/guardrail/negatives/screenshots/0126.jpg,not_smear,screenshots,train
data/guardrail/negatives/screenshots/0166.jpg,not_smear,screenshots,train
data/guardrail/negatives/screenshots/0228.jpg,not_smear,screenshots,train
data/guardrail/negatives/screenshots/0281.jpg,not_smear,screenshots,train
data/guardrail/negatives/screenshots/0371.jpg,not_smear,screenshots,train
data/guardrail/negatives/screenshots/0057.jpg,not_smear,screenshots,train
data/guardrail/negatives/screenshots/0303.jpg,not_smear,screenshots,train
data/guardrail/negatives/screenshots/0363.jpg,not_smear,screenshots,train
data/guardrail/negatives/screenshots/0340.jpg,not_smear,screenshots,train
data/guardrail/negatives/screenshots/0246.jpg,not_smear,screenshots,train
data/guardrail/negatives/screenshots/0182.jpg,not_smear,screenshots,train
data/guardrail/negatives/screenshots/0200.jpg,not_smear,screenshots,train
data/guardrail/negatives/screenshots/0351.jpg,not_smear,screenshots,train
data/guardrail/negatives/screenshots/0298.jpg,not_smear,screenshots,train
data/guardrail/negatives/screenshots/0149.jpg,not_smear,screenshots,train
data/guardrail/negatives/screenshots/0367.jpg,not_smear,screenshots,train
data/guardrail/negatives/screenshots/0153.jpg,not_smear,screenshots,train
data/guardrail/negatives/screenshots/0092.jpg,not_smear,screenshots,train
data/guardrail/negatives/screenshots/0271.jpg,not_smear,screenshots,train
data/guardrail/negatives/screenshots/0247.jpg,not_smear,screenshots,train
data/guardrail/negatives/screenshots/0178.jpg,not_smear,screenshots,train
data/guardrail/negatives/screenshots/0120.jpg,not_smear,screenshots,train
data/guardrail/negatives/screenshots/0194.jpg,not_smear,screenshots,train
data/guardrail/negatives/screenshots/0334.jpg,not_smear,screenshots,val
data/guardrail/negatives/screenshots/0214.jpg,not_smear,screenshots,val
data/guardrail/negatives/screenshots/0316.jpg,not_smear,screenshots,val
data/guardrail/negatives/screenshots/0394.jpg,not_smear,screenshots,val
data/guardrail/negatives/screenshots/0106.jpg,not_smear,screenshots,val
data/guardrail/negatives/screenshots/0369.jpg,not_smear,screenshots,val
data/guardrail/negatives/screenshots/0251.jpg,not_smear,screenshots,val
data/guardrail/negatives/screenshots/0034.jpg,not_smear,screenshots,val
data/guardrail/negatives/screenshots/0222.jpg,not_smear,screenshots,val
data/guardrail/negatives/screenshots/0001.jpg,not_smear,screenshots,val
data/guardrail/negatives/screenshots/0109.jpg,not_smear,screenshots,val
data/guardrail/negatives/screenshots/0264.jpg,not_smear,screenshots,val
data/guardrail/negatives/screenshots/0045.jpg,not_smear,screenshots,val
data/guardrail/negatives/screenshots/0101.jpg,not_smear,screenshots,val
data/guardrail/negatives/screenshots/0067.jpg,not_smear,screenshots,val
data/guardrail/negatives/screenshots/0347.jpg,not_smear,screenshots,val
data/guardrail/negatives/screenshots/0254.jpg,not_smear,screenshots,val
data/guardrail/negatives/screenshots/0095.jpg,not_smear,screenshots,val
data/guardrail/negatives/screenshots/0248.jpg,not_smear,screenshots,val
data/guardrail/negatives/screenshots/0077.jpg,not_smear,screenshots,val
data/guardrail/negatives/screenshots/0240.jpg,not_smear,screenshots,val
data/guardrail/negatives/screenshots/0135.jpg,not_smear,screenshots,val
data/guardrail/negatives/screenshots/0100.jpg,not_smear,screenshots,val
data/guardrail/negatives/screenshots/0112.jpg,not_smear,screenshots,val
data/guardrail/negatives/screenshots/0192.jpg,not_smear,screenshots,val
data/guardrail/negatives/screenshots/0300.jpg,not_smear,screenshots,val
data/guardrail/negatives/screenshots/0332.jpg,not_smear,screenshots,val
data/guardrail/negatives/screenshots/0125.jpg,not_smear,screenshots,val
data/guardrail/negatives/screenshots/0004.jpg,not_smear,screenshots,val
data/guardrail/negatives/screenshots/0018.jpg,not_smear,screenshots,val
data/guardrail/negatives/screenshots/0285.jpg,not_smear,screenshots,val
data/guardrail/negatives/screenshots/0097.jpg,not_smear,screenshots,val
data/guardrail/negatives/screenshots/0162.jpg,not_smear,screenshots,val
data/guardrail/negatives/screenshots/0343.jpg,not_smear,screenshots,val
data/guardrail/negatives/screenshots/0051.jpg,not_smear,screenshots,val
data/guardrail/negatives/screenshots/0336.jpg,not_smear,screenshots,val
data/guardrail/negatives/screenshots/0019.jpg,not_smear,screenshots,val
data/guardrail/negatives/screenshots/0161.jpg,not_smear,screenshots,val
data/guardrail/negatives/screenshots/0037.jpg,not_smear,screenshots,val
data/guardrail/negatives/screenshots/0262.jpg,not_smear,screenshots,val
data/guardrail/negatives/screenshots/0366.jpg,not_smear,screenshots,val
data/guardrail/negatives/screenshots/0141.jpg,not_smear,screenshots,val
data/guardrail/negatives/screenshots/0171.jpg,not_smear,screenshots,val
data/guardrail/negatives/screenshots/0259.jpg,not_smear,screenshots,val
data/guardrail/negatives/screenshots/0080.jpg,not_smear,screenshots,val
data/guardrail/negatives/screenshots/0167.jpg,not_smear,screenshots,val
data/guardrail/negatives/screenshots/0038.jpg,not_smear,screenshots,val
data/guardrail/negatives/screenshots/0113.jpg,not_smear,screenshots,val
data/guardrail/negatives/screenshots/0040.jpg,not_smear,screenshots,val
data/guardrail/negatives/screenshots/0181.jpg,not_smear,screenshots,val
data/guardrail/negatives/screenshots/0059.jpg,not_smear,screenshots,val
data/guardrail/negatives/screenshots/0365.jpg,not_smear,screenshots,val
data/guardrail/negatives/screenshots/0070.jpg,not_smear,screenshots,val
data/guardrail/negatives/screenshots/0044.jpg,not_smear,screenshots,val
data/guardrail/negatives/screenshots/0134.jpg,not_smear,screenshots,val
data/guardrail/negatives/screenshots/0252.jpg,not_smear,screenshots,val
data/guardrail/negatives/screenshots/0221.jpg,not_smear,screenshots,val
data/guardrail/negatives/screenshots/0344.jpg,not_smear,screenshots,val
data/guardrail/negatives/screenshots/0061.jpg,not_smear,screenshots,val
data/guardrail/negatives/screenshots/0056.jpg,not_smear,screenshots,val
data/guardrail/negatives/screenshots/0151.jpg,not_smear,screenshots,test
data/guardrail/negatives/screenshots/0232.jpg,not_smear,screenshots,test
data/guardrail/negatives/screenshots/0064.jpg,not_smear,screenshots,test
data/guardrail/negatives/screenshots/0266.jpg,not_smear,screenshots,test
data/guardrail/negatives/screenshots/0227.jpg,not_smear,screenshots,test
data/guardrail/negatives/screenshots/0218.jpg,not_smear,screenshots,test
data/guardrail/negatives/screenshots/0292.jpg,not_smear,screenshots,test
data/guardrail/negatives/screenshots/0144.jpg,not_smear,screenshots,test
data/guardrail/negatives/screenshots/0104.jpg,not_smear,screenshots,test
data/guardrail/negatives/screenshots/0189.jpg,not_smear,screenshots,test
data/guardrail/negatives/screenshots/0013.jpg,not_smear,screenshots,test
data/guardrail/negatives/screenshots/0250.jpg,not_smear,screenshots,test
data/guardrail/negatives/screenshots/0003.jpg,not_smear,screenshots,test
data/guardrail/negatives/screenshots/0099.jpg,not_smear,screenshots,test
data/guardrail/negatives/screenshots/0275.jpg,not_smear,screenshots,test
data/guardrail/negatives/screenshots/0276.jpg,not_smear,screenshots,test
data/guardrail/negatives/screenshots/0020.jpg,not_smear,screenshots,test
data/guardrail/negatives/screenshots/0306.jpg,not_smear,screenshots,test
data/guardrail/negatives/screenshots/0014.jpg,not_smear,screenshots,test
data/guardrail/negatives/screenshots/0372.jpg,not_smear,screenshots,test
data/guardrail/negatives/screenshots/0260.jpg,not_smear,screenshots,test
data/guardrail/negatives/screenshots/0282.jpg,not_smear,screenshots,test
data/guardrail/negatives/screenshots/0105.jpg,not_smear,screenshots,test
data/guardrail/negatives/screenshots/0049.jpg,not_smear,screenshots,test
data/guardrail/negatives/screenshots/0072.jpg,not_smear,screenshots,test
data/guardrail/negatives/screenshots/0386.jpg,not_smear,screenshots,test
data/guardrail/negatives/screenshots/0341.jpg,not_smear,screenshots,test
data/guardrail/negatives/screenshots/0118.jpg,not_smear,screenshots,test
data/guardrail/negatives/screenshots/0054.jpg,not_smear,screenshots,test
data/guardrail/negatives/screenshots/0310.jpg,not_smear,screenshots,test
data/guardrail/negatives/screenshots/0132.jpg,not_smear,screenshots,test
data/guardrail/negatives/screenshots/0377.jpg,not_smear,screenshots,test
data/guardrail/negatives/screenshots/0086.jpg,not_smear,screenshots,test
data/guardrail/negatives/screenshots/0114.jpg,not_smear,screenshots,test
data/guardrail/negatives/screenshots/0224.jpg,not_smear,screenshots,test
data/guardrail/negatives/screenshots/0249.jpg,not_smear,screenshots,test
data/guardrail/negatives/screenshots/0140.jpg,not_smear,screenshots,test
data/guardrail/negatives/screenshots/0147.jpg,not_smear,screenshots,test
data/guardrail/negatives/screenshots/0060.jpg,not_smear,screenshots,test
data/guardrail/negatives/screenshots/0084.jpg,not_smear,screenshots,test
data/guardrail/negatives/screenshots/0145.jpg,not_smear,screenshots,test
data/guardrail/negatives/screenshots/0177.jpg,not_smear,screenshots,test
data/guardrail/negatives/screenshots/0050.jpg,not_smear,screenshots,test
data/guardrail/negatives/screenshots/0160.jpg,not_smear,screenshots,test
data/guardrail/negatives/screenshots/0315.jpg,not_smear,screenshots,test
data/guardrail/negatives/screenshots/0294.jpg,not_smear,screenshots,test
data/guardrail/negatives/screenshots/0142.jpg,not_smear,screenshots,test
data/guardrail/negatives/screenshots/0265.jpg,not_smear,screenshots,test
data/guardrail/negatives/screenshots/0220.jpg,not_smear,screenshots,test
data/guardrail/negatives/screenshots/0107.jpg,not_smear,screenshots,test
data/guardrail/negatives/screenshots/0374.jpg,not_smear,screenshots,test
data/guardrail/negatives/screenshots/0376.jpg,not_smear,screenshots,test
data/guardrail/negatives/screenshots/0021.jpg,not_smear,screenshots,test
data/guardrail/negatives/screenshots/0073.jpg,not_smear,screenshots,test
data/guardrail/negatives/screenshots/0091.jpg,not_smear,screenshots,test
data/guardrail/negatives/screenshots/0387.jpg,not_smear,screenshots,test
data/guardrail/negatives/screenshots/0163.jpg,not_smear,screenshots,test
data/guardrail/negatives/screenshots/0196.jpg,not_smear,screenshots,test
data/guardrail/negatives/screenshots/0165.jpg,not_smear,screenshots,test
data/guardrail/negatives/screenshots/0146.jpg,not_smear,screenshots,test
data/guardrail/negatives/synthetic_black/0024.jpg,not_smear,synthetic_black,train
data/guardrail/negatives/synthetic_black/0049.jpg,not_smear,synthetic_black,train
data/guardrail/negatives/synthetic_black/0003.jpg,not_smear,synthetic_black,train
data/guardrail/negatives/synthetic_black/0019.jpg,not_smear,synthetic_black,train
data/guardrail/negatives/synthetic_black/0012.jpg,not_smear,synthetic_black,train
data/guardrail/negatives/synthetic_black/0051.jpg,not_smear,synthetic_black,train
data/guardrail/negatives/synthetic_black/0032.jpg,not_smear,synthetic_black,train
data/guardrail/negatives/synthetic_black/0014.jpg,not_smear,synthetic_black,train
data/guardrail/negatives/synthetic_black/0042.jpg,not_smear,synthetic_black,train
data/guardrail/negatives/synthetic_black/0038.jpg,not_smear,synthetic_black,train
data/guardrail/negatives/synthetic_black/0028.jpg,not_smear,synthetic_black,train
data/guardrail/negatives/synthetic_black/0056.jpg,not_smear,synthetic_black,train
data/guardrail/negatives/synthetic_black/0031.jpg,not_smear,synthetic_black,train
data/guardrail/negatives/synthetic_black/0001.jpg,not_smear,synthetic_black,train
data/guardrail/negatives/synthetic_black/0011.jpg,not_smear,synthetic_black,train
data/guardrail/negatives/synthetic_black/0034.jpg,not_smear,synthetic_black,train
data/guardrail/negatives/synthetic_black/0006.jpg,not_smear,synthetic_black,train
data/guardrail/negatives/synthetic_black/0052.jpg,not_smear,synthetic_black,train
data/guardrail/negatives/synthetic_black/0059.jpg,not_smear,synthetic_black,train
data/guardrail/negatives/synthetic_black/0002.jpg,not_smear,synthetic_black,train
data/guardrail/negatives/synthetic_black/0055.jpg,not_smear,synthetic_black,train
data/guardrail/negatives/synthetic_black/0004.jpg,not_smear,synthetic_black,train
data/guardrail/negatives/synthetic_black/0035.jpg,not_smear,synthetic_black,train
data/guardrail/negatives/synthetic_black/0037.jpg,not_smear,synthetic_black,train
data/guardrail/negatives/synthetic_black/0044.jpg,not_smear,synthetic_black,train
data/guardrail/negatives/synthetic_black/0058.jpg,not_smear,synthetic_black,train
data/guardrail/negatives/synthetic_black/0015.jpg,not_smear,synthetic_black,train
data/guardrail/negatives/synthetic_black/0026.jpg,not_smear,synthetic_black,train
data/guardrail/negatives/synthetic_black/0022.jpg,not_smear,synthetic_black,train
data/guardrail/negatives/synthetic_black/0053.jpg,not_smear,synthetic_black,train
data/guardrail/negatives/synthetic_black/0005.jpg,not_smear,synthetic_black,train
data/guardrail/negatives/synthetic_black/0008.jpg,not_smear,synthetic_black,train
data/guardrail/negatives/synthetic_black/0021.jpg,not_smear,synthetic_black,train
data/guardrail/negatives/synthetic_black/0040.jpg,not_smear,synthetic_black,train
data/guardrail/negatives/synthetic_black/0029.jpg,not_smear,synthetic_black,train
data/guardrail/negatives/synthetic_black/0030.jpg,not_smear,synthetic_black,train
data/guardrail/negatives/synthetic_black/0016.jpg,not_smear,synthetic_black,train
data/guardrail/negatives/synthetic_black/0045.jpg,not_smear,synthetic_black,train
data/guardrail/negatives/synthetic_black/0047.jpg,not_smear,synthetic_black,train
data/guardrail/negatives/synthetic_black/0048.jpg,not_smear,synthetic_black,train
data/guardrail/negatives/synthetic_black/0013.jpg,not_smear,synthetic_black,train
data/guardrail/negatives/synthetic_black/0050.jpg,not_smear,synthetic_black,train
data/guardrail/negatives/synthetic_black/0054.jpg,not_smear,synthetic_black,val
data/guardrail/negatives/synthetic_black/0009.jpg,not_smear,synthetic_black,val
data/guardrail/negatives/synthetic_black/0010.jpg,not_smear,synthetic_black,val
data/guardrail/negatives/synthetic_black/0041.jpg,not_smear,synthetic_black,val
data/guardrail/negatives/synthetic_black/0036.jpg,not_smear,synthetic_black,val
data/guardrail/negatives/synthetic_black/0023.jpg,not_smear,synthetic_black,val
data/guardrail/negatives/synthetic_black/0039.jpg,not_smear,synthetic_black,val
data/guardrail/negatives/synthetic_black/0020.jpg,not_smear,synthetic_black,val
data/guardrail/negatives/synthetic_black/0033.jpg,not_smear,synthetic_black,val
data/guardrail/negatives/synthetic_black/0017.jpg,not_smear,synthetic_black,test
data/guardrail/negatives/synthetic_black/0043.jpg,not_smear,synthetic_black,test
data/guardrail/negatives/synthetic_black/0046.jpg,not_smear,synthetic_black,test
data/guardrail/negatives/synthetic_black/0057.jpg,not_smear,synthetic_black,test
data/guardrail/negatives/synthetic_black/0027.jpg,not_smear,synthetic_black,test
data/guardrail/negatives/synthetic_black/0007.jpg,not_smear,synthetic_black,test
data/guardrail/negatives/synthetic_black/0018.jpg,not_smear,synthetic_black,test
data/guardrail/negatives/synthetic_black/0000.jpg,not_smear,synthetic_black,test
data/guardrail/negatives/synthetic_black/0025.jpg,not_smear,synthetic_black,test
data/guardrail/negatives/synthetic_blank/0043.jpg,not_smear,synthetic_blank,train
data/guardrail/negatives/synthetic_blank/0058.jpg,not_smear,synthetic_blank,train
data/guardrail/negatives/synthetic_blank/0044.jpg,not_smear,synthetic_blank,train
data/guardrail/negatives/synthetic_blank/0029.jpg,not_smear,synthetic_blank,train
data/guardrail/negatives/synthetic_blank/0007.jpg,not_smear,synthetic_blank,train
data/guardrail/negatives/synthetic_blank/0059.jpg,not_smear,synthetic_blank,train
data/guardrail/negatives/synthetic_blank/0014.jpg,not_smear,synthetic_blank,train
data/guardrail/negatives/synthetic_blank/0053.jpg,not_smear,synthetic_blank,train
data/guardrail/negatives/synthetic_blank/0026.jpg,not_smear,synthetic_blank,train
data/guardrail/negatives/synthetic_blank/0002.jpg,not_smear,synthetic_blank,train
data/guardrail/negatives/synthetic_blank/0038.jpg,not_smear,synthetic_blank,train
data/guardrail/negatives/synthetic_blank/0001.jpg,not_smear,synthetic_blank,train
data/guardrail/negatives/synthetic_blank/0036.jpg,not_smear,synthetic_blank,train
data/guardrail/negatives/synthetic_blank/0003.jpg,not_smear,synthetic_blank,train
data/guardrail/negatives/synthetic_blank/0030.jpg,not_smear,synthetic_blank,train
data/guardrail/negatives/synthetic_blank/0057.jpg,not_smear,synthetic_blank,train
data/guardrail/negatives/synthetic_blank/0005.jpg,not_smear,synthetic_blank,train
data/guardrail/negatives/synthetic_blank/0032.jpg,not_smear,synthetic_blank,train
data/guardrail/negatives/synthetic_blank/0015.jpg,not_smear,synthetic_blank,train
data/guardrail/negatives/synthetic_blank/0021.jpg,not_smear,synthetic_blank,train
data/guardrail/negatives/synthetic_blank/0031.jpg,not_smear,synthetic_blank,train
data/guardrail/negatives/synthetic_blank/0049.jpg,not_smear,synthetic_blank,train
data/guardrail/negatives/synthetic_blank/0048.jpg,not_smear,synthetic_blank,train
data/guardrail/negatives/synthetic_blank/0028.jpg,not_smear,synthetic_blank,train
data/guardrail/negatives/synthetic_blank/0010.jpg,not_smear,synthetic_blank,train
data/guardrail/negatives/synthetic_blank/0042.jpg,not_smear,synthetic_blank,train
data/guardrail/negatives/synthetic_blank/0024.jpg,not_smear,synthetic_blank,train
data/guardrail/negatives/synthetic_blank/0020.jpg,not_smear,synthetic_blank,train
data/guardrail/negatives/synthetic_blank/0054.jpg,not_smear,synthetic_blank,train
data/guardrail/negatives/synthetic_blank/0033.jpg,not_smear,synthetic_blank,train
data/guardrail/negatives/synthetic_blank/0050.jpg,not_smear,synthetic_blank,train
data/guardrail/negatives/synthetic_blank/0008.jpg,not_smear,synthetic_blank,train
data/guardrail/negatives/synthetic_blank/0047.jpg,not_smear,synthetic_blank,train
data/guardrail/negatives/synthetic_blank/0045.jpg,not_smear,synthetic_blank,train
data/guardrail/negatives/synthetic_blank/0011.jpg,not_smear,synthetic_blank,train
data/guardrail/negatives/synthetic_blank/0055.jpg,not_smear,synthetic_blank,train
data/guardrail/negatives/synthetic_blank/0013.jpg,not_smear,synthetic_blank,train
data/guardrail/negatives/synthetic_blank/0006.jpg,not_smear,synthetic_blank,train
data/guardrail/negatives/synthetic_blank/0009.jpg,not_smear,synthetic_blank,train
data/guardrail/negatives/synthetic_blank/0051.jpg,not_smear,synthetic_blank,train
data/guardrail/negatives/synthetic_blank/0004.jpg,not_smear,synthetic_blank,train
data/guardrail/negatives/synthetic_blank/0056.jpg,not_smear,synthetic_blank,train
data/guardrail/negatives/synthetic_blank/0041.jpg,not_smear,synthetic_blank,val
data/guardrail/negatives/synthetic_blank/0034.jpg,not_smear,synthetic_blank,val
data/guardrail/negatives/synthetic_blank/0035.jpg,not_smear,synthetic_blank,val
data/guardrail/negatives/synthetic_blank/0016.jpg,not_smear,synthetic_blank,val
data/guardrail/negatives/synthetic_blank/0025.jpg,not_smear,synthetic_blank,val
data/guardrail/negatives/synthetic_blank/0039.jpg,not_smear,synthetic_blank,val
data/guardrail/negatives/synthetic_blank/0023.jpg,not_smear,synthetic_blank,val
data/guardrail/negatives/synthetic_blank/0019.jpg,not_smear,synthetic_blank,val
data/guardrail/negatives/synthetic_blank/0046.jpg,not_smear,synthetic_blank,val
data/guardrail/negatives/synthetic_blank/0037.jpg,not_smear,synthetic_blank,test
data/guardrail/negatives/synthetic_blank/0027.jpg,not_smear,synthetic_blank,test
data/guardrail/negatives/synthetic_blank/0052.jpg,not_smear,synthetic_blank,test
data/guardrail/negatives/synthetic_blank/0018.jpg,not_smear,synthetic_blank,test
data/guardrail/negatives/synthetic_blank/0017.jpg,not_smear,synthetic_blank,test
data/guardrail/negatives/synthetic_blank/0012.jpg,not_smear,synthetic_blank,test
data/guardrail/negatives/synthetic_blank/0000.jpg,not_smear,synthetic_blank,test
data/guardrail/negatives/synthetic_blank/0040.jpg,not_smear,synthetic_blank,test
data/guardrail/negatives/synthetic_blank/0022.jpg,not_smear,synthetic_blank,test
data/guardrail/negatives/synthetic_blur/0092.jpg,not_smear,synthetic_blur,train
data/guardrail/negatives/synthetic_blur/0005.jpg,not_smear,synthetic_blur,train
data/guardrail/negatives/synthetic_blur/0081.jpg,not_smear,synthetic_blur,train
data/guardrail/negatives/synthetic_blur/0009.jpg,not_smear,synthetic_blur,train
data/guardrail/negatives/synthetic_blur/0004.jpg,not_smear,synthetic_blur,train
data/guardrail/negatives/synthetic_blur/0026.jpg,not_smear,synthetic_blur,train
data/guardrail/negatives/synthetic_blur/0080.jpg,not_smear,synthetic_blur,train
data/guardrail/negatives/synthetic_blur/0034.jpg,not_smear,synthetic_blur,train
data/guardrail/negatives/synthetic_blur/0070.jpg,not_smear,synthetic_blur,train
data/guardrail/negatives/synthetic_blur/0093.jpg,not_smear,synthetic_blur,train
data/guardrail/negatives/synthetic_blur/0079.jpg,not_smear,synthetic_blur,train
data/guardrail/negatives/synthetic_blur/0096.jpg,not_smear,synthetic_blur,train
data/guardrail/negatives/synthetic_blur/0053.jpg,not_smear,synthetic_blur,train
data/guardrail/negatives/synthetic_blur/0031.jpg,not_smear,synthetic_blur,train
data/guardrail/negatives/synthetic_blur/0007.jpg,not_smear,synthetic_blur,train
data/guardrail/negatives/synthetic_blur/0014.jpg,not_smear,synthetic_blur,train
data/guardrail/negatives/synthetic_blur/0072.jpg,not_smear,synthetic_blur,train
data/guardrail/negatives/synthetic_blur/0043.jpg,not_smear,synthetic_blur,train
data/guardrail/negatives/synthetic_blur/0074.jpg,not_smear,synthetic_blur,train
data/guardrail/negatives/synthetic_blur/0025.jpg,not_smear,synthetic_blur,train
data/guardrail/negatives/synthetic_blur/0084.jpg,not_smear,synthetic_blur,train
data/guardrail/negatives/synthetic_blur/0036.jpg,not_smear,synthetic_blur,train
data/guardrail/negatives/synthetic_blur/0061.jpg,not_smear,synthetic_blur,train
data/guardrail/negatives/synthetic_blur/0051.jpg,not_smear,synthetic_blur,train
data/guardrail/negatives/synthetic_blur/0058.jpg,not_smear,synthetic_blur,train
data/guardrail/negatives/synthetic_blur/0001.jpg,not_smear,synthetic_blur,train
data/guardrail/negatives/synthetic_blur/0059.jpg,not_smear,synthetic_blur,train
data/guardrail/negatives/synthetic_blur/0068.jpg,not_smear,synthetic_blur,train
data/guardrail/negatives/synthetic_blur/0090.jpg,not_smear,synthetic_blur,train
data/guardrail/negatives/synthetic_blur/0008.jpg,not_smear,synthetic_blur,train
data/guardrail/negatives/synthetic_blur/0020.jpg,not_smear,synthetic_blur,train
data/guardrail/negatives/synthetic_blur/0002.jpg,not_smear,synthetic_blur,train
data/guardrail/negatives/synthetic_blur/0017.jpg,not_smear,synthetic_blur,train
data/guardrail/negatives/synthetic_blur/0094.jpg,not_smear,synthetic_blur,train
data/guardrail/negatives/synthetic_blur/0069.jpg,not_smear,synthetic_blur,train
data/guardrail/negatives/synthetic_blur/0016.jpg,not_smear,synthetic_blur,train
data/guardrail/negatives/synthetic_blur/0082.jpg,not_smear,synthetic_blur,train
data/guardrail/negatives/synthetic_blur/0006.jpg,not_smear,synthetic_blur,train
data/guardrail/negatives/synthetic_blur/0076.jpg,not_smear,synthetic_blur,train
data/guardrail/negatives/synthetic_blur/0019.jpg,not_smear,synthetic_blur,train
data/guardrail/negatives/synthetic_blur/0037.jpg,not_smear,synthetic_blur,train
data/guardrail/negatives/synthetic_blur/0087.jpg,not_smear,synthetic_blur,train
data/guardrail/negatives/synthetic_blur/0057.jpg,not_smear,synthetic_blur,train
data/guardrail/negatives/synthetic_blur/0033.jpg,not_smear,synthetic_blur,train
data/guardrail/negatives/synthetic_blur/0088.jpg,not_smear,synthetic_blur,train
data/guardrail/negatives/synthetic_blur/0028.jpg,not_smear,synthetic_blur,train
data/guardrail/negatives/synthetic_blur/0052.jpg,not_smear,synthetic_blur,train
data/guardrail/negatives/synthetic_blur/0000.jpg,not_smear,synthetic_blur,train
data/guardrail/negatives/synthetic_blur/0047.jpg,not_smear,synthetic_blur,train
data/guardrail/negatives/synthetic_blur/0011.jpg,not_smear,synthetic_blur,train
data/guardrail/negatives/synthetic_blur/0023.jpg,not_smear,synthetic_blur,train
data/guardrail/negatives/synthetic_blur/0024.jpg,not_smear,synthetic_blur,train
data/guardrail/negatives/synthetic_blur/0012.jpg,not_smear,synthetic_blur,train
data/guardrail/negatives/synthetic_blur/0075.jpg,not_smear,synthetic_blur,train
data/guardrail/negatives/synthetic_blur/0083.jpg,not_smear,synthetic_blur,train
data/guardrail/negatives/synthetic_blur/0013.jpg,not_smear,synthetic_blur,train
data/guardrail/negatives/synthetic_blur/0078.jpg,not_smear,synthetic_blur,train
data/guardrail/negatives/synthetic_blur/0063.jpg,not_smear,synthetic_blur,train
data/guardrail/negatives/synthetic_blur/0099.jpg,not_smear,synthetic_blur,train
data/guardrail/negatives/synthetic_blur/0042.jpg,not_smear,synthetic_blur,train
data/guardrail/negatives/synthetic_blur/0086.jpg,not_smear,synthetic_blur,train
data/guardrail/negatives/synthetic_blur/0029.jpg,not_smear,synthetic_blur,train
data/guardrail/negatives/synthetic_blur/0097.jpg,not_smear,synthetic_blur,train
data/guardrail/negatives/synthetic_blur/0046.jpg,not_smear,synthetic_blur,train
data/guardrail/negatives/synthetic_blur/0003.jpg,not_smear,synthetic_blur,train
data/guardrail/negatives/synthetic_blur/0022.jpg,not_smear,synthetic_blur,train
data/guardrail/negatives/synthetic_blur/0044.jpg,not_smear,synthetic_blur,train
data/guardrail/negatives/synthetic_blur/0073.jpg,not_smear,synthetic_blur,train
data/guardrail/negatives/synthetic_blur/0091.jpg,not_smear,synthetic_blur,train
data/guardrail/negatives/synthetic_blur/0032.jpg,not_smear,synthetic_blur,train
data/guardrail/negatives/synthetic_blur/0062.jpg,not_smear,synthetic_blur,val
data/guardrail/negatives/synthetic_blur/0098.jpg,not_smear,synthetic_blur,val
data/guardrail/negatives/synthetic_blur/0089.jpg,not_smear,synthetic_blur,val
data/guardrail/negatives/synthetic_blur/0055.jpg,not_smear,synthetic_blur,val
data/guardrail/negatives/synthetic_blur/0018.jpg,not_smear,synthetic_blur,val
data/guardrail/negatives/synthetic_blur/0035.jpg,not_smear,synthetic_blur,val
data/guardrail/negatives/synthetic_blur/0021.jpg,not_smear,synthetic_blur,val
data/guardrail/negatives/synthetic_blur/0027.jpg,not_smear,synthetic_blur,val
data/guardrail/negatives/synthetic_blur/0077.jpg,not_smear,synthetic_blur,val
data/guardrail/negatives/synthetic_blur/0010.jpg,not_smear,synthetic_blur,val
data/guardrail/negatives/synthetic_blur/0067.jpg,not_smear,synthetic_blur,val
data/guardrail/negatives/synthetic_blur/0040.jpg,not_smear,synthetic_blur,val
data/guardrail/negatives/synthetic_blur/0066.jpg,not_smear,synthetic_blur,val
data/guardrail/negatives/synthetic_blur/0039.jpg,not_smear,synthetic_blur,val
data/guardrail/negatives/synthetic_blur/0045.jpg,not_smear,synthetic_blur,val
data/guardrail/negatives/synthetic_blur/0095.jpg,not_smear,synthetic_blur,test
data/guardrail/negatives/synthetic_blur/0049.jpg,not_smear,synthetic_blur,test
data/guardrail/negatives/synthetic_blur/0048.jpg,not_smear,synthetic_blur,test
data/guardrail/negatives/synthetic_blur/0050.jpg,not_smear,synthetic_blur,test
data/guardrail/negatives/synthetic_blur/0071.jpg,not_smear,synthetic_blur,test
data/guardrail/negatives/synthetic_blur/0030.jpg,not_smear,synthetic_blur,test
data/guardrail/negatives/synthetic_blur/0015.jpg,not_smear,synthetic_blur,test
data/guardrail/negatives/synthetic_blur/0064.jpg,not_smear,synthetic_blur,test
data/guardrail/negatives/synthetic_blur/0038.jpg,not_smear,synthetic_blur,test
data/guardrail/negatives/synthetic_blur/0041.jpg,not_smear,synthetic_blur,test
data/guardrail/negatives/synthetic_blur/0060.jpg,not_smear,synthetic_blur,test
data/guardrail/negatives/synthetic_blur/0085.jpg,not_smear,synthetic_blur,test
data/guardrail/negatives/synthetic_blur/0054.jpg,not_smear,synthetic_blur,test
data/guardrail/negatives/synthetic_blur/0056.jpg,not_smear,synthetic_blur,test
data/guardrail/negatives/synthetic_blur/0065.jpg,not_smear,synthetic_blur,test
data/guardrail/negatives/synthetic_finger/0079.jpg,not_smear,synthetic_finger,train
data/guardrail/negatives/synthetic_finger/0036.jpg,not_smear,synthetic_finger,train
data/guardrail/negatives/synthetic_finger/0052.jpg,not_smear,synthetic_finger,train
data/guardrail/negatives/synthetic_finger/0006.jpg,not_smear,synthetic_finger,train
data/guardrail/negatives/synthetic_finger/0013.jpg,not_smear,synthetic_finger,train
data/guardrail/negatives/synthetic_finger/0008.jpg,not_smear,synthetic_finger,train
data/guardrail/negatives/synthetic_finger/0050.jpg,not_smear,synthetic_finger,train
data/guardrail/negatives/synthetic_finger/0001.jpg,not_smear,synthetic_finger,train
data/guardrail/negatives/synthetic_finger/0031.jpg,not_smear,synthetic_finger,train
data/guardrail/negatives/synthetic_finger/0062.jpg,not_smear,synthetic_finger,train
data/guardrail/negatives/synthetic_finger/0064.jpg,not_smear,synthetic_finger,train
data/guardrail/negatives/synthetic_finger/0076.jpg,not_smear,synthetic_finger,train
data/guardrail/negatives/synthetic_finger/0023.jpg,not_smear,synthetic_finger,train
data/guardrail/negatives/synthetic_finger/0068.jpg,not_smear,synthetic_finger,train
data/guardrail/negatives/synthetic_finger/0039.jpg,not_smear,synthetic_finger,train
data/guardrail/negatives/synthetic_finger/0070.jpg,not_smear,synthetic_finger,train
data/guardrail/negatives/synthetic_finger/0030.jpg,not_smear,synthetic_finger,train
data/guardrail/negatives/synthetic_finger/0034.jpg,not_smear,synthetic_finger,train
data/guardrail/negatives/synthetic_finger/0020.jpg,not_smear,synthetic_finger,train
data/guardrail/negatives/synthetic_finger/0045.jpg,not_smear,synthetic_finger,train
data/guardrail/negatives/synthetic_finger/0027.jpg,not_smear,synthetic_finger,train
data/guardrail/negatives/synthetic_finger/0074.jpg,not_smear,synthetic_finger,train
data/guardrail/negatives/synthetic_finger/0058.jpg,not_smear,synthetic_finger,train
data/guardrail/negatives/synthetic_finger/0029.jpg,not_smear,synthetic_finger,train
data/guardrail/negatives/synthetic_finger/0043.jpg,not_smear,synthetic_finger,train
data/guardrail/negatives/synthetic_finger/0054.jpg,not_smear,synthetic_finger,train
data/guardrail/negatives/synthetic_finger/0065.jpg,not_smear,synthetic_finger,train
data/guardrail/negatives/synthetic_finger/0037.jpg,not_smear,synthetic_finger,train
data/guardrail/negatives/synthetic_finger/0018.jpg,not_smear,synthetic_finger,train
data/guardrail/negatives/synthetic_finger/0014.jpg,not_smear,synthetic_finger,train
data/guardrail/negatives/synthetic_finger/0078.jpg,not_smear,synthetic_finger,train
data/guardrail/negatives/synthetic_finger/0073.jpg,not_smear,synthetic_finger,train
data/guardrail/negatives/synthetic_finger/0022.jpg,not_smear,synthetic_finger,train
data/guardrail/negatives/synthetic_finger/0041.jpg,not_smear,synthetic_finger,train
data/guardrail/negatives/synthetic_finger/0019.jpg,not_smear,synthetic_finger,train
data/guardrail/negatives/synthetic_finger/0061.jpg,not_smear,synthetic_finger,train
data/guardrail/negatives/synthetic_finger/0044.jpg,not_smear,synthetic_finger,train
data/guardrail/negatives/synthetic_finger/0057.jpg,not_smear,synthetic_finger,train
data/guardrail/negatives/synthetic_finger/0049.jpg,not_smear,synthetic_finger,train
data/guardrail/negatives/synthetic_finger/0051.jpg,not_smear,synthetic_finger,train
data/guardrail/negatives/synthetic_finger/0038.jpg,not_smear,synthetic_finger,train
data/guardrail/negatives/synthetic_finger/0047.jpg,not_smear,synthetic_finger,train
data/guardrail/negatives/synthetic_finger/0067.jpg,not_smear,synthetic_finger,train
data/guardrail/negatives/synthetic_finger/0028.jpg,not_smear,synthetic_finger,train
data/guardrail/negatives/synthetic_finger/0011.jpg,not_smear,synthetic_finger,train
data/guardrail/negatives/synthetic_finger/0005.jpg,not_smear,synthetic_finger,train
data/guardrail/negatives/synthetic_finger/0017.jpg,not_smear,synthetic_finger,train
data/guardrail/negatives/synthetic_finger/0063.jpg,not_smear,synthetic_finger,train
data/guardrail/negatives/synthetic_finger/0009.jpg,not_smear,synthetic_finger,train
data/guardrail/negatives/synthetic_finger/0032.jpg,not_smear,synthetic_finger,train
data/guardrail/negatives/synthetic_finger/0048.jpg,not_smear,synthetic_finger,train
data/guardrail/negatives/synthetic_finger/0071.jpg,not_smear,synthetic_finger,train
data/guardrail/negatives/synthetic_finger/0004.jpg,not_smear,synthetic_finger,train
data/guardrail/negatives/synthetic_finger/0003.jpg,not_smear,synthetic_finger,train
data/guardrail/negatives/synthetic_finger/0055.jpg,not_smear,synthetic_finger,train
data/guardrail/negatives/synthetic_finger/0059.jpg,not_smear,synthetic_finger,train
data/guardrail/negatives/synthetic_finger/0077.jpg,not_smear,synthetic_finger,val
data/guardrail/negatives/synthetic_finger/0026.jpg,not_smear,synthetic_finger,val
data/guardrail/negatives/synthetic_finger/0025.jpg,not_smear,synthetic_finger,val
data/guardrail/negatives/synthetic_finger/0066.jpg,not_smear,synthetic_finger,val
data/guardrail/negatives/synthetic_finger/0060.jpg,not_smear,synthetic_finger,val
data/guardrail/negatives/synthetic_finger/0000.jpg,not_smear,synthetic_finger,val
data/guardrail/negatives/synthetic_finger/0033.jpg,not_smear,synthetic_finger,val
data/guardrail/negatives/synthetic_finger/0046.jpg,not_smear,synthetic_finger,val
data/guardrail/negatives/synthetic_finger/0021.jpg,not_smear,synthetic_finger,val
data/guardrail/negatives/synthetic_finger/0072.jpg,not_smear,synthetic_finger,val
data/guardrail/negatives/synthetic_finger/0042.jpg,not_smear,synthetic_finger,val
data/guardrail/negatives/synthetic_finger/0002.jpg,not_smear,synthetic_finger,val
data/guardrail/negatives/synthetic_finger/0024.jpg,not_smear,synthetic_finger,test
data/guardrail/negatives/synthetic_finger/0035.jpg,not_smear,synthetic_finger,test
data/guardrail/negatives/synthetic_finger/0069.jpg,not_smear,synthetic_finger,test
data/guardrail/negatives/synthetic_finger/0012.jpg,not_smear,synthetic_finger,test
data/guardrail/negatives/synthetic_finger/0040.jpg,not_smear,synthetic_finger,test
data/guardrail/negatives/synthetic_finger/0075.jpg,not_smear,synthetic_finger,test
data/guardrail/negatives/synthetic_finger/0056.jpg,not_smear,synthetic_finger,test
data/guardrail/negatives/synthetic_finger/0007.jpg,not_smear,synthetic_finger,test
data/guardrail/negatives/synthetic_finger/0015.jpg,not_smear,synthetic_finger,test
data/guardrail/negatives/synthetic_finger/0053.jpg,not_smear,synthetic_finger,test
data/guardrail/negatives/synthetic_finger/0010.jpg,not_smear,synthetic_finger,test
data/guardrail/negatives/synthetic_finger/0016.jpg,not_smear,synthetic_finger,test
data/malaria/raw/cell_images/Parasitized/C80P41ThinF_IMG_20150817_111943_cell_11.png,smear,malaria,train
data/malaria/raw/cell_images/Parasitized/C184P145ThinF_IMG_20151203_104030_cell_22.png,smear,malaria,train
data/malaria/raw/cell_images/Parasitized/C91P52ThinF_IMG_20150821_125423_cell_22.png,smear,malaria,train
data/malaria/raw/cell_images/Uninfected/C70P31_ThinF_IMG_20150813_131330_cell_58.png,smear,malaria,train
data/malaria/raw/cell_images/Parasitized/C70P31_ThinF_IMG_20150813_130510_cell_91.png,smear,malaria,train
data/malaria/raw/cell_images/Parasitized/C48P9thinF_IMG_20150721_161055_cell_188.png,smear,malaria,train
data/malaria/raw/cell_images/Uninfected/C96P57ThinF_IMG_20150824_111748_cell_69.png,smear,malaria,train
data/malaria/raw/cell_images/Uninfected/C231ThinF_IMG_20151112_153041_cell_51.png,smear,malaria,train
data/malaria/raw/cell_images/Parasitized/C68P29N_ThinF_IMG_20150819_134712_cell_31.png,smear,malaria,train
data/malaria/raw/cell_images/Uninfected/C48P9thinF_IMG_20150721_161412_cell_43.png,smear,malaria,train
data/malaria/raw/cell_images/Uninfected/C113P74ThinF_IMG_20150930_134355_cell_77.png,smear,malaria,train
data/malaria/raw/cell_images/Parasitized/C184P145ThinF_IMG_20151203_104153_cell_139.png,smear,malaria,train
data/malaria/raw/cell_images/Parasitized/C45P6ThinF_IMG_20151130_155110_cell_198.png,smear,malaria,train
data/malaria/raw/cell_images/Parasitized/C84P45ThinF_IMG_20150818_101146_cell_92.png,smear,malaria,train
data/malaria/raw/cell_images/Uninfected/C63P24N_ThinF_IMG_20150818_143544_cell_125.png,smear,malaria,train
data/malaria/raw/cell_images/Uninfected/C1_thinF_IMG_20150604_104919_cell_163.png,smear,malaria,train
data/malaria/raw/cell_images/Uninfected/C179P140ThinF_IMG_20151127_153350_cell_145.png,smear,malaria,train
data/malaria/raw/cell_images/Uninfected/C234ThinF_IMG_20151112_163036_cell_260.png,smear,malaria,train
data/malaria/raw/cell_images/Uninfected/C179P140ThinF_IMG_20151127_153819_cell_120.png,smear,malaria,train
data/malaria/raw/cell_images/Uninfected/C155P116ThinF_IMG_20151115_142526_cell_88.png,smear,malaria,train
data/malaria/raw/cell_images/Uninfected/C118P79ThinF_IMG_20151002_110834_cell_27.png,smear,malaria,train
data/malaria/raw/cell_images/Uninfected/C176P137NThinF_IMG_20151201_121808_cell_68.png,smear,malaria,train
data/malaria/raw/cell_images/Uninfected/C57P18thinF_IMG_20150729_111518_cell_116.png,smear,malaria,train
data/malaria/raw/cell_images/Parasitized/C133P94ThinF_IMG_20151004_153930_cell_104.png,smear,malaria,train
data/malaria/raw/cell_images/Parasitized/C136P97ThinF_IMG_20151005_144727_cell_130.png,smear,malaria,train
data/malaria/raw/cell_images/Parasitized/C172P133ThinF_IMG_20151119_154936_cell_252.png,smear,malaria,train
data/malaria/raw/cell_images/Uninfected/C51AP12thinF_IMG_20150724_155046_cell_77.png,smear,malaria,train
data/malaria/raw/cell_images/Uninfected/C183P144NThinF_IMG_20151201_223758_cell_83.png,smear,malaria,train
data/malaria/raw/cell_images/Uninfected/C79P40ThinF_IMG_20150817_104316_cell_150.png,smear,malaria,train
data/malaria/raw/cell_images/Uninfected/C51AP12thinF_IMG_20150724_162636_cell_8.png,smear,malaria,train
data/malaria/raw/cell_images/Parasitized/C132P93ThinF_IMG_20151004_152045_cell_145.png,smear,malaria,train
data/malaria/raw/cell_images/Parasitized/C115P76ThinF_IMG_20150930_162038_cell_210.png,smear,malaria,train
data/malaria/raw/cell_images/Uninfected/C136P97ThinF_IMG_20151005_143329_cell_23.png,smear,malaria,train
data/malaria/raw/cell_images/Parasitized/C116P77ThinF_IMG_20150930_171635_cell_108.png,smear,malaria,train
data/malaria/raw/cell_images/Uninfected/C105P66ThinF_IMG_20150924_094800_cell_30.png,smear,malaria,train
data/malaria/raw/cell_images/Parasitized/C39P4thinF_original_IMG_20150622_113632_cell_6.png,smear,malaria,train
data/malaria/raw/cell_images/Parasitized/C68P29N_ThinF_IMG_20150819_134504_cell_136.png,smear,malaria,train
data/malaria/raw/cell_images/Parasitized/C140P101ThinF_IMG_20151005_210309_cell_182.png,smear,malaria,train
data/malaria/raw/cell_images/Uninfected/C91P52ThinF_IMG_20150821_124739_cell_167.png,smear,malaria,train
data/malaria/raw/cell_images/Parasitized/C144P105ThinF_IMG_20151015_155004_cell_311.png,smear,malaria,train
data/malaria/raw/cell_images/Parasitized/C97P58ThinF_IMG_20150917_152437_cell_5.png,smear,malaria,train
data/malaria/raw/cell_images/Parasitized/C184P145ThinF_IMG_20151203_104440_cell_31.png,smear,malaria,train
data/malaria/raw/cell_images/Parasitized/C182P143NThinF_IMG_20151201_171905_cell_177.png,smear,malaria,train
data/malaria/raw/cell_images/Uninfected/C213ThinF_IMG_20151106_112603_cell_52.png,smear,malaria,train
data/malaria/raw/cell_images/Uninfected/C78P39ThinF_IMG_20150606_103459_cell_3.png,smear,malaria,train
data/malaria/raw/cell_images/Parasitized/C106P67ThinF_IMG_20150924_102245_cell_164.png,smear,malaria,train
data/malaria/raw/cell_images/Parasitized/C60P21thinF_IMG_20150804_104919_cell_134.png,smear,malaria,train
data/malaria/raw/cell_images/Uninfected/C70P31_ThinF_IMG_20150813_130849_cell_1.png,smear,malaria,train
data/malaria/raw/cell_images/Uninfected/C121P82ThinF_IMG_20151002_133001_cell_7.png,smear,malaria,train
data/malaria/raw/cell_images/Parasitized/C45P6ThinF_IMG_20151130_154725_cell_178.png,smear,malaria,train
data/malaria/raw/cell_images/Uninfected/C133P94ThinF_IMG_20151004_154158_cell_81.png,smear,malaria,train
data/malaria/raw/cell_images/Parasitized/C174P135NThinF_IMG_20151127_135342_cell_218.png,smear,malaria,train
data/malaria/raw/cell_images/Parasitized/C137P98ThinF_IMG_20151005_163218_cell_88.png,smear,malaria,train
data/malaria/raw/cell_images/Uninfected/C127P88ThinF_IMG_20151004_111526_cell_82.png,smear,malaria,train
data/malaria/raw/cell_images/Parasitized/C182P143NThinF_IMG_20151201_171950_cell_195.png,smear,malaria,train
data/malaria/raw/cell_images/Parasitized/C81P42ThinF_IMG_20150817_120351_cell_190.png,smear,malaria,train
data/malaria/raw/cell_images/Uninfected/C145P106ThinF_IMG_20151016_155051_cell_67.png,smear,malaria,train
data/malaria/raw/cell_images/Uninfected/C78P39ThinF_IMG_20150606_104426_cell_18.png,smear,malaria,train
data/malaria/raw/cell_images/Parasitized/C91P52ThinF_IMG_20150821_123116_cell_180.png,smear,malaria,train
data/malaria/raw/cell_images/Uninfected/C215ThinF_IMG_20151106_133643_cell_100.png,smear,malaria,train
data/malaria/raw/cell_images/Parasitized/C130P91ThinF_IMG_20151004_141504_cell_150.png,smear,malaria,train
data/malaria/raw/cell_images/Parasitized/C99P60ThinF_IMG_20150918_141857_cell_36.png,smear,malaria,train
data/malaria/raw/cell_images/Parasitized/C59P20thinF_IMG_20150803_113430_cell_5.png,smear,malaria,train
data/malaria/raw/cell_images/Parasitized/C59P20thinF_IMG_20150803_113430_cell_6.png,smear,malaria,train
data/malaria/raw/cell_images/Parasitized/C184P145ThinF_IMG_20151203_103637_cell_180.png,smear,malaria,train
data/malaria/raw/cell_images/Uninfected/C181P142ThinF_IMG_20151127_155914_cell_128.png,smear,malaria,train
data/malaria/raw/cell_images/Uninfected/C68P29N_ThinF_IMG_20150819_134112_cell_55.png,smear,malaria,train
data/malaria/raw/cell_images/Uninfected/C209ThinF_IMG_20151029_160927_cell_261.png,smear,malaria,train
data/malaria/raw/cell_images/Uninfected/C222ThinF_IMG_20151115_150925_cell_215.png,smear,malaria,train
data/malaria/raw/cell_images/Parasitized/C136P97ThinF_IMG_20151005_140646_cell_108.png,smear,malaria,train
data/malaria/raw/cell_images/Parasitized/C182P143NThinF_IMG_20151201_172216_cell_201.png,smear,malaria,train
data/malaria/raw/cell_images/Uninfected/C214ThinF_IMG_20151106_114910_cell_45.png,smear,malaria,train
data/malaria/raw/cell_images/Uninfected/C88P49ThinF_IMG_20150820_151626_cell_5.png,smear,malaria,train
data/malaria/raw/cell_images/Uninfected/C217ThinF_IMG_20151106_141326_cell_155.png,smear,malaria,train
data/malaria/raw/cell_images/Uninfected/C110P71ThinF_IMG_20150930_105729_cell_156.png,smear,malaria,train
data/malaria/raw/cell_images/Parasitized/C116P77ThinF_IMG_20150930_171219_cell_99.png,smear,malaria,train
data/malaria/raw/cell_images/Parasitized/C132P93ThinF_IMG_20151004_151941_cell_13.png,smear,malaria,train
data/malaria/raw/cell_images/Uninfected/C51AP12thinF_IMG_20150724_154330_cell_65.png,smear,malaria,train
data/malaria/raw/cell_images/Uninfected/C150P111ThinF_IMG_20151115_120244_cell_1.png,smear,malaria,train
data/malaria/raw/cell_images/Uninfected/C182P143NThinF_IMG_20151201_171950_cell_148.png,smear,malaria,train
data/malaria/raw/cell_images/Parasitized/C63P24N_ThinF_IMG_20150818_143423_cell_163.png,smear,malaria,train
data/malaria/raw/cell_images/Parasitized/C119P80ThinF_IMG_20151002_123043_cell_162.png,smear,malaria,train
data/malaria/raw/cell_images/Parasitized/C51AP12thinF_IMG_20150724_153313_cell_99.png,smear,malaria,train
data/malaria/raw/cell_images/Uninfected/C98P59ThinF_IMG_20150917_153801_cell_83.png,smear,malaria,train
data/malaria/raw/cell_images/Uninfected/C52P13thinF_IMG_20150725_130013_cell_65.png,smear,malaria,train
data/malaria/raw/cell_images/Parasitized/C132P93ThinF_IMG_20151004_152642_cell_3.png,smear,malaria,train
data/malaria/raw/cell_images/Parasitized/C59P20thinF_IMG_20150803_112858_cell_180.png,smear,malaria,train
data/malaria/raw/cell_images/Parasitized/C89P50ThinF_IMG_20150820_162504_cell_192.png,smear,malaria,train
data/malaria/raw/cell_images/Uninfected/C185P146ThinF_IMG_20151203_110933_cell_189.png,smear,malaria,train
data/malaria/raw/cell_images/Parasitized/C80P41ThinF_IMG_20150817_110957_cell_149.png,smear,malaria,train
data/malaria/raw/cell_images/Uninfected/C216ThinF_IMG_20151106_135337_cell_60.png,smear,malaria,train
data/malaria/raw/cell_images/Parasitized/C129P90ThinF_IMG_20151004_134944_cell_12.png,smear,malaria,train
data/malaria/raw/cell_images/Parasitized/C101P62ThinF_IMG_20150923_170246_cell_70.png,smear,malaria,train
data/malaria/raw/cell_images/Parasitized/C59P20thinF_IMG_20150803_112858_cell_188.png,smear,malaria,train
data/malaria/raw/cell_images/Parasitized/C82P43ThinF_IMG_20150817_125114_cell_19.png,smear,malaria,train
data/malaria/raw/cell_images/Parasitized/C172P133ThinF_IMG_20151119_155307_cell_261.png,smear,malaria,train
data/malaria/raw/cell_images/Parasitized/C59P20thinF_IMG_20150803_112802_cell_165.png,smear,malaria,train
data/malaria/raw/cell_images/Parasitized/C126P87ThinF_IMG_20151004_105342_cell_116.png,smear,malaria,train
data/malaria/raw/cell_images/Parasitized/C59P20thinF_IMG_20150803_113430_cell_50.png,smear,malaria,train
data/malaria/raw/cell_images/Uninfected/C122P83ThinF_IMG_20151002_145415_cell_110.png,smear,malaria,train
data/malaria/raw/cell_images/Parasitized/C189P150ThinF_IMG_20151203_141719_cell_54.png,smear,malaria,train
data/malaria/raw/cell_images/Parasitized/C39P4thinF_original_IMG_20150622_111723_cell_94.png,smear,malaria,train
data/malaria/raw/cell_images/Uninfected/C188P149ThinF_IMG_20151203_134209_cell_9.png,smear,malaria,train
data/malaria/raw/cell_images/Parasitized/C82P43ThinF_IMG_20150817_124728_cell_23.png,smear,malaria,train
data/malaria/raw/cell_images/Uninfected/C60P21thinF_IMG_20150804_104919_cell_94.png,smear,malaria,train
data/malaria/raw/cell_images/Parasitized/C134P95ThinF_IMG_20151005_121952_cell_121.png,smear,malaria,train
data/malaria/raw/cell_images/Parasitized/C99P60ThinF_IMG_20150918_141001_cell_163.png,smear,malaria,train
data/malaria/raw/cell_images/Uninfected/C109P70ThinF_IMG_20150930_102944_cell_127.png,smear,malaria,train
data/malaria/raw/cell_images/Uninfected/C214ThinF_IMG_20151106_115440_cell_61.png,smear,malaria,train
data/malaria/raw/cell_images/Parasitized/C132P93ThinF_IMG_20151004_151811_cell_158.png,smear,malaria,train
data/malaria/raw/cell_images/Parasitized/C87P48ThinF_IMG_20150820_132327_cell_182.png,smear,malaria,train
data/malaria/raw/cell_images/Parasitized/C68P29N_ThinF_IMG_20150819_134625_cell_2.png,smear,malaria,train
data/malaria/raw/cell_images/Parasitized/C176P137NThinF_IMG_20151201_120612_cell_2.png,smear,malaria,train
data/malaria/raw/cell_images/Parasitized/C176P137NThinF_IMG_20151201_114235_cell_3.png,smear,malaria,train
data/malaria/raw/cell_images/Parasitized/C149P110ThinF_IMG_20151115_114555_cell_305.png,smear,malaria,train
data/malaria/raw/cell_images/Parasitized/C97P58ThinF_IMG_20150917_145555_cell_189.png,smear,malaria,train
data/malaria/raw/cell_images/Uninfected/C168P129ThinF_IMG_20151118_154126_cell_62.png,smear,malaria,train
data/malaria/raw/cell_images/Uninfected/C167P128ReThinF_IMG_20151201_105707_cell_4.png,smear,malaria,train
data/malaria/raw/cell_images/Parasitized/C39P4thinF_original_IMG_20150622_113126_cell_13.png,smear,malaria,train
data/malaria/raw/cell_images/Uninfected/C215ThinF_IMG_20151106_133643_cell_212.png,smear,malaria,train
data/malaria/raw/cell_images/Parasitized/C137P98ThinF_IMG_20151005_162437_cell_80.png,smear,malaria,train
data/malaria/raw/cell_images/Parasitized/C59P20thinF_IMG_20150803_112733_cell_183.png,smear,malaria,train
data/malaria/raw/cell_images/Uninfected/C218ThinF_IMG_20151106_144337_cell_75.png,smear,malaria,train
data/malaria/raw/cell_images/Parasitized/C39P4thinF_original_IMG_20150622_113446_cell_14.png,smear,malaria,train
data/malaria/raw/cell_images/Uninfected/C142P103ThinF_IMG_20151005_222255_cell_67.png,smear,malaria,train
data/malaria/raw/cell_images/Uninfected/C179P140ThinF_IMG_20151127_153453_cell_21.png,smear,malaria,train
data/malaria/raw/cell_images/Uninfected/C137P98ThinF_IMG_20151005_160256_cell_12.png,smear,malaria,train
data/malaria/raw/cell_images/Uninfected/C82P43ThinF_IMG_20150817_123500_cell_196.png,smear,malaria,train
data/malaria/raw/cell_images/Parasitized/C184P145ThinF_IMG_20151203_104334_cell_30.png,smear,malaria,train
data/malaria/raw/cell_images/Parasitized/C167P128ReThinF_IMG_20151201_105559_cell_227.png,smear,malaria,train
data/malaria/raw/cell_images/Uninfected/C118P79ThinF_IMG_20151002_105735_cell_10.png,smear,malaria,train
data/malaria/raw/cell_images/Uninfected/C106P67ThinF_IMG_20150924_102245_cell_86.png,smear,malaria,train
data/malaria/raw/cell_images/Parasitized/C82P43ThinF_IMG_20150817_123824_cell_189.png,smear,malaria,train
data/malaria/raw/cell_images/Uninfected/C59P20thinF_IMG_20150803_112802_cell_4.png,smear,malaria,train
data/malaria/raw/cell_images/Uninfected/C184P145ThinF_IMG_20151203_104153_cell_60.png,smear,malaria,train
data/malaria/raw/cell_images/Uninfected/C4thin_original_IMG_20150608_170016_cell_31.png,smear,malaria,train
data/malaria/raw/cell_images/Parasitized/C68P29N_ThinF_IMG_20150819_133447_cell_117.png,smear,malaria,train
data/malaria/raw/cell_images/Uninfected/C1_thinF_IMG_20150604_104942_cell_102.png,smear,malaria,train
data/malaria/raw/cell_images/Uninfected/C123P84ThinF_IMG_20151002_152144_cell_160.png,smear,malaria,train
data/malaria/raw/cell_images/Parasitized/C139P100ThinF_IMG_20151005_182822_cell_163.png,smear,malaria,train
data/malaria/raw/cell_images/Parasitized/C181P142ThinF_IMG_20151127_160539_cell_182.png,smear,malaria,train
data/malaria/raw/cell_images/Uninfected/C62P23N_ThinF_IMG_20150818_133211_cell_87.png,smear,malaria,train
data/malaria/raw/cell_images/Parasitized/C133P94ThinF_IMG_20151004_155912_cell_9.png,smear,malaria,train
data/malaria/raw/cell_images/Parasitized/C184P145ThinF_IMG_20151203_104440_cell_30.png,smear,malaria,train
data/malaria/raw/cell_images/Uninfected/C6NThinF_IMG_20150609_121955_cell_51.png,smear,malaria,train
data/malaria/raw/cell_images/Parasitized/C116P77ThinF_IMG_20150930_171844_cell_115.png,smear,malaria,train
data/malaria/raw/cell_images/Uninfected/C1_thinF_IMG_20150604_104942_cell_168.png,smear,malaria,train
data/malaria/raw/cell_images/Parasitized/C117P78ThinF_IMG_20150930_215322_cell_87.png,smear,malaria,train
data/malaria/raw/cell_images/Parasitized/C154P115ThinF_IMG_20151115_141336_cell_232.png,smear,malaria,train
data/malaria/raw/cell_images/Uninfected/C68P29N_ThinF_IMG_20150819_134504_cell_88.png,smear,malaria,train
data/malaria/raw/cell_images/Parasitized/C124P85ThinF_IMG_20151002_153825_cell_192.png,smear,malaria,train
data/malaria/raw/cell_images/Parasitized/C84P45ThinF_IMG_20150818_103817_cell_2.png,smear,malaria,train
data/malaria/raw/cell_images/Uninfected/C87P48ThinF_IMG_20150820_144855_cell_83.png,smear,malaria,train
data/malaria/raw/cell_images/Parasitized/C101P62ThinF_IMG_20150918_151149_cell_81.png,smear,malaria,train
data/malaria/raw/cell_images/Uninfected/C131P92ThinF_IMG_20151004_151001_cell_65.png,smear,malaria,train
data/malaria/raw/cell_images/Uninfected/C241NThinF_IMG_20151207_124115_cell_143.png,smear,malaria,train
data/malaria/raw/cell_images/Parasitized/C118P79ThinF_IMG_20151002_105346_cell_157.png,smear,malaria,train
data/malaria/raw/cell_images/Uninfected/C172P133ThinF_IMG_20151119_154936_cell_124.png,smear,malaria,train
data/malaria/raw/cell_images/Parasitized/C132P93ThinF_IMG_20151004_151941_cell_32.png,smear,malaria,train
data/malaria/raw/cell_images/Uninfected/C144P105ThinF_IMG_20151015_155149_cell_179.png,smear,malaria,train
data/malaria/raw/cell_images/Parasitized/C66P27N_ThinF_IMG_20150818_163551_cell_186.png,smear,malaria,train
data/malaria/raw/cell_images/Uninfected/C42P5thin_original_IMG_20150623_134547_cell_114.png,smear,malaria,train
data/malaria/raw/cell_images/Parasitized/C100P61ThinF_IMG_20150918_144823_cell_158.png,smear,malaria,train
data/malaria/raw/cell_images/Uninfected/C170P131ThinF_IMG_20151119_115918_cell_182.png,smear,malaria,train
data/malaria/raw/cell_images/Parasitized/C66P27N_ThinF_IMG_20150818_164754_cell_201.png,smear,malaria,train
data/malaria/raw/cell_images/Parasitized/C51AP12thinF_IMG_20150724_154330_cell_108.png,smear,malaria,train
data/malaria/raw/cell_images/Uninfected/C47P8thin_Original_Motic_IMG_20150714_093600_cell_25.png,smear,malaria,train
data/malaria/raw/cell_images/Uninfected/C101P62ThinF_IMG_20150918_151507_cell_11.png,smear,malaria,train
data/malaria/raw/cell_images/Parasitized/C188P149ThinF_IMG_20151203_134319_cell_189.png,smear,malaria,train
data/malaria/raw/cell_images/Uninfected/C46P7ThinF_IMG_20151130_210843_cell_61.png,smear,malaria,train
data/malaria/raw/cell_images/Uninfected/C89P50ThinF_IMG_20150820_162300_cell_166.png,smear,malaria,train
data/malaria/raw/cell_images/Uninfected/C103P64ThinF_IMG_20150918_165125_cell_138.png,smear,malaria,train
data/malaria/raw/cell_images/Parasitized/C175P136NThinF_IMG_20151127_142009_cell_224.png,smear,malaria,train
data/malaria/raw/cell_images/Uninfected/C87P48ThinF_IMG_20150820_132642_cell_5.png,smear,malaria,train
data/malaria/raw/cell_images/Uninfected/C186P147NThinF_IMG_20151203_150132_cell_157.png,smear,malaria,train
data/malaria/raw/cell_images/Parasitized/C184P145ThinF_IMG_20151203_103824_cell_151.png,smear,malaria,train
data/malaria/raw/cell_images/Parasitized/C48P9thinF_IMG_20150721_164304_cell_8.png,smear,malaria,train
data/malaria/raw/cell_images/Parasitized/C99P60ThinF_IMG_20150918_141857_cell_54.png,smear,malaria,train
data/malaria/raw/cell_images/Parasitized/C39P4thinF_original_IMG_20150622_110115_cell_130.png,smear,malaria,train
data/malaria/raw/cell_images/Parasitized/C170P131ThinF_IMG_20151119_115918_cell_272.png,smear,malaria,train
data/malaria/raw/cell_images/Parasitized/C180P141NThinF_IMG_20151201_163848_cell_179.png,smear,malaria,train
data/malaria/raw/cell_images/Uninfected/C49P10thinF_IMG_20150724_103054_cell_148.png,smear,malaria,train
data/malaria/raw/cell_images/Uninfected/C133P94ThinF_IMG_20151004_154351_cell_26.png,smear,malaria,train
data/malaria/raw/cell_images/Parasitized/C179P140ThinF_IMG_20151127_153521_cell_174.png,smear,malaria,train
data/malaria/raw/cell_images/Parasitized/C45P6ThinF_IMG_20151130_160409_cell_201.png,smear,malaria,train
data/malaria/raw/cell_images/Uninfected/C238NThinF_IMG_20151207_114914_cell_36.png,smear,malaria,train
data/malaria/raw/cell_images/Parasitized/C76P37ThinF_IMG_20150815_171454_cell_256.png,smear,malaria,train
data/malaria/raw/cell_images/Uninfected/C185P146ThinF_IMG_20151203_110344_cell_174.png,smear,malaria,train
data/malaria/raw/cell_images/Parasitized/C68P29N_ThinF_IMG_20150819_134830_cell_1.png,smear,malaria,train
data/malaria/raw/cell_images/Uninfected/C53P14thinF_IMG_20150726_120600_cell_106.png,smear,malaria,train
data/malaria/raw/cell_images/Uninfected/C129P90ThinF_IMG_20151004_133538_cell_66.png,smear,malaria,train
data/malaria/raw/cell_images/Parasitized/C59P20thinF_IMG_20150803_111333_cell_138.png,smear,malaria,train
data/malaria/raw/cell_images/Uninfected/C204ThinF_IMG_20151029_110627_cell_117.png,smear,malaria,train
data/malaria/raw/cell_images/Parasitized/C170P131ThinF_IMG_20151119_120111_cell_236.png,smear,malaria,train
data/malaria/raw/cell_images/Uninfected/C141P102ThinF_IMG_20151005_214338_cell_53.png,smear,malaria,train
data/malaria/raw/cell_images/Uninfected/C66P27N_ThinF_IMG_20150818_164008_cell_118.png,smear,malaria,train
data/malaria/raw/cell_images/Parasitized/C130P91ThinF_IMG_20151004_141504_cell_147.png,smear,malaria,train
data/malaria/raw/cell_images/Uninfected/C225ThinF_IMG_20151112_113953_cell_14.png,smear,malaria,train
data/malaria/raw/cell_images/Uninfected/C238NThinF_IMG_20151207_114038_cell_139.png,smear,malaria,train
data/malaria/raw/cell_images/Uninfected/C138P99ThinF_IMG_20151005_171116_cell_98.png,smear,malaria,train
data/malaria/raw/cell_images/Parasitized/C116P77ThinF_IMG_20150930_171954_cell_100.png,smear,malaria,train
data/malaria/raw/cell_images/Uninfected/C97P58ThinF_IMG_20150917_151551_cell_41.png,smear,malaria,train
data/malaria/raw/cell_images/Parasitized/C176P137NThinF_IMG_20151201_122708_cell_144.png,smear,malaria,train
data/malaria/raw/cell_images/Uninfected/C230ThinF_IMG_20151112_150730_cell_78.png,smear,malaria,train
data/malaria/raw/cell_images/Parasitized/C164P125ThinF_IMG_20151116_115604_cell_2.png,smear,malaria,train
data/malaria/raw/cell_images/Uninfected/C2NThinF_IMG_20150604_115238_cell_223.png,smear,malaria,train
data/malaria/raw/cell_images/Parasitized/C82P43ThinF_IMG_20150817_123824_cell_198.png,smear,malaria,train
data/malaria/raw/cell_images/Uninfected/C138P99ThinF_IMG_20151005_173241_cell_22.png,smear,malaria,train
data/malaria/raw/cell_images/Uninfected/C84P45ThinF_IMG_20150818_104156_cell_50.png,smear,malaria,train
data/malaria/raw/cell_images/Uninfected/C122P83ThinF_IMG_20151002_145751_cell_130.png,smear,malaria,train
data/malaria/raw/cell_images/Parasitized/C182P143NThinF_IMG_20151201_172759_cell_31.png,smear,malaria,train
data/malaria/raw/cell_images/Parasitized/C48P9thinF_IMG_20150721_164304_cell_31.png,smear,malaria,train
data/malaria/raw/cell_images/Uninfected/C59P20thinF_IMG_20150803_112802_cell_106.png,smear,malaria,train
data/malaria/raw/cell_images/Uninfected/C42P5thin_original_IMG_20150623_134751_cell_68.png,smear,malaria,train
data/malaria/raw/cell_images/Parasitized/C93P54ThinF_IMG_20150821_163640_cell_201.png,smear,malaria,train
data/malaria/raw/cell_images/Uninfected/C70P31_ThinF_IMG_20150813_130510_cell_43.png,smear,malaria,train
data/malaria/raw/cell_images/Uninfected/C237ThinF_IMG_20151127_104954_cell_162.png,smear,malaria,train
data/malaria/raw/cell_images/Uninfected/C235ThinF_IMG_20151112_164918_cell_191.png,smear,malaria,train
data/malaria/raw/cell_images/Parasitized/C59P20thinF_IMG_20150803_113139_cell_59.png,smear,malaria,train
data/malaria/raw/cell_images/Uninfected/C132P93ThinF_IMG_20151004_152353_cell_10.png,smear,malaria,train
data/malaria/raw/cell_images/Uninfected/C137P98ThinF_IMG_20151005_160256_cell_45.png,smear,malaria,train
data/malaria/raw/cell_images/Uninfected/C125P86ThinF_IMG_20151004_102619_cell_109.png,smear,malaria,train
data/malaria/raw/cell_images/Parasitized/C155P116ThinF_IMG_20151115_142526_cell_179.png,smear,malaria,train
data/malaria/raw/cell_images/Parasitized/C136P97ThinF_IMG_20151005_140538_cell_121.png,smear,malaria,train
data/malaria/raw/cell_images/Parasitized/C184P145ThinF_IMG_20151203_102543_cell_159.png,smear,malaria,train
data/malaria/raw/cell_images/Parasitized/C184P145ThinF_IMG_20151203_102721_cell_24.png,smear,malaria,train
data/malaria/raw/cell_images/Uninfected/C111P72ThinF_IMG_20150930_113049_cell_37.png,smear,malaria,train
data/malaria/raw/cell_images/Uninfected/C169P130ThinF_IMG_20151119_143039_cell_49.png,smear,malaria,train
data/malaria/raw/cell_images/Parasitized/C132P93ThinF_IMG_20151004_152808_cell_23.png,smear,malaria,train
data/malaria/raw/cell_images/Parasitized/C180P141NThinF_IMG_20151201_163751_cell_176.png,smear,malaria,train
data/malaria/raw/cell_images/Uninfected/C181P142ThinF_IMG_20151127_160616_cell_14.png,smear,malaria,train
data/malaria/raw/cell_images/Parasitized/C99P60ThinF_IMG_20150918_141314_cell_95.png,smear,malaria,train
data/malaria/raw/cell_images/Uninfected/C91P52ThinF_IMG_20150821_125154_cell_100.png,smear,malaria,train
data/malaria/raw/cell_images/Parasitized/C118P79ThinF_IMG_20151002_104831_cell_152.png,smear,malaria,train
data/malaria/raw/cell_images/Uninfected/C171P132ThinF_IMG_20151119_153512_cell_182.png,smear,malaria,train
data/malaria/raw/cell_images/Uninfected/C217ThinF_IMG_20151106_142147_cell_161.png,smear,malaria,train
data/malaria/raw/cell_images/Parasitized/C182P143NThinF_IMG_20151201_171950_cell_191.png,smear,malaria,train
data/malaria/raw/cell_images/Uninfected/C95P56ThinF_IMG_20150821_172351_cell_57.png,smear,malaria,train
data/malaria/raw/cell_images/Parasitized/C100P61ThinF_IMG_20150918_145609_cell_151.png,smear,malaria,train
data/malaria/raw/cell_images/Parasitized/C39P4thinF_original_IMG_20150622_113446_cell_21.png,smear,malaria,train
data/malaria/raw/cell_images/Uninfected/C188P149ThinF_IMG_20151203_134209_cell_99.png,smear,malaria,train
data/malaria/raw/cell_images/Parasitized/C176P137NThinF_IMG_20151201_121808_cell_128.png,smear,malaria,train
data/malaria/raw/cell_images/Uninfected/C71P32_ThinF_IMG_20150813_162554_cell_65.png,smear,malaria,train
data/malaria/raw/cell_images/Parasitized/C48P9thinF_IMG_20150721_161412_cell_181.png,smear,malaria,train
data/malaria/raw/cell_images/Parasitized/C136P97ThinF_IMG_20151005_144727_cell_132.png,smear,malaria,train
data/malaria/raw/cell_images/Uninfected/C127P88ThinF_IMG_20151004_111436_cell_19.png,smear,malaria,train
data/malaria/raw/cell_images/Parasitized/C93P54ThinF_IMG_20150821_163452_cell_207.png,smear,malaria,train
data/malaria/raw/cell_images/Uninfected/C166P127ThinF_IMG_20151117_194410_cell_61.png,smear,malaria,train
data/malaria/raw/cell_images/Uninfected/C168P129ThinF_IMG_20151118_160516_cell_167.png,smear,malaria,train
data/malaria/raw/cell_images/Uninfected/C48P9thinF_IMG_20150721_160944_cell_127.png,smear,malaria,train
data/malaria/raw/cell_images/Uninfected/C167P128ReThinF_IMG_20151201_105354_cell_132.png,smear,malaria,train
data/malaria/raw/cell_images/Uninfected/C58P19thinF_IMG_20150802_122648_cell_43.png,smear,malaria,train
data/malaria/raw/cell_images/Parasitized/C145P106ThinF_IMG_20151016_154719_cell_152.png,smear,malaria,train
data/malaria/raw/cell_images/Parasitized/C132P93ThinF_IMG_20151004_151733_cell_166.png,smear,malaria,train
data/malaria/raw/cell_images/Parasitized/C133P94ThinF_IMG_20151004_154158_cell_123.png,smear,malaria,train
data/malaria/raw/cell_images/Uninfected/C88P49ThinF_IMG_20150820_150141_cell_16.png,smear,malaria,train
data/malaria/raw/cell_images/Parasitized/C118P79ThinF_IMG_20151002_110002_cell_23.png,smear,malaria,train
data/malaria/raw/cell_images/Parasitized/C119P80ThinF_IMG_20151002_123608_cell_140.png,smear,malaria,train
data/malaria/raw/cell_images/Parasitized/C182P143NThinF_IMG_20151201_172759_cell_45.png,smear,malaria,train
data/malaria/raw/cell_images/Uninfected/C233ThinF_IMG_20151112_161119_cell_258.png,smear,malaria,train
data/malaria/raw/cell_images/Uninfected/C69P30N_ThinF_IMG_20150819_135421_cell_30.png,smear,malaria,train
data/malaria/raw/cell_images/Uninfected/C78P39ThinF_IMG_20150606_103630_cell_26.png,smear,malaria,train
data/malaria/raw/cell_images/Parasitized/C91P52ThinF_IMG_20150821_124937_cell_193.png,smear,malaria,train
data/malaria/raw/cell_images/Parasitized/C39P4thinF_original_IMG_20150622_110900_cell_4.png,smear,malaria,train
data/malaria/raw/cell_images/Uninfected/C130P91ThinF_IMG_20151004_141504_cell_9.png,smear,malaria,train
data/malaria/raw/cell_images/Parasitized/C82P43ThinF_IMG_20150817_125326_cell_8.png,smear,malaria,train
data/malaria/raw/cell_images/Uninfected/C50P11thinF_IMG_20150724_115141_cell_151.png,smear,malaria,train
data/malaria/raw/cell_images/Parasitized/C120P81ThinF_IMG_20151002_130715_cell_192.png,smear,malaria,train
data/malaria/raw/cell_images/Uninfected/C48P9thinF_IMG_20150721_161243_cell_89.png,smear,malaria,train
data/malaria/raw/cell_images/Uninfected/C176P137NThinF_IMG_20151201_120845_cell_40.png,smear,malaria,train
data/malaria/raw/cell_images/Parasitized/C126P87ThinF_IMG_20151004_104813_cell_149.png,smear,malaria,train
data/malaria/raw/cell_images/Uninfected/C2NThinF_IMG_20150604_114751_cell_107.png,smear,malaria,train
data/malaria/raw/cell_images/Parasitized/C99P60ThinF_IMG_20150918_142128_cell_108.png,smear,malaria,train
data/malaria/raw/cell_images/Uninfected/C163P124ThinF_IMG_20151116_110921_cell_142.png,smear,malaria,train
data/malaria/raw/cell_images/Uninfected/C173P134NThinF_IMG_20151130_120046_cell_3.png,smear,malaria,train
data/malaria/raw/cell_images/Parasitized/C136P97ThinF_IMG_20151005_140538_cell_112.png,smear,malaria,train
data/malaria/raw/cell_images/Uninfected/C213ThinF_IMG_20151106_112252_cell_33.png,smear,malaria,train
data/malaria/raw/cell_images/Uninfected/C89P50ThinF_IMG_20150820_163728_cell_112.png,smear,malaria,train
data/malaria/raw/cell_images/Parasitized/C68P29N_ThinF_IMG_20150819_134712_cell_39.png,smear,malaria,train
data/malaria/raw/cell_images/Parasitized/C116P77ThinF_IMG_20150930_172112_cell_99.png,smear,malaria,train
data/malaria/raw/cell_images/Parasitized/C70P31_ThinF_IMG_20150819_142703_cell_1.png,smear,malaria,train
data/malaria/raw/cell_images/Parasitized/C122P83ThinF_IMG_20151002_150207_cell_159.png,smear,malaria,train
data/malaria/raw/cell_images/Uninfected/C163P124ThinF_IMG_20151116_110818_cell_267.png,smear,malaria,train
data/malaria/raw/cell_images/Parasitized/C95P56ThinF_IMG_20150821_172351_cell_106.png,smear,malaria,train
data/malaria/raw/cell_images/Parasitized/C101P62ThinF_IMG_20150923_170246_cell_89.png,smear,malaria,train
data/malaria/raw/cell_images/Parasitized/C180P141NThinF_IMG_20151201_165659_cell_7.png,smear,malaria,train
data/malaria/raw/cell_images/Parasitized/C137P98ThinF_IMG_20151005_163712_cell_78.png,smear,malaria,train
data/malaria/raw/cell_images/Uninfected/C240ThinF_IMG_20151127_115328_cell_166.png,smear,malaria,train
data/malaria/raw/cell_images/Uninfected/C183P144NThinF_IMG_20151201_224107_cell_23.png,smear,malaria,train
data/malaria/raw/cell_images/Parasitized/C82P43ThinF_IMG_20150817_124728_cell_8.png,smear,malaria,train
data/malaria/raw/cell_images/Uninfected/C69P30N_ThinF_IMG_20150819_135613_cell_170.png,smear,malaria,train
data/malaria/raw/cell_images/Parasitized/C48P9thinF_IMG_20150721_160944_cell_220.png,smear,malaria,train
data/malaria/raw/cell_images/Parasitized/C123P84ThinF_IMG_20151002_151143_cell_186.png,smear,malaria,train
data/malaria/raw/cell_images/Uninfected/C123P84ThinF_IMG_20151002_152330_cell_79.png,smear,malaria,train
data/malaria/raw/cell_images/Uninfected/C168P129ThinF_IMG_20151118_160845_cell_14.png,smear,malaria,train
data/malaria/raw/cell_images/Parasitized/C68P29N_ThinF_IMG_20150819_133236_cell_200.png,smear,malaria,train
data/malaria/raw/cell_images/Parasitized/C132P93ThinF_IMG_20151004_151733_cell_152.png,smear,malaria,train
data/malaria/raw/cell_images/Uninfected/C108P69ThinF_IMG_20150924_225004_cell_57.png,smear,malaria,train
data/malaria/raw/cell_images/Parasitized/C182P143NThinF_IMG_20151201_172759_cell_20.png,smear,malaria,train
data/malaria/raw/cell_images/Uninfected/C70P31_ThinF_IMG_20150813_130849_cell_44.png,smear,malaria,train
data/malaria/raw/cell_images/Parasitized/C181P142ThinF_IMG_20151127_160650_cell_193.png,smear,malaria,train
data/malaria/raw/cell_images/Uninfected/C56P17thinF_IMG_20150728_153328_cell_36.png,smear,malaria,train
data/malaria/raw/cell_images/Uninfected/C106P67ThinF_IMG_20150924_103636_cell_99.png,smear,malaria,train
data/malaria/raw/cell_images/Uninfected/C56P17thinF_IMG_20150728_160537_cell_63.png,smear,malaria,train
data/malaria/raw/cell_images/Uninfected/C227ThinF_IMG_20151112_135422_cell_33.png,smear,malaria,train
data/malaria/raw/cell_images/Uninfected/C158P119ThinF_IMG_20151115_181558_cell_113.png,smear,malaria,train
data/malaria/raw/cell_images/Uninfected/C107P68ThinF_IMG_20150924_221909_cell_9.png,smear,malaria,train
data/malaria/raw/cell_images/Parasitized/C146P107ThinF_IMG_20151018_140439_cell_284.png,smear,malaria,train
data/malaria/raw/cell_images/Uninfected/C216ThinF_IMG_20151106_135653_cell_139.png,smear,malaria,train
data/malaria/raw/cell_images/Uninfected/C241NThinF_IMG_20151207_124608_cell_125.png,smear,malaria,train
data/malaria/raw/cell_images/Parasitized/C99P60ThinF_IMG_20150918_141001_cell_97.png,smear,malaria,train
data/malaria/raw/cell_images/Parasitized/C174P135NThinF_IMG_20151127_135512_cell_189.png,smear,malaria,train
data/malaria/raw/cell_images/Parasitized/C189P150ThinF_IMG_20151203_142224_cell_81.png,smear,malaria,train
data/malaria/raw/cell_images/Parasitized/C137P98ThinF_IMG_20151005_163335_cell_3.png,smear,malaria,train
data/malaria/raw/cell_images/Parasitized/C84P45ThinF_IMG_20150818_102325_cell_93.png,smear,malaria,train
data/malaria/raw/cell_images/Uninfected/C135P96ThinF_IMG_20151005_124031_cell_78.png,smear,malaria,train
data/malaria/raw/cell_images/Uninfected/C159P120ThinF_IMG_20151115_185541_cell_174.png,smear,malaria,train
data/malaria/raw/cell_images/Parasitized/C48P9thinF_IMG_20150721_161055_cell_166.png,smear,malaria,train
data/malaria/raw/cell_images/Uninfected/C232ThinF_IMG_20151112_154424_cell_42.png,smear,malaria,train
data/malaria/raw/cell_images/Parasitized/C82P43ThinF_IMG_20150817_123500_cell_218.png,smear,malaria,train
data/malaria/raw/cell_images/Parasitized/C168P129ThinF_IMG_20151118_160845_cell_152.png,smear,malaria,train
data/malaria/raw/cell_images/Uninfected/C108P69ThinF_IMG_20150924_225511_cell_180.png,smear,malaria,train
data/malaria/raw/cell_images/Parasitized/C181P142ThinF_IMG_20151127_155722_cell_173.png,smear,malaria,train
data/malaria/raw/cell_images/Parasitized/C184P145ThinF_IMG_20151203_104030_cell_12.png,smear,malaria,train
data/malaria/raw/cell_images/Parasitized/C68P29N_ThinF_IMG_20150819_133236_cell_178.png,smear,malaria,train
data/malaria/raw/cell_images/Uninfected/C120P81ThinF_IMG_20151002_130715_cell_173.png,smear,malaria,train
data/malaria/raw/cell_images/Parasitized/C156P117ThinF_IMG_20151115_153831_cell_258.png,smear,malaria,train
data/malaria/raw/cell_images/Uninfected/C127P88ThinF_IMG_20151004_111755_cell_1.png,smear,malaria,train
data/malaria/raw/cell_images/Parasitized/C59P20thinF_IMG_20150803_112733_cell_180.png,smear,malaria,train
data/malaria/raw/cell_images/Uninfected/C105P66ThinF_IMG_20150924_100655_cell_75.png,smear,malaria,train
data/malaria/raw/cell_images/Uninfected/C207ThinF_IMG_20151029_144033_cell_198.png,smear,malaria,train
data/malaria/raw/cell_images/Parasitized/C117P78ThinF_IMG_20150930_220616_cell_96.png,smear,malaria,train
data/malaria/raw/cell_images/Parasitized/C120P81ThinF_IMG_20151002_130918_cell_195.png,smear,malaria,train
data/malaria/raw/cell_images/Uninfected/C127P88ThinF_IMG_20151004_112126_cell_78.png,smear,malaria,train
data/malaria/raw/cell_images/Parasitized/C128P89ThinF_IMG_20151004_131753_cell_131.png,smear,malaria,train
data/malaria/raw/cell_images/Parasitized/C156P117ThinF_IMG_20151115_154313_cell_272.png,smear,malaria,train
data/malaria/raw/cell_images/Uninfected/C134P95ThinF_IMG_20151005_121425_cell_70.png,smear,malaria,train
data/malaria/raw/cell_images/Parasitized/C137P98ThinF_IMG_20151005_161449_cell_8.png,smear,malaria,train
data/malaria/raw/cell_images/Parasitized/C60P21thinF_IMG_20150804_105639_cell_6.png,smear,malaria,train
data/malaria/raw/cell_images/Parasitized/C99P60ThinF_IMG_20150918_141129_cell_144.png,smear,malaria,train
data/malaria/raw/cell_images/Parasitized/C136P97ThinF_IMG_20151005_143743_cell_123.png,smear,malaria,train
data/malaria/raw/cell_images/Parasitized/C68P29N_ThinF_IMG_20150819_134712_cell_71.png,smear,malaria,train
data/malaria/raw/cell_images/Uninfected/C231ThinF_IMG_20151112_153106_cell_147.png,smear,malaria,train
data/malaria/raw/cell_images/Uninfected/C239ThinF_IMG_20151127_113223_cell_116.png,smear,malaria,train
data/malaria/raw/cell_images/Parasitized/C42P5thin_original_IMG_20150623_135746_cell_161.png,smear,malaria,train
data/malaria/raw/cell_images/Uninfected/C109P70ThinF_IMG_20150930_103811_cell_66.png,smear,malaria,train
data/malaria/raw/cell_images/Parasitized/C117P78ThinF_IMG_20150930_214511_cell_94.png,smear,malaria,train
data/malaria/raw/cell_images/Uninfected/C1_thinF_IMG_20150604_104919_cell_86.png,smear,malaria,train
data/malaria/raw/cell_images/Uninfected/C170P131ThinF_IMG_20151119_120019_cell_134.png,smear,malaria,train
data/malaria/raw/cell_images/Uninfected/C149P110ThinF_IMG_20151115_114729_cell_4.png,smear,malaria,train
data/malaria/raw/cell_images/Uninfected/C48P9thinF_IMG_20150721_160406_cell_194.png,smear,malaria,train
data/malaria/raw/cell_images/Uninfected/C58P19thinF_IMG_20150802_122520_cell_90.png,smear,malaria,train
data/malaria/raw/cell_images/Uninfected/C61P22N_ThinF_IMG_20150818_112433_cell_152.png,smear,malaria,train
data/malaria/raw/cell_images/Uninfected/C58P19thinF_IMG_20150802_122520_cell_149.png,smear,malaria,train
data/malaria/raw/cell_images/Parasitized/C132P93ThinF_IMG_20151004_151733_cell_136.png,smear,malaria,train
data/malaria/raw/cell_images/Uninfected/C83P44ThinF_IMG_20150817_133454_cell_100.png,smear,malaria,train
data/malaria/raw/cell_images/Parasitized/C97P58ThinF_IMG_20150917_151512_cell_175.png,smear,malaria,train
data/malaria/raw/cell_images/Uninfected/C136P97ThinF_IMG_20151005_141321_cell_20.png,smear,malaria,train
data/malaria/raw/cell_images/Parasitized/C172P133ThinF_IMG_20151119_155343_cell_288.png,smear,malaria,train
data/malaria/raw/cell_images/Parasitized/C129P90ThinF_IMG_20151004_134700_cell_33.png,smear,malaria,train
data/malaria/raw/cell_images/Uninfected/C185P146ThinF_IMG_20151203_110817_cell_29.png,smear,malaria,train
data/malaria/raw/cell_images/Uninfected/C13NThinF_IMG_20150614_131529_cell_203.png,smear,malaria,train
data/malaria/raw/cell_images/Uninfected/C75P36_ThinF_IMG_20150815_163225_cell_164.png,smear,malaria,train
data/malaria/raw/cell_images/Uninfected/C213ThinF_IMG_20151106_112252_cell_244.png,smear,malaria,train
data/malaria/raw/cell_images/Uninfected/C62P23N_ThinF_IMG_20150818_132811_cell_150.png,smear,malaria,train
data/malaria/raw/cell_images/Parasitized/C116P77ThinF_IMG_20150930_171448_cell_99.png,smear,malaria,train
data/malaria/raw/cell_images/Uninfected/C164P125ThinF_IMG_20151116_115149_cell_73.png,smear,malaria,train
data/malaria/raw/cell_images/Uninfected/C129P90ThinF_IMG_20151004_134306_cell_84.png,smear,malaria,train
data/malaria/raw/cell_images/Parasitized/C133P94ThinF_IMG_20151004_153930_cell_107.png,smear,malaria,train
data/malaria/raw/cell_images/Uninfected/C116P77ThinF_IMG_20150930_171558_cell_64.png,smear,malaria,train
data/malaria/raw/cell_images/Parasitized/C180P141NThinF_IMG_20151201_170021_cell_21.png,smear,malaria,train
data/malaria/raw/cell_images/Parasitized/C132P93ThinF_IMG_20151004_151701_cell_174.png,smear,malaria,train
data/malaria/raw/cell_images/Uninfected/C203ThinF_IMG_20151029_110105_cell_206.png,smear,malaria,train
data/malaria/raw/cell_images/Parasitized/C137P98ThinF_IMG_20151005_164119_cell_79.png,smear,malaria,train
data/malaria/raw/cell_images/Parasitized/C89P50ThinF_IMG_20150820_162504_cell_188.png,smear,malaria,train
data/malaria/raw/cell_images/Parasitized/C59P20thinF_IMG_20150803_113809_cell_51.png,smear,malaria,train
data/malaria/raw/cell_images/Uninfected/C62P23N_ThinF_IMG_20150818_132918_cell_4.png,smear,malaria,train
data/malaria/raw/cell_images/Parasitized/C80P41ThinF_IMG_20150817_111246_cell_130.png,smear,malaria,train
data/malaria/raw/cell_images/Parasitized/C184P145ThinF_IMG_20151203_104153_cell_175.png,smear,malaria,train
data/malaria/raw/cell_images/Parasitized/C182P143NThinF_IMG_20151201_172057_cell_135.png,smear,malaria,train
data/malaria/raw/cell_images/Uninfected/C187P148NThinF_IMG_20151203_154200_cell_76.png,smear,malaria,train
data/malaria/raw/cell_images/Parasitized/C170P131ThinF_IMG_20151119_120019_cell_245.png,smear,malaria,train
data/malaria/raw/cell_images/Uninfected/C131P92ThinF_IMG_20151004_151001_cell_15.png,smear,malaria,train
data/malaria/raw/cell_images/Uninfected/C77P38ThinF_IMG_20150601_155642_cell_3.png,smear,malaria,train
data/malaria/raw/cell_images/Parasitized/C119P80ThinF_IMG_20151002_124345_cell_148.png,smear,malaria,train
data/malaria/raw/cell_images/Uninfected/C131P92ThinF_IMG_20151004_151001_cell_60.png,smear,malaria,train
data/malaria/raw/cell_images/Parasitized/C146P107ThinF_IMG_20151018_134554_cell_257.png,smear,malaria,train
data/malaria/raw/cell_images/Parasitized/C184P145ThinF_IMG_20151203_103824_cell_115.png,smear,malaria,train
data/malaria/raw/cell_images/Parasitized/C132P93ThinF_IMG_20151004_152808_cell_45.png,smear,malaria,train
data/malaria/raw/cell_images/Uninfected/C12NThinF_IMG_20150614_124244_cell_109.png,smear,malaria,train
data/malaria/raw/cell_images/Parasitized/C167P128ReThinF_IMG_20151201_105707_cell_236.png,smear,malaria,train
data/malaria/raw/cell_images/Uninfected/C159P120ThinF_IMG_20151115_190421_cell_52.png,smear,malaria,train
data/malaria/raw/cell_images/Uninfected/C6NThinF_IMG_20150609_122421_cell_180.png,smear,malaria,train
data/malaria/raw/cell_images/Uninfected/C218ThinF_IMG_20151106_144337_cell_215.png,smear,malaria,train
data/malaria/raw/cell_images/Parasitized/C56P17thinF_IMG_20150728_151330_cell_121.png,smear,malaria,train
data/malaria/raw/cell_images/Parasitized/C170P131ThinF_IMG_20151119_120233_cell_187.png,smear,malaria,train
data/malaria/raw/cell_images/Uninfected/C175P136NThinF_IMG_20151127_142326_cell_108.png,smear,malaria,train
data/malaria/raw/cell_images/Parasitized/C60P21thinF_IMG_20150804_104919_cell_141.png,smear,malaria,train
data/malaria/raw/cell_images/Parasitized/C137P98ThinF_IMG_20151005_160918_cell_64.png,smear,malaria,train
data/malaria/raw/cell_images/Uninfected/C53P14thinF_IMG_20150726_120600_cell_26.png,smear,malaria,train
data/malaria/raw/cell_images/Parasitized/C184P145ThinF_IMG_20151203_104334_cell_27.png,smear,malaria,train
data/malaria/raw/cell_images/Parasitized/C63P24N_ThinF_IMG_20150818_143544_cell_169.png,smear,malaria,train
data/malaria/raw/cell_images/Parasitized/C59P20thinF_IMG_20150803_113051_cell_179.png,smear,malaria,train
data/malaria/raw/cell_images/Parasitized/C176P137NThinF_IMG_20151201_121030_cell_16.png,smear,malaria,train
data/malaria/raw/cell_images/Parasitized/C39P4thinF_original_IMG_20150622_105554_cell_22.png,smear,malaria,train
data/malaria/raw/cell_images/Uninfected/C163P124ThinF_IMG_20151116_111147_cell_113.png,smear,malaria,train
data/malaria/raw/cell_images/Uninfected/C146P107ThinF_IMG_20151018_134554_cell_137.png,smear,malaria,train
data/malaria/raw/cell_images/Parasitized/C80P41ThinF_IMG_20150817_112557_cell_11.png,smear,malaria,train
data/malaria/raw/cell_images/Parasitized/C99P60ThinF_IMG_20150918_141620_cell_45.png,smear,malaria,train
data/malaria/raw/cell_images/Parasitized/C132P93ThinF_IMG_20151004_151733_cell_179.png,smear,malaria,train
data/malaria/raw/cell_images/Uninfected/C114P75ThinF_IMG_20150930_150733_cell_19.png,smear,malaria,train
data/malaria/raw/cell_images/Parasitized/C68P29N_ThinF_IMG_20150819_134830_cell_76.png,smear,malaria,train
data/malaria/raw/cell_images/Parasitized/C103P64ThinF_IMG_20150918_165510_cell_188.png,smear,malaria,train
data/malaria/raw/cell_images/Uninfected/C135P96ThinF_IMG_20151005_123441_cell_167.png,smear,malaria,train
data/malaria/raw/cell_images/Parasitized/C180P141NThinF_IMG_20151201_163848_cell_174.png,smear,malaria,train
data/malaria/raw/cell_images/Uninfected/C117P78ThinF_IMG_20150930_222228_cell_40.png,smear,malaria,train
data/malaria/raw/cell_images/Uninfected/C57P18thinF_IMG_20150729_110134_cell_5.png,smear,malaria,train
data/malaria/raw/cell_images/Uninfected/C82P43ThinF_IMG_20150817_123652_cell_80.png,smear,malaria,train
data/malaria/raw/cell_images/Parasitized/C68P29N_ThinF_IMG_20150819_134326_cell_150.png,smear,malaria,train
data/malaria/raw/cell_images/Uninfected/C86P47ThinF_IMG_20150820_125057_cell_62.png,smear,malaria,train
data/malaria/raw/cell_images/Parasitized/C93P54ThinF_IMG_20150821_163815_cell_212.png,smear,malaria,train
data/malaria/raw/cell_images/Parasitized/C39P4thinF_original_IMG_20150622_113842_cell_18.png,smear,malaria,train
data/malaria/raw/cell_images/Uninfected/C63P24N_ThinF_IMG_20150818_142948_cell_56.png,smear,malaria,train
data/malaria/raw/cell_images/Parasitized/C46P7ThinF_IMG_20151130_205719_cell_134.png,smear,malaria,train
data/malaria/raw/cell_images/Parasitized/C158P119ThinF_IMG_20151115_181035_cell_176.png,smear,malaria,train
data/malaria/raw/cell_images/Uninfected/C118P79ThinF_IMG_20151002_105125_cell_43.png,smear,malaria,train
data/malaria/raw/cell_images/Uninfected/C47P8thin_Original_Motic_IMG_20150714_094054_cell_70.png,smear,malaria,train
data/malaria/raw/cell_images/Parasitized/C129P90ThinF_IMG_20151004_133329_cell_104.png,smear,malaria,train
data/malaria/raw/cell_images/Uninfected/C81P42ThinF_IMG_20150817_120712_cell_20.png,smear,malaria,train
data/malaria/raw/cell_images/Uninfected/C82P43ThinF_IMG_20150817_123824_cell_103.png,smear,malaria,train
data/malaria/raw/cell_images/Uninfected/C63P24N_ThinF_IMG_20150818_143319_cell_63.png,smear,malaria,train
data/malaria/raw/cell_images/Parasitized/C182P143NThinF_IMG_20151201_171950_cell_160.png,smear,malaria,train
data/malaria/raw/cell_images/Uninfected/C72P33_ThinF_IMG_20150815_105033_cell_4.png,smear,malaria,train
data/malaria/raw/cell_images/Uninfected/C186P147NThinF_IMG_20151203_150222_cell_57.png,smear,malaria,train
data/malaria/raw/cell_images/Uninfected/C231ThinF_IMG_20151112_153246_cell_46.png,smear,malaria,train
data/malaria/raw/cell_images/Uninfected/C85P46ThinF_IMG_20150820_110040_cell_3.png,smear,malaria,train
data/malaria/raw/cell_images/Parasitized/C68P29N_ThinF_IMG_20150819_134504_cell_172.png,smear,malaria,train
data/malaria/raw/cell_images/Uninfected/C141P102ThinF_IMG_20151005_213930_cell_26.png,smear,malaria,train
data/malaria/raw/cell_images/Parasitized/C137P98ThinF_IMG_20151005_163251_cell_58.png,smear,malaria,train
data/malaria/raw/cell_images/Uninfected/C174P135NThinF_IMG_20151127_135311_cell_88.png,smear,malaria,train
data/malaria/raw/cell_images/Parasitized/C101P62ThinF_IMG_20150918_151149_cell_75.png,smear,malaria,train
data/malaria/raw/cell_images/Parasitized/C132P93ThinF_IMG_20151004_152808_cell_35.png,smear,malaria,train
data/malaria/raw/cell_images/Uninfected/C104P65ThinF_IMG_20150918_171751_cell_175.png,smear,malaria,train
data/malaria/raw/cell_images/Uninfected/C118P79ThinF_IMG_20151002_105827_cell_18.png,smear,malaria,train
data/malaria/raw/cell_images/Uninfected/C82P43ThinF_IMG_20150817_123652_cell_99.png,smear,malaria,train
data/malaria/raw/cell_images/Parasitized/C137P98ThinF_IMG_20151005_160918_cell_74.png,smear,malaria,train
data/malaria/raw/cell_images/Uninfected/C76P37ThinF_IMG_20150815_171454_cell_117.png,smear,malaria,train
data/malaria/raw/cell_images/Uninfected/C172P133ThinF_IMG_20151119_155019_cell_146.png,smear,malaria,train
data/malaria/raw/cell_images/Parasitized/C172P133ThinF_IMG_20151119_155343_cell_284.png,smear,malaria,train
data/malaria/raw/cell_images/Parasitized/C60P21thinF_IMG_20150804_113602_cell_124.png,smear,malaria,train
data/malaria/raw/cell_images/Uninfected/C5NThinF_IMG_20150609_122034_cell_147.png,smear,malaria,train
data/malaria/raw/cell_images/Uninfected/C203ThinF_IMG_20151029_102123_cell_24.png,smear,malaria,train
data/malaria/raw/cell_images/Parasitized/C133P94ThinF_IMG_20151004_154351_cell_108.png,smear,malaria,train
data/malaria/raw/cell_images/Parasitized/C99P60ThinF_IMG_20150918_141520_cell_131.png,smear,malaria,train
data/malaria/raw/cell_images/Parasitized/C132P93ThinF_IMG_20151004_152642_cell_35.png,smear,malaria,train
data/malaria/raw/cell_images/Uninfected/C132P93ThinF_IMG_20151004_151701_cell_6.png,smear,malaria,train
data/malaria/raw/cell_images/Uninfected/C61P22N_ThinF_IMG_20150818_112704_cell_212.png,smear,malaria,train
data/malaria/raw/cell_images/Parasitized/C149P110ThinF_IMG_20151115_115154_cell_258.png,smear,malaria,train
data/malaria/raw/cell_images/Parasitized/C103P64ThinF_IMG_20150918_165510_cell_178.png,smear,malaria,train
data/malaria/raw/cell_images/Parasitized/C131P92ThinF_IMG_20151004_145410_cell_130.png,smear,malaria,train
data/malaria/raw/cell_images/Parasitized/C91P52ThinF_IMG_20150821_125423_cell_11.png,smear,malaria,train
data/malaria/raw/cell_images/Uninfected/C202ThinF_IMG_20151015_152701_cell_84.png,smear,malaria,train
data/malaria/raw/cell_images/Parasitized/C181P142ThinF_IMG_20151127_155722_cell_180.png,smear,malaria,train
data/malaria/raw/cell_images/Uninfected/C7NthinF_IMG_20150611_104824_cell_81.png,smear,malaria,train
data/malaria/raw/cell_images/Parasitized/C136P97ThinF_IMG_20151005_143743_cell_121.png,smear,malaria,train
data/malaria/raw/cell_images/Parasitized/C176P137NThinF_IMG_20151201_122811_cell_137.png,smear,malaria,train
data/malaria/raw/cell_images/Parasitized/C184P145ThinF_IMG_20151203_104334_cell_44.png,smear,malaria,train
data/malaria/raw/cell_images/Uninfected/C80P41ThinF_IMG_20150817_110834_cell_105.png,smear,malaria,train
data/malaria/raw/cell_images/Uninfected/C38P3thinF_original_IMG_20150621_112138_cell_1.png,smear,malaria,train
data/malaria/raw/cell_images/Parasitized/C118P79ThinF_IMG_20151002_104831_cell_168.png,smear,malaria,train
data/malaria/raw/cell_images/Uninfected/C118P79ThinF_IMG_20151002_110725_cell_69.png,smear,malaria,train
data/malaria/raw/cell_images/Parasitized/C33P1thinF_IMG_20150619_121229a_cell_179.png,smear,malaria,train
data/malaria/raw/cell_images/Parasitized/C68P29N_ThinF_IMG_20150819_133236_cell_153.png,smear,malaria,train
data/malaria/raw/cell_images/Uninfected/C55P16thinF_IMG_20150728_121350_cell_78.png,smear,malaria,train
data/malaria/raw/cell_images/Uninfected/C183P144NThinF_IMG_20151201_224458_cell_12.png,smear,malaria,train
data/malaria/raw/cell_images/Uninfected/C55P16thinF_IMG_20150728_123154_cell_29.png,smear,malaria,train
data/malaria/raw/cell_images/Parasitized/C182P143NThinF_IMG_20151201_171950_cell_214.png,smear,malaria,train
data/malaria/raw/cell_images/Uninfected/C241NThinF_IMG_20151207_124030_cell_98.png,smear,malaria,train
data/malaria/raw/cell_images/Uninfected/C52P13thinF_IMG_20150725_124606_cell_16.png,smear,malaria,train
data/malaria/raw/cell_images/Parasitized/C184P145ThinF_IMG_20151203_103637_cell_154.png,smear,malaria,train
data/malaria/raw/cell_images/Parasitized/C132P93ThinF_IMG_20151004_151701_cell_179.png,smear,malaria,train
data/malaria/raw/cell_images/Uninfected/C136P97ThinF_IMG_20151005_143743_cell_42.png,smear,malaria,train
data/malaria/raw/cell_images/Uninfected/C87P48ThinF_IMG_20150820_144855_cell_147.png,smear,malaria,train
data/malaria/raw/cell_images/Parasitized/C48P9thinF_IMG_20150721_164129_cell_18.png,smear,malaria,train
data/malaria/raw/cell_images/Uninfected/C92P53ThinF_IMG_20150821_150457_cell_65.png,smear,malaria,train
data/malaria/raw/cell_images/Parasitized/C33P1thinF_IMG_20150619_121300a_cell_156.png,smear,malaria,train
data/malaria/raw/cell_images/Parasitized/C126P87ThinF_IMG_20151004_104813_cell_151.png,smear,malaria,train
data/malaria/raw/cell_images/Uninfected/C125P86ThinF_IMG_20151004_102619_cell_1.png,smear,malaria,train
data/malaria/raw/cell_images/Uninfected/C180P141NThinF_IMG_20151201_165528_cell_55.png,smear,malaria,train
data/malaria/raw/cell_images/Parasitized/C101P62ThinF_IMG_20150918_151006_cell_62.png,smear,malaria,train
data/malaria/raw/cell_images/Parasitized/C183P144NThinF_IMG_20151201_223208_cell_122.png,smear,malaria,train
data/malaria/raw/cell_images/Parasitized/C60P21thinF_IMG_20150804_105955_cell_127.png,smear,malaria,train
data/malaria/raw/cell_images/Parasitized/C39P4thinF_original_IMG_20150622_113632_cell_3.png,smear,malaria,train
data/malaria/raw/cell_images/Uninfected/C58P19thinF_IMG_20150802_122846_cell_115.png,smear,malaria,train
data/malaria/raw/cell_images/Parasitized/C51AP12thinF_IMG_20150724_160140_cell_65.png,smear,malaria,train
data/malaria/raw/cell_images/Uninfected/C120P81ThinF_IMG_20151002_130150_cell_23.png,smear,malaria,train
data/malaria/raw/cell_images/Parasitized/C189P150ThinF_IMG_20151203_141110_cell_75.png,smear,malaria,train
data/malaria/raw/cell_images/Uninfected/C78P39ThinF_IMG_20150606_103413_cell_157.png,smear,malaria,train
data/malaria/raw/cell_images/Uninfected/C3thin_original_IMG_20150608_162835_cell_26.png,smear,malaria,train
data/malaria/raw/cell_images/Parasitized/C168P129ThinF_IMG_20151118_154651_cell_139.png,smear,malaria,train
data/malaria/raw/cell_images/Uninfected/C121P82ThinF_IMG_20151002_133001_cell_21.png,smear,malaria,train
data/malaria/raw/cell_images/Uninfected/C67P28N_ThinF_IMG_20150819_115955_cell_29.png,smear,malaria,train
data/malaria/raw/cell_images/Uninfected/C79P40ThinF_IMG_20150817_102702_cell_39.png,smear,malaria,train
data/malaria/raw/cell_images/Parasitized/C136P97ThinF_IMG_20151005_140538_cell_114.png,smear,malaria,train
data/malaria/raw/cell_images/Uninfected/C226ThinF_IMG_20151112_131255_cell_3.png,smear,malaria,train
data/malaria/raw/cell_images/Uninfected/C226ThinF_IMG_20151112_131731_cell_80.png,smear,malaria,train
data/malaria/raw/cell_images/Uninfected/C101P62ThinF_IMG_20150918_151239_cell_29.png,smear,malaria,train
data/malaria/raw/cell_images/Uninfected/C100P61ThinF_IMG_20150918_145042_cell_27.png,smear,malaria,train
data/malaria/raw/cell_images/Parasitized/C128P89ThinF_IMG_20151004_131632_cell_175.png,smear,malaria,train
data/malaria/raw/cell_images/Parasitized/C136P97ThinF_IMG_20151005_141321_cell_92.png,smear,malaria,train
data/malaria/raw/cell_images/Uninfected/C47P8thinOriginalOlympusCX21_IMG_20150717_174222_cell_124.png,smear,malaria,train
data/malaria/raw/cell_images/Parasitized/C132P93ThinF_IMG_20151004_151811_cell_145.png,smear,malaria,train
data/malaria/raw/cell_images/Uninfected/C99P60ThinF_IMG_20150918_141314_cell_79.png,smear,malaria,train
data/malaria/raw/cell_images/Parasitized/C116P77ThinF_IMG_20150930_171809_cell_76.png,smear,malaria,train
data/malaria/raw/cell_images/Parasitized/C189P150ThinF_IMG_20151203_142224_cell_80.png,smear,malaria,train
data/malaria/raw/cell_images/Uninfected/C39P4thinF_original_IMG_20150622_110352_cell_37.png,smear,malaria,train
data/malaria/raw/cell_images/Uninfected/C132P93ThinF_IMG_20151004_152353_cell_7.png,smear,malaria,train
data/malaria/raw/cell_images/Parasitized/C132P93ThinF_IMG_20151004_151701_cell_168.png,smear,malaria,train
data/malaria/raw/cell_images/Parasitized/C68P29N_ThinF_IMG_20150819_134504_cell_124.png,smear,malaria,train
data/malaria/raw/cell_images/Parasitized/C184P145ThinF_IMG_20151203_103637_cell_176.png,smear,malaria,train
data/malaria/raw/cell_images/Parasitized/C172P133ThinF_IMG_20151119_155343_cell_268.png,smear,malaria,train
data/malaria/raw/cell_images/Parasitized/C168P129ThinF_IMG_20151118_161940_cell_156.png,smear,malaria,train
data/malaria/raw/cell_images/Parasitized/C103P64ThinF_IMG_20150918_165510_cell_185.png,smear,malaria,train
data/malaria/raw/cell_images/Uninfected/C1_thinF_IMG_20150604_105100_cell_213.png,smear,malaria,train
data/malaria/raw/cell_images/Parasitized/C182P143NThinF_IMG_20151201_172842_cell_23.png,smear,malaria,train
data/malaria/raw/cell_images/Parasitized/C184P145ThinF_IMG_20151203_102721_cell_31.png,smear,malaria,train
data/malaria/raw/cell_images/Parasitized/C116P77ThinF_IMG_20150930_171844_cell_88.png,smear,malaria,train
data/malaria/raw/cell_images/Uninfected/C12NThinF_IMG_20150614_124301_cell_76.png,smear,malaria,train
data/malaria/raw/cell_images/Uninfected/C164P125ThinF_IMG_20151116_115149_cell_37.png,smear,malaria,train
data/malaria/raw/cell_images/Uninfected/C124P85ThinF_IMG_20151002_155101_cell_53.png,smear,malaria,train
data/malaria/raw/cell_images/Parasitized/C117P78ThinF_IMG_20150930_221927_cell_83.png,smear,malaria,train
data/malaria/raw/cell_images/Parasitized/C59P20thinF_IMG_20150803_112802_cell_194.png,smear,malaria,train
data/malaria/raw/cell_images/Parasitized/C183P144NThinF_IMG_20151201_222119_cell_138.png,smear,malaria,train
data/malaria/raw/cell_images/Uninfected/C76P37ThinF_IMG_20150815_171454_cell_226.png,smear,malaria,train
data/malaria/raw/cell_images/Parasitized/C84P45ThinF_IMG_20150818_101257_cell_91.png,smear,malaria,train
data/malaria/raw/cell_images/Uninfected/C141P102ThinF_IMG_20151005_213930_cell_61.png,smear,malaria,train
data/malaria/raw/cell_images/Uninfected/C93P54ThinF_IMG_20150821_163815_cell_149.png,smear,malaria,train
data/malaria/raw/cell_images/Parasitized/C184P145ThinF_IMG_20151203_103637_cell_168.png,smear,malaria,train
data/malaria/raw/cell_images/Parasitized/C136P97ThinF_IMG_20151005_143743_cell_120.png,smear,malaria,train
data/malaria/raw/cell_images/Parasitized/C70P31_ThinF_IMG_20150813_131609_cell_98.png,smear,malaria,train
data/malaria/raw/cell_images/Parasitized/C116P77ThinF_IMG_20150930_171558_cell_110.png,smear,malaria,train
data/malaria/raw/cell_images/Parasitized/C174P135NThinF_IMG_20151127_135435_cell_199.png,smear,malaria,train
data/malaria/raw/cell_images/Uninfected/C207ThinF_IMG_20151029_143711_cell_48.png,smear,malaria,train
data/malaria/raw/cell_images/Uninfected/C2NThinF_IMG_20150604_114751_cell_113.png,smear,malaria,train
data/malaria/raw/cell_images/Parasitized/C118P79ThinF_IMG_20151002_105125_cell_151.png,smear,malaria,train
data/malaria/raw/cell_images/Parasitized/C39P4thinF_original_IMG_20150622_113842_cell_21.png,smear,malaria,train
data/malaria/raw/cell_images/Uninfected/C180P141NThinF_IMG_20151201_165423_cell_136.png,smear,malaria,train
data/malaria/raw/cell_images/Parasitized/C51AP12thinF_IMG_20150724_162636_cell_95.png,smear,malaria,train
data/malaria/raw/cell_images/Parasitized/C48P9thinF_IMG_20150721_161412_cell_178.png,smear,malaria,train
data/malaria/raw/cell_images/Uninfected/C176P137NThinF_IMG_20151201_122811_cell_130.png,smear,malaria,train
data/malaria/raw/cell_images/Uninfected/C65P26N_ThinF_IMG_20150818_154714_cell_41.png,smear,malaria,train
data/malaria/raw/cell_images/Parasitized/C182P143NThinF_IMG_20151201_172842_cell_41.png,smear,malaria,train
data/malaria/raw/cell_images/Parasitized/C132P93ThinF_IMG_20151004_152257_cell_157.png,smear,malaria,train
data/malaria/raw/cell_images/Uninfected/C189P150ThinF_IMG_20151203_142224_cell_13.png,smear,malaria,train
data/malaria/raw/cell_images/Uninfected/C105P66ThinF_IMG_20150924_094944_cell_3.png,smear,malaria,train
data/malaria/raw/cell_images/Parasitized/C133P94ThinF_IMG_20151004_154351_cell_101.png,smear,malaria,train
data/malaria/raw/cell_images/Parasitized/C182P143NThinF_IMG_20151201_172607_cell_45.png,smear,malaria,train
data/malaria/raw/cell_images/Parasitized/C99P60ThinF_IMG_20150918_141314_cell_135.png,smear,malaria,train
data/malaria/raw/cell_images/Uninfected/C1_thinF_IMG_20150604_104919_cell_157.png,smear,malaria,train
data/malaria/raw/cell_images/Parasitized/C101P62ThinF_IMG_20150918_151239_cell_75.png,smear,malaria,train
data/malaria/raw/cell_images/Parasitized/C146P107ThinF_IMG_20151018_135846_cell_219.png,smear,malaria,train
data/malaria/raw/cell_images/Parasitized/C133P94ThinF_IMG_20151004_153930_cell_112.png,smear,malaria,train
data/malaria/raw/cell_images/Parasitized/C129P90ThinF_IMG_20151004_134520_cell_122.png,smear,malaria,train
data/malaria/raw/cell_images/Uninfected/C80P41ThinF_IMG_20150817_110834_cell_42.png,smear,malaria,train
data/malaria/raw/cell_images/Uninfected/C39P4thinF_original_IMG_20150622_110435_cell_41.png,smear,malaria,train
data/malaria/raw/cell_images/Parasitized/C132P93ThinF_IMG_20151004_152505_cell_135.png,smear,malaria,train
data/malaria/raw/cell_images/Uninfected/C179P140ThinF_IMG_20151127_153350_cell_110.png,smear,malaria,train
data/malaria/raw/cell_images/Uninfected/C60P21thinF_IMG_20150803_144003_cell_1.png,smear,malaria,train
data/malaria/raw/cell_images/Parasitized/C120P81ThinF_IMG_20151002_131120_cell_190.png,smear,malaria,train
data/malaria/raw/cell_images/Uninfected/C183P144NThinF_IMG_20151201_224107_cell_46.png,smear,malaria,train
data/malaria/raw/cell_images/Parasitized/C189P150ThinF_IMG_20151203_141901_cell_85.png,smear,malaria,train
data/malaria/raw/cell_images/Uninfected/C71P32_ThinF_IMG_20150813_163120_cell_124.png,smear,malaria,train
data/malaria/raw/cell_images/Uninfected/C166P127ThinF_IMG_20151117_194147_cell_53.png,smear,malaria,train
data/malaria/raw/cell_images/Uninfected/C98P59ThinF_IMG_20150917_153311_cell_73.png,smear,malaria,train
data/malaria/raw/cell_images/Parasitized/C184P145ThinF_IMG_20151203_104153_cell_165.png,smear,malaria,train
data/malaria/raw/cell_images/Uninfected/C233ThinF_IMG_20151112_160129_cell_28.png,smear,malaria,train
data/malaria/raw/cell_images/Parasitized/C97P58ThinF_IMG_20150917_151512_cell_174.png,smear,malaria,train
data/malaria/raw/cell_images/Uninfected/C182P143NThinF_IMG_20151201_172257_cell_3.png,smear,malaria,train
data/malaria/raw/cell_images/Uninfected/C113P74ThinF_IMG_20150930_134751_cell_30.png,smear,malaria,train
data/malaria/raw/cell_images/Parasitized/C78P39ThinF_IMG_20150606_104106_cell_172.png,smear,malaria,train
data/malaria/raw/cell_images/Parasitized/C82P43ThinF_IMG_20150817_125326_cell_1.png,smear,malaria,train
data/malaria/raw/cell_images/Parasitized/C78P39ThinF_IMG_20150606_104106_cell_174.png,smear,malaria,train
data/malaria/raw/cell_images/Parasitized/C107P68ThinF_IMG_20150924_222415_cell_177.png,smear,malaria,train
data/malaria/raw/cell_images/Parasitized/C101P62ThinF_IMG_20150918_151507_cell_56.png,smear,malaria,train
data/malaria/raw/cell_images/Parasitized/C39P4thinF_original_IMG_20150622_111942_cell_24.png,smear,malaria,train
data/malaria/raw/cell_images/Parasitized/C81P42ThinF_IMG_20150817_115942_cell_213.png,smear,malaria,train
data/malaria/raw/cell_images/Uninfected/C206ThinF_IMG_20151029_140511_cell_182.png,smear,malaria,train
data/malaria/raw/cell_images/Parasitized/C129P90ThinF_IMG_20151004_134520_cell_121.png,smear,malaria,train
data/malaria/raw/cell_images/Uninfected/C51AP12thinF_IMG_20150724_162636_cell_15.png,smear,malaria,train
data/malaria/raw/cell_images/Uninfected/C215ThinF_IMG_20151106_133247_cell_154.png,smear,malaria,train
data/malaria/raw/cell_images/Parasitized/C131P92ThinF_IMG_20151004_145410_cell_131.png,smear,malaria,train
data/malaria/raw/cell_images/Uninfected/C228ThinF_IMG_20151112_142109_cell_100.png,smear,malaria,train
data/malaria/raw/cell_images/Uninfected/C50P11thinF_IMG_20150724_115749_cell_74.png,smear,malaria,train
data/malaria/raw/cell_images/Uninfected/C237ThinF_IMG_20151127_104844_cell_158.png,smear,malaria,train
data/malaria/raw/cell_images/Parasitized/C130P91ThinF_IMG_20151004_142109_cell_139.png,smear,malaria,train
data/malaria/raw/cell_images/Parasitized/C107P68ThinF_IMG_20150924_222415_cell_172.png,smear,malaria,train
data/malaria/raw/cell_images/Parasitized/C59P20thinF_IMG_20150803_112733_cell_184.png,smear,malaria,train
data/malaria/raw/cell_images/Parasitized/C45P6ThinF_IMG_20151130_160135_cell_212.png,smear,malaria,train
data/malaria/raw/cell_images/Uninfected/C88P49ThinF_IMG_20150820_150141_cell_93.png,smear,malaria,train
data/malaria/raw/cell_images/Parasitized/C80P41ThinF_IMG_20150817_112557_cell_16.png,smear,malaria,train
data/malaria/raw/cell_images/Parasitized/C52P13thinF_IMG_20150725_125847_cell_172.png,smear,malaria,train
data/malaria/raw/cell_images/Uninfected/C224ThinF_IMG_20151112_112834_cell_12.png,smear,malaria,train
data/malaria/raw/cell_images/Uninfected/C159P120ThinF_IMG_20151115_190002_cell_118.png,smear,malaria,train
data/malaria/raw/cell_images/Uninfected/C134P95ThinF_IMG_20151005_121656_cell_59.png,smear,malaria,train
data/malaria/raw/cell_images/Parasitized/C137P98ThinF_IMG_20151005_162010_cell_88.png,smear,malaria,train
data/malaria/raw/cell_images/Parasitized/C182P143NThinF_IMG_20151201_172216_cell_148.png,smear,malaria,train
data/malaria/raw/cell_images/Uninfected/C222ThinF_IMG_20151115_150925_cell_71.png,smear,malaria,train
data/malaria/raw/cell_images/Parasitized/C84P45ThinF_IMG_20150818_101903_cell_13.png,smear,malaria,train
data/malaria/raw/cell_images/Uninfected/C33P1thinF_IMG_20150619_115740a_cell_127.png,smear,malaria,train
data/malaria/raw/cell_images/Uninfected/C170P131ThinF_IMG_20151119_115918_cell_247.png,smear,malaria,train
data/malaria/raw/cell_images/Parasitized/C179P140ThinF_IMG_20151127_153436_cell_185.png,smear,malaria,train
data/malaria/raw/cell_images/Parasitized/C98P59ThinF_IMG_20150917_153311_cell_164.png,smear,malaria,train
data/malaria/raw/cell_images/Uninfected/C42P5thin_original_IMG_20150623_135251_cell_43.png,smear,malaria,train
data/malaria/raw/cell_images/Parasitized/C126P87ThinF_IMG_20151004_105234_cell_132.png,smear,malaria,train
data/malaria/raw/cell_images/Uninfected/C5NThinF_IMG_20150609_122108_cell_173.png,smear,malaria,train
data/malaria/raw/cell_images/Parasitized/C180P141NThinF_IMG_20151201_170110_cell_3.png,smear,malaria,train
data/malaria/raw/cell_images/Uninfected/C4thin_original_IMG_20150608_165540_cell_187.png,smear,malaria,train
data/malaria/raw/cell_images/Parasitized/C82P43ThinF_IMG_20150817_124418_cell_174.png,smear,malaria,train
data/malaria/raw/cell_images/Uninfected/C220ThinF_IMG_20151106_153947_cell_201.png,smear,malaria,train
data/malaria/raw/cell_images/Parasitized/C47P8thin_Original_Motic_IMG_20150714_094054_cell_189.png,smear,malaria,train
data/malaria/raw/cell_images/Uninfected/C142P103ThinF_IMG_20151005_223257_cell_174.png,smear,malaria,train
data/malaria/raw/cell_images/Parasitized/C177P138NThinF_IMG_20151201_143025_cell_176.png,smear,malaria,train
data/malaria/raw/cell_images/Parasitized/C113P74ThinF_IMG_20150930_134949_cell_163.png,smear,malaria,train
data/malaria/raw/cell_images/Parasitized/C84P45ThinF_IMG_20150818_104849_cell_12.png,smear,malaria,train
data/malaria/raw/cell_images/Parasitized/C184P145ThinF_IMG_20151203_103637_cell_145.png,smear,malaria,train
data/malaria/raw/cell_images/Parasitized/C51AP12thinF_IMG_20150724_161126_cell_125.png,smear,malaria,train
data/malaria/raw/cell_images/Parasitized/C184P145ThinF_IMG_20151203_102721_cell_19.png,smear,malaria,train
data/malaria/raw/cell_images/Uninfected/C168P129ThinF_IMG_20151118_154651_cell_37.png,smear,malaria,train
data/malaria/raw/cell_images/Uninfected/C233ThinF_IMG_20151112_161119_cell_244.png,smear,malaria,train
data/malaria/raw/cell_images/Parasitized/C180P141NThinF_IMG_20151201_165601_cell_193.png,smear,malaria,train
data/malaria/raw/cell_images/Uninfected/C13NThinF_IMG_20150614_131529_cell_38.png,smear,malaria,train
data/malaria/raw/cell_images/Parasitized/C67P28N_ThinF_IMG_20150819_115417_cell_180.png,smear,malaria,train
data/malaria/raw/cell_images/Parasitized/C174P135NThinF_IMG_20151127_135435_cell_214.png,smear,malaria,train
data/malaria/raw/cell_images/Uninfected/C211ThinF_IMG_20151029_164248_cell_207.png,smear,malaria,train
data/malaria/raw/cell_images/Uninfected/C116P77ThinF_IMG_20150930_171448_cell_72.png,smear,malaria,train
data/malaria/raw/cell_images/Uninfected/C117P78ThinF_IMG_20150930_221048_cell_47.png,smear,malaria,train
data/malaria/raw/cell_images/Uninfected/C12NThinF_IMG_20150614_125741_cell_74.png,smear,malaria,train
data/malaria/raw/cell_images/Parasitized/C156P117ThinF_IMG_20151115_155104_cell_257.png,smear,malaria,train
data/malaria/raw/cell_images/Parasitized/C59P20thinF_IMG_20150803_115303_cell_29.png,smear,malaria,train
data/malaria/raw/cell_images/Uninfected/C176P137NThinF_IMG_20151201_121808_cell_43.png,smear,malaria,train
data/malaria/raw/cell_images/Parasitized/C133P94ThinF_IMG_20151004_155518_cell_112.png,smear,malaria,train
data/malaria/raw/cell_images/Parasitized/C70P31_ThinF_IMG_20150819_142703_cell_17.png,smear,malaria,train
data/malaria/raw/cell_images/Parasitized/C46P7ThinF_IMG_20151130_210815_cell_6.png,smear,malaria,train
data/malaria/raw/cell_images/Uninfected/C89P50ThinF_IMG_20150820_163728_cell_5.png,smear,malaria,train
data/malaria/raw/cell_images/Parasitized/C183P144NThinF_IMG_20151201_222917_cell_159.png,smear,malaria,train
data/malaria/raw/cell_images/Parasitized/C133P94ThinF_IMG_20151004_154512_cell_130.png,smear,malaria,train
data/malaria/raw/cell_images/Parasitized/C189P150ThinF_IMG_20151203_141809_cell_93.png,smear,malaria,train
data/malaria/raw/cell_images/Parasitized/C180P141NThinF_IMG_20151201_163848_cell_176.png,smear,malaria,train
data/malaria/raw/cell_images/Uninfected/C212ThinF_IMG_20151106_110230_cell_118.png,smear,malaria,train
data/malaria/raw/cell_images/Parasitized/C176P137NThinF_IMG_20151201_122708_cell_143.png,smear,malaria,train
data/malaria/raw/cell_images/Parasitized/C80P41ThinF_IMG_20150817_110608_cell_141.png,smear,malaria,train
data/malaria/raw/cell_images/Uninfected/C209ThinF_IMG_20151029_160803_cell_185.png,smear,malaria,train
data/malaria/raw/cell_images/Parasitized/C186P147NThinF_IMG_20151203_150322_cell_162.png,smear,malaria,train
data/malaria/raw/cell_images/Uninfected/C45P6ThinF_IMG_20151130_160409_cell_85.png,smear,malaria,train
data/malaria/raw/cell_images/Parasitized/C70P31_ThinF_IMG_20150813_130849_cell_73.png,smear,malaria,train
data/malaria/raw/cell_images/Uninfected/C240ThinF_IMG_20151127_115328_cell_16.png,smear,malaria,train
data/malaria/raw/cell_images/Uninfected/C83P44ThinF_IMG_20150817_133355_cell_175.png,smear,malaria,train
data/malaria/raw/cell_images/Parasitized/C116P77ThinF_IMG_20150930_172112_cell_92.png,smear,malaria,train
data/malaria/raw/cell_images/Parasitized/C48P9thinF_IMG_20150721_163810_cell_10.png,smear,malaria,train
data/malaria/raw/cell_images/Parasitized/C172P133ThinF_IMG_20151119_155343_cell_273.png,smear,malaria,train
data/malaria/raw/cell_images/Parasitized/C48P9thinF_IMG_20150721_161055_cell_167.png,smear,malaria,train
data/malaria/raw/cell_images/Uninfected/C206ThinF_IMG_20151029_140538_cell_119.png,smear,malaria,train
data/malaria/raw/cell_images/Parasitized/C107P68ThinF_IMG_20150924_221632_cell_172.png,smear,malaria,train
data/malaria/raw/cell_images/Parasitized/C39P4thinF_original_IMG_20150622_110435_cell_105.png,smear,malaria,train
data/malaria/raw/cell_images/Parasitized/C129P90ThinF_IMG_20151004_133244_cell_107.png,smear,malaria,train
data/malaria/raw/cell_images/Uninfected/C212ThinF_IMG_20151106_105941_cell_110.png,smear,malaria,train
data/malaria/raw/cell_images/Parasitized/C132P93ThinF_IMG_20151004_151811_cell_128.png,smear,malaria,train
data/malaria/raw/cell_images/Parasitized/C97P58ThinF_IMG_20150917_151512_cell_162.png,smear,malaria,train
data/malaria/raw/cell_images/Uninfected/C177P138NThinF_IMG_20151201_142942_cell_29.png,smear,malaria,train
data/malaria/raw/cell_images/Uninfected/C3thin_original_IMG_20150608_163029_cell_52.png,smear,malaria,train
data/malaria/raw/cell_images/Uninfected/C215ThinF_IMG_20151106_133043_cell_110.png,smear,malaria,train
data/malaria/raw/cell_images/Uninfected/C209ThinF_IMG_20151029_160803_cell_78.png,smear,malaria,train
data/malaria/raw/cell_images/Parasitized/C49P10thinF_IMG_20150724_103054_cell_190.png,smear,malaria,train
data/malaria/raw/cell_images/Parasitized/C118P79ThinF_IMG_20151002_105346_cell_152.png,smear,malaria,train
data/malaria/raw/cell_images/Parasitized/C159P120ThinF_IMG_20151115_190812_cell_240.png,smear,malaria,train
data/malaria/raw/cell_images/Uninfected/C185P146ThinF_IMG_20151203_110448_cell_243.png,smear,malaria,train
data/malaria/raw/cell_images/Parasitized/C82P43ThinF_IMG_20150817_123824_cell_179.png,smear,malaria,train
data/malaria/raw/cell_images/Uninfected/C92P53ThinF_IMG_20150821_151224_cell_195.png,smear,malaria,train
data/malaria/raw/cell_images/Parasitized/C97P58ThinF_IMG_20150917_151903_cell_1.png,smear,malaria,train
data/malaria/raw/cell_images/Uninfected/C214ThinF_IMG_20151106_114526_cell_171.png,smear,malaria,train
data/malaria/raw/cell_images/Uninfected/C170P131ThinF_IMG_20151119_115918_cell_136.png,smear,malaria,train
data/malaria/raw/cell_images/Parasitized/C184P145ThinF_IMG_20151203_104334_cell_35.png,smear,malaria,train
data/malaria/raw/cell_images/Uninfected/C71P32_ThinF_IMG_20150813_161634_cell_128.png,smear,malaria,train
data/malaria/raw/cell_images/Uninfected/C93P54ThinF_IMG_20150821_162901_cell_57.png,smear,malaria,train
data/malaria/raw/cell_images/Parasitized/C68P29N_ThinF_IMG_20150819_134326_cell_169.png,smear,malaria,train
data/malaria/raw/cell_images/Parasitized/C116P77ThinF_IMG_20150930_172112_cell_96.png,smear,malaria,train
data/malaria/raw/cell_images/Parasitized/C126P87ThinF_IMG_20151004_104441_cell_118.png,smear,malaria,train
data/malaria/raw/cell_images/Uninfected/C54P15thinF_IMG_20150728_112832_cell_188.png,smear,malaria,train
data/malaria/raw/cell_images/Uninfected/C81P42ThinF_IMG_20150817_120351_cell_76.png,smear,malaria,train
data/malaria/raw/cell_images/Parasitized/C128P89ThinF_IMG_20151004_131030_cell_158.png,smear,malaria,train
data/malaria/raw/cell_images/Uninfected/C115P76ThinF_IMG_20150930_163018_cell_123.png,smear,malaria,train
data/malaria/raw/cell_images/Uninfected/C75P36_ThinF_IMG_20150815_163147_cell_39.png,smear,malaria,train
data/malaria/raw/cell_images/Parasitized/C133P94ThinF_IMG_20151004_155144_cell_132.png,smear,malaria,train
data/malaria/raw/cell_images/Uninfected/C216ThinF_IMG_20151106_134733_cell_123.png,smear,malaria,train
data/malaria/raw/cell_images/Uninfected/C140P101ThinF_IMG_20151005_211735_cell_87.png,smear,malaria,train
data/malaria/raw/cell_images/Parasitized/C179P140ThinF_IMG_20151127_153521_cell_175.png,smear,malaria,train
data/malaria/raw/cell_images/Uninfected/C166P127ThinF_IMG_20151117_193931_cell_112.png,smear,malaria,train
data/malaria/raw/cell_images/Parasitized/C99P60ThinF_IMG_20150918_141351_cell_141.png,smear,malaria,train
data/malaria/raw/cell_images/Parasitized/C103P64ThinF_IMG_20150918_164250_cell_170.png,smear,malaria,train
data/malaria/raw/cell_images/Uninfected/C84P45ThinF_IMG_20150818_101257_cell_51.png,smear,malaria,train
data/malaria/raw/cell_images/Uninfected/C160P121ThinF_IMG_20151116_094128_cell_66.png,smear,malaria,train
data/malaria/raw/cell_images/Parasitized/C74P35_ThinF_IMG_20150815_114401_cell_156.png,smear,malaria,train
data/malaria/raw/cell_images/Uninfected/C177P138NThinF_IMG_20151201_143546_cell_41.png,smear,malaria,train
data/malaria/raw/cell_images/Parasitized/C158P119ThinF_IMG_20151115_183157_cell_172.png,smear,malaria,train
data/malaria/raw/cell_images/Uninfected/C54P15thinF_IMG_20150728_112938_cell_204.png,smear,malaria,train
data/malaria/raw/cell_images/Parasitized/C68P29N_ThinF_IMG_20150819_134112_cell_139.png,smear,malaria,train
data/malaria/raw/cell_images/Parasitized/C48P9thinF_IMG_20150721_160406_cell_199.png,smear,malaria,train
data/malaria/raw/cell_images/Uninfected/C136P97ThinF_IMG_20151005_143329_cell_26.png,smear,malaria,train
data/malaria/raw/cell_images/Parasitized/C62P23N_ThinF_IMG_20150818_132918_cell_193.png,smear,malaria,train
data/malaria/raw/cell_images/Uninfected/C6NThinF_IMG_20150609_122547_cell_163.png,smear,malaria,train
data/malaria/raw/cell_images/Parasitized/C116P77ThinF_IMG_20150930_172112_cell_86.png,smear,malaria,train
data/malaria/raw/cell_images/Uninfected/C64P25N_ThinF_IMG_20150818_153517_cell_76.png,smear,malaria,train
data/malaria/raw/cell_images/Uninfected/C68P29N_ThinF_IMG_20150819_133447_cell_15.png,smear,malaria,train
data/malaria/raw/cell_images/Uninfected/C84P45ThinF_IMG_20150818_102325_cell_5.png,smear,malaria,train
data/malaria/raw/cell_images/Parasitized/C128P89ThinF_IMG_20151004_131030_cell_165.png,smear,malaria,train
data/malaria/raw/cell_images/Parasitized/C175P136NThinF_IMG_20151127_142009_cell_209.png,smear,malaria,train
data/malaria/raw/cell_images/Parasitized/C182P143NThinF_IMG_20151201_172607_cell_44.png,smear,malaria,train
data/malaria/raw/cell_images/Uninfected/C42P5thin_original_IMG_20150623_134547_cell_70.png,smear,malaria,train
data/malaria/raw/cell_images/Uninfected/C184P145ThinF_IMG_20151203_103114_cell_124.png,smear,malaria,train
data/malaria/raw/cell_images/Parasitized/C126P87ThinF_IMG_20151004_105234_cell_130.png,smear,malaria,train
data/malaria/raw/cell_images/Uninfected/C60P21thinF_IMG_20150804_105034_cell_95.png,smear,malaria,train
data/malaria/raw/cell_images/Parasitized/C137P98ThinF_IMG_20151005_163946_cell_8.png,smear,malaria,train
data/malaria/raw/cell_images/Parasitized/C180P141NThinF_IMG_20151201_165659_cell_5.png,smear,malaria,train
data/malaria/raw/cell_images/Uninfected/C236ThinF_IMG_20151127_102428_cell_91.png,smear,malaria,train
data/malaria/raw/cell_images/Parasitized/C66P27N_ThinF_IMG_20150818_164408_cell_149.png,smear,malaria,train
data/malaria/raw/cell_images/Uninfected/C58P19thinF_IMG_20150802_122520_cell_161.png,smear,malaria,train
data/malaria/raw/cell_images/Uninfected/C219ThinF_IMG_20151106_145856_cell_140.png,smear,malaria,train
data/malaria/raw/cell_images/Uninfected/C128P89ThinF_IMG_20151004_131129_cell_93.png,smear,malaria,train
data/malaria/raw/cell_images/Parasitized/C100P61ThinF_IMG_20150918_145422_cell_169.png,smear,malaria,train
data/malaria/raw/cell_images/Uninfected/C131P92ThinF_IMG_20151004_145410_cell_20.png,smear,malaria,train
data/malaria/raw/cell_images/Uninfected/C225ThinF_IMG_20151112_113836_cell_148.png,smear,malaria,train
data/malaria/raw/cell_images/Uninfected/C107P68ThinF_IMG_20150924_222630_cell_170.png,smear,malaria,train
data/malaria/raw/cell_images/Uninfected/C90P51ThinF_IMG_20150821_115700_cell_15.png,smear,malaria,train
data/malaria/raw/cell_images/Uninfected/C7NthinF_IMG_20150611_104510_cell_110.png,smear,malaria,train
data/malaria/raw/cell_images/Parasitized/C137P98ThinF_IMG_20151005_163946_cell_7.png,smear,malaria,train
data/malaria/raw/cell_images/Parasitized/C82P43ThinF_IMG_20150817_124010_cell_189.png,smear,malaria,train
data/malaria/raw/cell_images/Parasitized/C116P77ThinF_IMG_20150930_171219_cell_112.png,smear,malaria,train
data/malaria/raw/cell_images/Parasitized/C99P60ThinF_IMG_20150918_141857_cell_37.png,smear,malaria,train
data/malaria/raw/cell_images/Parasitized/C116P77ThinF_IMG_20150930_171219_cell_85.png,smear,malaria,train
data/malaria/raw/cell_images/Uninfected/C223ThinF_IMG_20151112_104410_cell_25.png,smear,malaria,train
data/malaria/raw/cell_images/Uninfected/C53P14thinF_IMG_20150726_115046_cell_142.png,smear,malaria,train
data/malaria/raw/cell_images/Uninfected/C220ThinF_IMG_20151106_154510_cell_172.png,smear,malaria,train
data/malaria/raw/cell_images/Parasitized/C176P137NThinF_IMG_20151201_122708_cell_146.png,smear,malaria,train
data/malaria/raw/cell_images/Parasitized/C39P4thinF_original_IMG_20150622_110435_cell_87.png,smear,malaria,train
data/malaria/raw/cell_images/Parasitized/C46P7ThinF_IMG_20151130_210309_cell_154.png,smear,malaria,train
data/malaria/raw/cell_images/Uninfected/C110P71ThinF_IMG_20150930_105729_cell_167.png,smear,malaria,train
data/malaria/raw/cell_images/Parasitized/C98P59ThinF_IMG_20150917_154452_cell_209.png,smear,malaria,train
data/malaria/raw/cell_images/Uninfected/C87P48ThinF_IMG_20150820_132327_cell_133.png,smear,malaria,train
data/malaria/raw/cell_images/Uninfected/C4thin_original_IMG_20150608_170016_cell_117.png,smear,malaria,train
data/malaria/raw/cell_images/Parasitized/C68P29N_ThinF_IMG_20150819_134625_cell_6.png,smear,malaria,train
data/malaria/raw/cell_images/Parasitized/C132P93ThinF_IMG_20151004_151701_cell_142.png,smear,malaria,train
data/malaria/raw/cell_images/Parasitized/C91P52ThinF_IMG_20150821_124504_cell_207.png,smear,malaria,train
data/malaria/raw/cell_images/Parasitized/C145P106ThinF_IMG_20151016_154641_cell_145.png,smear,malaria,train
data/malaria/raw/cell_images/Parasitized/C132P93ThinF_IMG_20151004_152505_cell_148.png,smear,malaria,train
data/malaria/raw/cell_images/Uninfected/C177P138NThinF_IMG_20151201_143025_cell_16.png,smear,malaria,train
data/malaria/raw/cell_images/Parasitized/C99P60ThinF_IMG_20150918_141351_cell_106.png,smear,malaria,train
data/malaria/raw/cell_images/Uninfected/C101P62ThinF_IMG_20150923_170246_cell_30.png,smear,malaria,train
data/malaria/raw/cell_images/Parasitized/C48P9thinF_IMG_20150721_160944_cell_229.png,smear,malaria,train
data/malaria/raw/cell_images/Uninfected/C161P122ThinF_IMG_20151116_101722_cell_77.png,smear,malaria,train
data/malaria/raw/cell_images/Uninfected/C124P85ThinF_IMG_20151002_155101_cell_164.png,smear,malaria,train
data/malaria/raw/cell_images/Parasitized/C97P58ThinF_IMG_20150917_152032_cell_155.png,smear,malaria,train
data/malaria/raw/cell_images/Uninfected/C93P54ThinF_IMG_20150821_163452_cell_130.png,smear,malaria,train
data/malaria/raw/cell_images/Uninfected/C117P78ThinF_IMG_20150930_221812_cell_51.png,smear,malaria,train
data/malaria/raw/cell_images/Parasitized/C51AP12thinF_IMG_20150724_162636_cell_89.png,smear,malaria,train
data/malaria/raw/cell_images/Uninfected/C202ThinF_IMG_20151015_152333_cell_169.png,smear,malaria,train
data/malaria/raw/cell_images/Uninfected/C172P133ThinF_IMG_20151119_155307_cell_6.png,smear,malaria,train
data/malaria/raw/cell_images/Uninfected/C129P90ThinF_IMG_20151004_133921_cell_73.png,smear,malaria,train
data/malaria/raw/cell_images/Parasitized/C171P132ThinF_IMG_20151119_153851_cell_249.png,smear,malaria,train
data/malaria/raw/cell_images/Uninfected/C215ThinF_IMG_20151106_133116_cell_196.png,smear,malaria,train
data/malaria/raw/cell_images/Uninfected/C154P115ThinF_IMG_20151115_141507_cell_138.png,smear,malaria,train
data/malaria/raw/cell_images/Uninfected/C131P92ThinF_IMG_20151004_145224_cell_88.png,smear,malaria,train
data/malaria/raw/cell_images/Uninfected/C206ThinF_IMG_20151029_140917_cell_167.png,smear,malaria,train
data/malaria/raw/cell_images/Uninfected/C66P27N_ThinF_IMG_20150818_164408_cell_42.png,smear,malaria,train
data/malaria/raw/cell_images/Parasitized/C68P29N_ThinF_IMG_20150819_134326_cell_145.png,smear,malaria,train
data/malaria/raw/cell_images/Parasitized/C181P142ThinF_IMG_20151127_155722_cell_193.png,smear,malaria,train
data/malaria/raw/cell_images/Uninfected/C46P7ThinF_IMG_20151130_210743_cell_83.png,smear,malaria,train
data/malaria/raw/cell_images/Uninfected/C216ThinF_IMG_20151106_134733_cell_120.png,smear,malaria,train
data/malaria/raw/cell_images/Uninfected/C56P17thinF_IMG_20150728_155921_cell_73.png,smear,malaria,train
data/malaria/raw/cell_images/Parasitized/C91P52ThinF_IMG_20150821_124504_cell_203.png,smear,malaria,train
data/malaria/raw/cell_images/Parasitized/C39P4thinF_original_IMG_20150622_114804_cell_11.png,smear,malaria,train
data/malaria/raw/cell_images/Parasitized/C189P150ThinF_IMG_20151203_141455_cell_72.png,smear,malaria,train
data/malaria/raw/cell_images/Uninfected/C189P150ThinF_IMG_20151203_141110_cell_36.png,smear,malaria,train
data/malaria/raw/cell_images/Parasitized/C70P31_ThinF_IMG_20150813_131457_cell_10.png,smear,malaria,train
data/malaria/raw/cell_images/Uninfected/C64P25N_ThinF_IMG_20150818_153517_cell_144.png,smear,malaria,train
data/malaria/raw/cell_images/Parasitized/C68P29N_ThinF_IMG_20150819_134712_cell_45.png,smear,malaria,train
data/malaria/raw/cell_images/Parasitized/C128P89ThinF_IMG_20151004_130810_cell_161.png,smear,malaria,train
data/malaria/raw/cell_images/Uninfected/C214ThinF_IMG_20151106_114611_cell_166.png,smear,malaria,train
data/malaria/raw/cell_images/Uninfected/C119P80ThinF_IMG_20151002_124304_cell_110.png,smear,malaria,train
data/malaria/raw/cell_images/Parasitized/C132P93ThinF_IMG_20151004_151941_cell_38.png,smear,malaria,train
data/malaria/raw/cell_images/Parasitized/C129P90ThinF_IMG_20151004_133538_cell_83.png,smear,malaria,train
data/malaria/raw/cell_images/Parasitized/C189P150ThinF_IMG_20151203_141719_cell_60.png,smear,malaria,train
data/malaria/raw/cell_images/Parasitized/C123P84ThinF_IMG_20151002_152144_cell_183.png,smear,malaria,train
data/malaria/raw/cell_images/Uninfected/C115P76ThinF_IMG_20150930_161825_cell_191.png,smear,malaria,train
data/malaria/raw/cell_images/Parasitized/C148P109ThinF_IMG_20151115_112333_cell_245.png,smear,malaria,train
data/malaria/raw/cell_images/Parasitized/C68P29N_ThinF_IMG_20150819_134712_cell_10.png,smear,malaria,train
data/malaria/raw/cell_images/Parasitized/C48P9thinF_IMG_20150721_161055_cell_193.png,smear,malaria,train
data/malaria/raw/cell_images/Parasitized/C82P43ThinF_IMG_20150817_125114_cell_2.png,smear,malaria,train
data/malaria/raw/cell_images/Parasitized/C116P77ThinF_IMG_20150930_171558_cell_93.png,smear,malaria,train
data/malaria/raw/cell_images/Parasitized/C39P4thinF_original_IMG_20150622_113632_cell_1.png,smear,malaria,train
data/malaria/raw/cell_images/Parasitized/C118P79ThinF_IMG_20151002_105346_cell_165.png,smear,malaria,train
data/malaria/raw/cell_images/Uninfected/C239ThinF_IMG_20151127_113253_cell_278.png,smear,malaria,train
data/malaria/raw/cell_images/Uninfected/C179P140ThinF_IMG_20151127_153350_cell_152.png,smear,malaria,train
data/malaria/raw/cell_images/Parasitized/C68P29N_ThinF_IMG_20150819_134504_cell_166.png,smear,malaria,train
data/malaria/raw/cell_images/Uninfected/C74P35_ThinF_IMG_20150815_120957_cell_36.png,smear,malaria,train
data/malaria/raw/cell_images/Parasitized/C89P50ThinF_IMG_20150820_163728_cell_200.png,smear,malaria,train
data/malaria/raw/cell_images/Uninfected/C222ThinF_IMG_20151115_151433_cell_105.png,smear,malaria,train
data/malaria/raw/cell_images/Uninfected/C73P34_ThinF_IMG_20150815_111422_cell_51.png,smear,malaria,train
data/malaria/raw/cell_images/Uninfected/C115P76ThinF_IMG_20150930_163156_cell_221.png,smear,malaria,train
data/malaria/raw/cell_images/Uninfected/C182P143NThinF_IMG_20151201_171905_cell_117.png,smear,malaria,train
data/malaria/raw/cell_images/Parasitized/C184P145ThinF_IMG_20151203_104030_cell_33.png,smear,malaria,train
data/malaria/raw/cell_images/Parasitized/C179P140ThinF_IMG_20151127_153852_cell_176.png,smear,malaria,train
data/malaria/raw/cell_images/Uninfected/C55P16thinF_IMG_20150728_123510_cell_92.png,smear,malaria,train
data/malaria/raw/cell_images/Parasitized/C119P80ThinF_IMG_20151002_124345_cell_164.png,smear,malaria,train
data/malaria/raw/cell_images/Parasitized/C145P106ThinF_IMG_20151016_155121_cell_195.png,smear,malaria,train
data/malaria/raw/cell_images/Parasitized/C176P137NThinF_IMG_20151201_120612_cell_18.png,smear,malaria,train
data/malaria/raw/cell_images/Uninfected/C33P1thinF_IMG_20150619_120804a_cell_3.png,smear,malaria,train
data/malaria/raw/cell_images/Uninfected/C187P148NThinF_IMG_20151203_154111_cell_77.png,smear,malaria,train
data/malaria/raw/cell_images/Uninfected/C69P30N_ThinF_IMG_20150819_135705_cell_57.png,smear,malaria,train
data/malaria/raw/cell_images/Uninfected/C67P28N_ThinF_IMG_20150819_125901_cell_72.png,smear,malaria,train
data/malaria/raw/cell_images/Uninfected/C174P135NThinF_IMG_20151127_135640_cell_131.png,smear,malaria,train
data/malaria/raw/cell_images/Uninfected/C90P51ThinF_IMG_20150821_115310_cell_33.png,smear,malaria,train
data/malaria/raw/cell_images/Uninfected/C119P80ThinF_IMG_20151002_124345_cell_86.png,smear,malaria,train
data/malaria/raw/cell_images/Uninfected/C13NThinF_IMG_20150614_131417_cell_135.png,smear,malaria,train
data/malaria/raw/cell_images/Parasitized/C163P124ThinF_IMG_20151116_111925_cell_282.png,smear,malaria,train
data/malaria/raw/cell_images/Uninfected/C82P43ThinF_IMG_20150817_123500_cell_175.png,smear,malaria,train
data/malaria/raw/cell_images/Parasitized/C77P38ThinF_IMG_20150602_143650_cell_153.png,smear,malaria,train
data/malaria/raw/cell_images/Parasitized/C99P60ThinF_IMG_20150918_141857_cell_12.png,smear,malaria,train
data/malaria/raw/cell_images/Parasitized/C89P50ThinF_IMG_20150820_163728_cell_195.png,smear,malaria,train
data/malaria/raw/cell_images/Parasitized/C39P4thinF_original_IMG_20150622_111206_cell_105.png,smear,malaria,train
data/malaria/raw/cell_images/Parasitized/C99P60ThinF_IMG_20150918_141001_cell_117.png,smear,malaria,train
data/malaria/raw/cell_images/Uninfected/C187P148NThinF_IMG_20151203_153713_cell_78.png,smear,malaria,train
data/malaria/raw/cell_images/Uninfected/C78P39ThinF_IMG_20150606_103630_cell_56.png,smear,malaria,train
data/malaria/raw/cell_images/Parasitized/C68P29N_ThinF_IMG_20150819_133350_cell_166.png,smear,malaria,train
data/malaria/raw/cell_images/Parasitized/C80P41ThinF_IMG_20150817_111121_cell_166.png,smear,malaria,train
data/malaria/raw/cell_images/Uninfected/C234ThinF_IMG_20151112_163036_cell_39.png,smear,malaria,train
data/malaria/raw/cell_images/Uninfected/C67P28N_ThinF_IMG_20150819_121240_cell_112.png,smear,malaria,train
data/malaria/raw/cell_images/Parasitized/C97P58ThinF_IMG_20150917_151320_cell_152.png,smear,malaria,train
data/malaria/raw/cell_images/Uninfected/C158P119ThinF_IMG_20151115_181136_cell_124.png,smear,malaria,train
data/malaria/raw/cell_images/Parasitized/C133P94ThinF_IMG_20151004_154158_cell_122.png,smear,malaria,train
data/malaria/raw/cell_images/Uninfected/C46P7ThinF_IMG_20151130_210123_cell_112.png,smear,malaria,train
data/malaria/raw/cell_images/Parasitized/C48P9thinF_IMG_20150721_162732_cell_12.png,smear,malaria,train
data/malaria/raw/cell_images/Uninfected/C189P150ThinF_IMG_20151203_141308_cell_41.png,smear,malaria,train
data/malaria/raw/cell_images/Uninfected/C47P8thin_Original_Motic_IMG_20150714_093715_cell_116.png,smear,malaria,train
data/malaria/raw/cell_images/Uninfected/C95P56ThinF_IMG_20150821_171242_cell_28.png,smear,malaria,train
data/malaria/raw/cell_images/Uninfected/C154P115ThinF_IMG_20151115_141407_cell_52.png,smear,malaria,train
data/malaria/raw/cell_images/Parasitized/C59P20thinF_IMG_20150803_112802_cell_172.png,smear,malaria,train
data/malaria/raw/cell_images/Parasitized/C76P37ThinF_IMG_20150815_172808_cell_232.png,smear,malaria,train
data/malaria/raw/cell_images/Parasitized/C137P98ThinF_IMG_20151005_161659_cell_13.png,smear,malaria,train
data/malaria/raw/cell_images/Parasitized/C99P60ThinF_IMG_20150918_142334_cell_26.png,smear,malaria,train
data/malaria/raw/cell_images/Parasitized/C184P145ThinF_IMG_20151203_102405_cell_147.png,smear,malaria,train
data/malaria/raw/cell_images/Parasitized/C99P60ThinF_IMG_20150918_141001_cell_123.png,smear,malaria,train
data/malaria/raw/cell_images/Uninfected/C213ThinF_IMG_20151106_112759_cell_148.png,smear,malaria,train
data/malaria/raw/cell_images/Parasitized/C91P52ThinF_IMG_20150821_125423_cell_13.png,smear,malaria,train
data/malaria/raw/cell_images/Parasitized/C84P45ThinF_IMG_20150818_101226_cell_93.png,smear,malaria,train
data/malaria/raw/cell_images/Parasitized/C126P87ThinF_IMG_20151004_105100_cell_129.png,smear,malaria,train
data/malaria/raw/cell_images/Parasitized/C116P77ThinF_IMG_20150930_171558_cell_101.png,smear,malaria,train
data/malaria/raw/cell_images/Parasitized/C157P118ThinF_IMG_20151115_164141_cell_203.png,smear,malaria,train
data/malaria/raw/cell_images/Uninfected/C110P71ThinF_IMG_20150930_110052_cell_28.png,smear,malaria,train
data/malaria/raw/cell_images/Uninfected/C56P17thinF_IMG_20150728_153413_cell_53.png,smear,malaria,train
data/malaria/raw/cell_images/Parasitized/C68P29N_ThinF_IMG_20150819_134625_cell_16.png,smear,malaria,train
data/malaria/raw/cell_images/Uninfected/C2NThinF_IMG_20150604_114730_cell_139.png,smear,malaria,train
data/malaria/raw/cell_images/Parasitized/C91P52ThinF_IMG_20150821_124937_cell_199.png,smear,malaria,train
data/malaria/raw/cell_images/Parasitized/C113P74ThinF_IMG_20150930_134429_cell_182.png,smear,malaria,train
data/malaria/raw/cell_images/Parasitized/C48P9thinF_IMG_20150721_162732_cell_4.png,smear,malaria,train
data/malaria/raw/cell_images/Parasitized/C181P142ThinF_IMG_20151127_155722_cell_200.png,smear,malaria,train
data/malaria/raw/cell_images/Uninfected/C134P95ThinF_IMG_20151005_122331_cell_20.png,smear,malaria,train
data/malaria/raw/cell_images/Uninfected/C56P17thinF_IMG_20150728_151330_cell_98.png,smear,malaria,train
data/malaria/raw/cell_images/Parasitized/C60P21thinF_IMG_20150804_105955_cell_129.png,smear,malaria,train
data/malaria/raw/cell_images/Uninfected/C55P16thinF_IMG_20150728_121151_cell_34.png,smear,malaria,train
data/malaria/raw/cell_images/Uninfected/C224ThinF_IMG_20151112_111955_cell_190.png,smear,malaria,train
data/malaria/raw/cell_images/Parasitized/C99P60ThinF_IMG_20150918_141520_cell_116.png,smear,malaria,train
data/malaria/raw/cell_images/Parasitized/C185P146ThinF_IMG_20151203_111121_cell_220.png,smear,malaria,train
data/malaria/raw/cell_images/Parasitized/C70P31_ThinF_IMG_20150819_141436_cell_105.png,smear,malaria,train
data/malaria/raw/cell_images/Parasitized/C137P98ThinF_IMG_20151005_161859_cell_80.png,smear,malaria,train
data/malaria/raw/cell_images/Parasitized/C188P149ThinF_IMG_20151203_134209_cell_202.png,smear,malaria,train
data/malaria/raw/cell_images/Parasitized/C132P93ThinF_IMG_20151004_151701_cell_159.png,smear,malaria,train
data/malaria/raw/cell_images/Parasitized/C182P143NThinF_IMG_20151201_172216_cell_147.png,smear,malaria,train
data/malaria/raw/cell_images/Parasitized/C48P9thinF_IMG_20150721_161055_cell_202.png,smear,malaria,train
data/malaria/raw/cell_images/Uninfected/C209ThinF_IMG_20151029_160927_cell_23.png,smear,malaria,train
data/malaria/raw/cell_images/Parasitized/C117P78ThinF_IMG_20150930_214629_cell_103.png,smear,malaria,train
data/malaria/raw/cell_images/Uninfected/C172P133ThinF_IMG_20151119_155019_cell_115.png,smear,malaria,train
data/malaria/raw/cell_images/Parasitized/C179P140ThinF_IMG_20151127_153521_cell_164.png,smear,malaria,train
data/malaria/raw/cell_images/Parasitized/C99P60ThinF_IMG_20150918_141620_cell_25.png,smear,malaria,train
data/malaria/raw/cell_images/Uninfected/C97P58ThinF_IMG_20150917_151512_cell_26.png,smear,malaria,train
data/malaria/raw/cell_images/Uninfected/C63P24N_ThinF_IMG_20150818_143423_cell_127.png,smear,malaria,train
data/malaria/raw/cell_images/Parasitized/C45P6ThinF_IMG_20151130_154725_cell_175.png,smear,malaria,train
data/malaria/raw/cell_images/Parasitized/C99P60ThinF_IMG_20150918_141857_cell_2.png,smear,malaria,train
data/malaria/raw/cell_images/Parasitized/C118P79ThinF_IMG_20151002_110609_cell_11.png,smear,malaria,train
data/malaria/raw/cell_images/Uninfected/C59P20thinF_IMG_20150803_112733_cell_2.png,smear,malaria,train
data/malaria/raw/cell_images/Uninfected/C220ThinF_IMG_20151106_154016_cell_114.png,smear,malaria,train
data/malaria/raw/cell_images/Parasitized/C93P54ThinF_IMG_20150821_164024_cell_206.png,smear,malaria,train
data/malaria/raw/cell_images/Parasitized/C84P45ThinF_IMG_20150818_101903_cell_6.png,smear,malaria,train
data/malaria/raw/cell_images/Parasitized/C186P147NThinF_IMG_20151203_150132_cell_188.png,smear,malaria,train
data/malaria/raw/cell_images/Uninfected/C153P114ThinF_IMG_20151115_135911_cell_92.png,smear,malaria,train
data/malaria/raw/cell_images/Uninfected/C186P147NThinF_IMG_20151203_150132_cell_35.png,smear,malaria,train
data/malaria/raw/cell_images/Uninfected/C241NThinF_IMG_20151207_124608_cell_30.png,smear,malaria,train
data/malaria/raw/cell_images/Uninfected/C64P25N_ThinF_IMG_20150818_152455_cell_54.png,smear,malaria,train
data/malaria/raw/cell_images/Parasitized/C184P145ThinF_IMG_20151203_104334_cell_39.png,smear,malaria,train
data/malaria/raw/cell_images/Parasitized/C116P77ThinF_IMG_20150930_171739_cell_105.png,smear,malaria,train
data/malaria/raw/cell_images/Parasitized/C137P98ThinF_IMG_20151005_162437_cell_88.png,smear,malaria,train
data/malaria/raw/cell_images/Parasitized/C180P141NThinF_IMG_20151201_163702_cell_177.png,smear,malaria,train
data/malaria/raw/cell_images/Uninfected/C63P24N_ThinF_IMG_20150818_144456_cell_74.png,smear,malaria,train
data/malaria/raw/cell_images/Parasitized/C76P37ThinF_IMG_20150815_173019_cell_231.png,smear,malaria,train
data/malaria/raw/cell_images/Parasitized/C94P55ThinF_IMG_20150821_170249_cell_225.png,smear,malaria,train
data/malaria/raw/cell_images/Parasitized/C137P98ThinF_IMG_20151005_163901_cell_85.png,smear,malaria,train
data/malaria/raw/cell_images/Uninfected/C85P46ThinF_IMG_20150820_105748_cell_15.png,smear,malaria,train
data/malaria/raw/cell_images/Parasitized/C68P29N_ThinF_IMG_20150819_134504_cell_148.png,smear,malaria,train
data/malaria/raw/cell_images/Uninfected/C124P85ThinF_IMG_20151002_153825_cell_144.png,smear,malaria,train
data/malaria/raw/cell_images/Uninfected/C181P142ThinF_IMG_20151127_160539_cell_2.png,smear,malaria,train
data/malaria/raw/cell_images/Uninfected/C221ThinF_IMG_20151106_160022_cell_105.png,smear,malaria,train
data/malaria/raw/cell_images/Parasitized/C46P7ThinF_IMG_20151130_205756_cell_127.png,smear,malaria,train
data/malaria/raw/cell_images/Parasitized/C186P147NThinF_IMG_20151203_150322_cell_171.png,smear,malaria,train
data/malaria/raw/cell_images/Parasitized/C132P93ThinF_IMG_20151004_152505_cell_149.png,smear,malaria,train
data/malaria/raw/cell_images/Uninfected/C113P74ThinF_IMG_20150930_134614_cell_138.png,smear,malaria,train
data/malaria/raw/cell_images/Uninfected/C71P32_ThinF_IMG_20150813_162554_cell_95.png,smear,malaria,train
data/malaria/raw/cell_images/Uninfected/C126P87ThinF_IMG_20151004_104813_cell_78.png,smear,malaria,train
data/malaria/raw/cell_images/Parasitized/C181P142ThinF_IMG_20151127_160434_cell_178.png,smear,malaria,train
data/malaria/raw/cell_images/Uninfected/C148P109ThinF_IMG_20151115_112333_cell_232.png,smear,malaria,train
data/malaria/raw/cell_images/Uninfected/C152P113ThinF_IMG_20151115_123837_cell_140.png,smear,malaria,train
data/malaria/raw/cell_images/Parasitized/C182P143NThinF_IMG_20151201_171836_cell_166.png,smear,malaria,train
data/malaria/raw/cell_images/Uninfected/C48P9thinF_IMG_20150721_161055_cell_117.png,smear,malaria,train
data/malaria/raw/cell_images/Parasitized/C91P52ThinF_IMG_20150821_124311_cell_15.png,smear,malaria,train
data/malaria/raw/cell_images/Uninfected/C143P104ThinF_IMG_20151005_225623_cell_11.png,smear,malaria,train
data/malaria/raw/cell_images/Uninfected/C12NThinF_IMG_20150614_125703_cell_71.png,smear,malaria,train
data/malaria/raw/cell_images/Parasitized/C129P90ThinF_IMG_20151004_133329_cell_107.png,smear,malaria,train
data/malaria/raw/cell_images/Uninfected/C189P150ThinF_IMG_20151203_140902_cell_92.png,smear,malaria,train
data/malaria/raw/cell_images/Uninfected/C13NThinF_IMG_20150614_131417_cell_141.png,smear,malaria,train
data/malaria/raw/cell_images/Uninfected/C4thin_original_IMG_20150608_170016_cell_96.png,smear,malaria,train
data/malaria/raw/cell_images/Uninfected/C231ThinF_IMG_20151112_153246_cell_163.png,smear,malaria,train
data/malaria/raw/cell_images/Uninfected/C212ThinF_IMG_20151106_105437_cell_219.png,smear,malaria,train
data/malaria/raw/cell_images/Uninfected/C91P52ThinF_IMG_20150821_124739_cell_76.png,smear,malaria,train
data/malaria/raw/cell_images/Uninfected/C186P147NThinF_IMG_20151203_150859_cell_51.png,smear,malaria,train
data/malaria/raw/cell_images/Uninfected/C227ThinF_IMG_20151112_135158_cell_122.png,smear,malaria,train
data/malaria/raw/cell_images/Parasitized/C51AP12thinF_IMG_20150724_155557_cell_83.png,smear,malaria,train
data/malaria/raw/cell_images/Parasitized/C101P62ThinF_IMG_20150918_155731_cell_80.png,smear,malaria,train
data/malaria/raw/cell_images/Uninfected/C123P84ThinF_IMG_20151002_152144_cell_88.png,smear,malaria,train
data/malaria/raw/cell_images/Uninfected/C149P110ThinF_IMG_20151115_114555_cell_196.png,smear,malaria,train
data/malaria/raw/cell_images/Parasitized/C101P62ThinF_IMG_20150918_151239_cell_97.png,smear,malaria,train
data/malaria/raw/cell_images/Parasitized/C119P80ThinF_IMG_20151002_124425_cell_137.png,smear,malaria,train
data/malaria/raw/cell_images/Parasitized/C130P91ThinF_IMG_20151004_142109_cell_142.png,smear,malaria,train
data/malaria/raw/cell_images/Uninfected/C53P14thinF_IMG_20150726_114918_cell_23.png,smear,malaria,train
data/malaria/raw/cell_images/Uninfected/C85P46ThinF_IMG_20150820_105154_cell_146.png,smear,malaria,train
data/malaria/raw/cell_images/Parasitized/C158P119ThinF_IMG_20151115_181859_cell_195.png,smear,malaria,train
data/malaria/raw/cell_images/Parasitized/C82P43ThinF_IMG_20150817_123824_cell_188.png,smear,malaria,train
data/malaria/raw/cell_images/Parasitized/C59P20thinF_IMG_20150803_111244_cell_194.png,smear,malaria,train
data/malaria/raw/cell_images/Parasitized/C62P23N_ThinF_IMG_20150818_133211_cell_197.png,smear,malaria,train
data/malaria/raw/cell_images/Uninfected/C114P75ThinF_IMG_20150930_151150_cell_104.png,smear,malaria,train
data/malaria/raw/cell_images/Parasitized/C76P37ThinF_IMG_20150815_171454_cell_245.png,smear,malaria,train
data/malaria/raw/cell_images/Uninfected/C70P31_ThinF_IMG_20150813_130332_cell_32.png,smear,malaria,train
data/malaria/raw/cell_images/Uninfected/C121P82ThinF_IMG_20151002_134659_cell_38.png,smear,malaria,train
data/malaria/raw/cell_images/Parasitized/C175P136NThinF_IMG_20151127_141253_cell_252.png,smear,malaria,train
data/malaria/raw/cell_images/Uninfected/C208ThinF_IMG_20151029_151017_cell_193.png,smear,malaria,train
data/malaria/raw/cell_images/Parasitized/C133P94ThinF_IMG_20151004_153930_cell_99.png,smear,malaria,train
data/malaria/raw/cell_images/Uninfected/C124P85ThinF_IMG_20151002_154502_cell_101.png,smear,malaria,train
data/malaria/raw/cell_images/Parasitized/C120P81ThinF_IMG_20151002_130918_cell_208.png,smear,malaria,train
data/malaria/raw/cell_images/Uninfected/C161P122ThinF_IMG_20151116_101126_cell_101.png,smear,malaria,train
data/malaria/raw/cell_images/Parasitized/C132P93ThinF_IMG_20151004_151941_cell_2.png,smear,malaria,train
data/malaria/raw/cell_images/Parasitized/C106P67ThinF_IMG_20150924_102413_cell_190.png,smear,malaria,train
data/malaria/raw/cell_images/Parasitized/C48P9thinF_IMG_20150721_161055_cell_198.png,smear,malaria,train
data/malaria/raw/cell_images/Uninfected/C131P92ThinF_IMG_20151004_150208_cell_5.png,smear,malaria,train
data/malaria/raw/cell_images/Uninfected/C175P136NThinF_IMG_20151127_141253_cell_167.png,smear,malaria,train
data/malaria/raw/cell_images/Parasitized/C99P60ThinF_IMG_20150918_141620_cell_15.png,smear,malaria,train
data/malaria/raw/cell_images/Parasitized/C116P77ThinF_IMG_20150930_171809_cell_69.png,smear,malaria,train
data/malaria/raw/cell_images/Parasitized/C180P141NThinF_IMG_20151201_170110_cell_22.png,smear,malaria,train
data/malaria/raw/cell_images/Parasitized/C97P58ThinF_IMG_20150917_150838_cell_162.png,smear,malaria,train
data/malaria/raw/cell_images/Uninfected/C220ThinF_IMG_20151106_154016_cell_64.png,smear,malaria,train
data/malaria/raw/cell_images/Uninfected/C125P86ThinF_IMG_20151004_102205_cell_22.png,smear,malaria,train
data/malaria/raw/cell_images/Parasitized/C84P45ThinF_IMG_20150818_101412_cell_104.png,smear,malaria,train
data/malaria/raw/cell_images/Parasitized/C68P29N_ThinF_IMG_20150819_133350_cell_154.png,smear,malaria,train
data/malaria/raw/cell_images/Uninfected/C203ThinF_IMG_20151029_104112_cell_233.png,smear,malaria,train
data/malaria/raw/cell_images/Uninfected/C56P17thinF_IMG_20150728_155921_cell_51.png,smear,malaria,train
data/malaria/raw/cell_images/Uninfected/C42P5thin_original_IMG_20150623_135251_cell_36.png,smear,malaria,train
data/malaria/raw/cell_images/Parasitized/C117P78ThinF_IMG_20150930_214629_cell_100.png,smear,malaria,train
data/malaria/raw/cell_images/Parasitized/C140P101ThinF_IMG_20151005_205922_cell_192.png,smear,malaria,train
data/malaria/raw/cell_images/Parasitized/C81P42ThinF_IMG_20150817_115942_cell_222.png,smear,malaria,train
data/malaria/raw/cell_images/Parasitized/C85P46ThinF_IMG_20150820_105748_cell_259.png,smear,malaria,train
data/malaria/raw/cell_images/Parasitized/C99P60ThinF_IMG_20150918_142334_cell_45.png,smear,malaria,train
data/malaria/raw/cell_images/Parasitized/C137P98ThinF_IMG_20151005_162348_cell_11.png,smear,malaria,train
data/malaria/raw/cell_images/Parasitized/C179P140ThinF_IMG_20151127_153436_cell_170.png,smear,malaria,train
data/malaria/raw/cell_images/Uninfected/C216ThinF_IMG_20151106_135228_cell_13.png,smear,malaria,train
data/malaria/raw/cell_images/Uninfected/C123P84ThinF_IMG_20151002_151143_cell_169.png,smear,malaria,train
data/malaria/raw/cell_images/Uninfected/C90P51ThinF_IMG_20150821_115700_cell_153.png,smear,malaria,train
data/malaria/raw/cell_images/Parasitized/C99P60ThinF_IMG_20150918_142128_cell_104.png,smear,malaria,train
data/malaria/raw/cell_images/Uninfected/C150P111ThinF_IMG_20151115_120244_cell_37.png,smear,malaria,train
data/malaria/raw/cell_images/Parasitized/C68P29N_ThinF_IMG_20150819_134712_cell_15.png,smear,malaria,train
data/malaria/raw/cell_images/Uninfected/C112P73ThinF_IMG_20150930_131605_cell_117.png,smear,malaria,train
data/malaria/raw/cell_images/Uninfected/C171P132ThinF_IMG_20151119_153851_cell_95.png,smear,malaria,train
data/malaria/raw/cell_images/Uninfected/C86P47ThinF_IMG_20150820_123717_cell_63.png,smear,malaria,train
data/malaria/raw/cell_images/Uninfected/C45P6ThinF_IMG_20151130_154725_cell_159.png,smear,malaria,train
data/malaria/raw/cell_images/Parasitized/C186P147NThinF_IMG_20151203_150557_cell_179.png,smear,malaria,train
data/malaria/raw/cell_images/Uninfected/C118P79ThinF_IMG_20151002_105346_cell_121.png,smear,malaria,train
data/malaria/raw/cell_images/Uninfected/C50P11thinF_IMG_20150724_115651_cell_143.png,smear,malaria,train
data/malaria/raw/cell_images/Parasitized/C129P90ThinF_IMG_20151004_133703_cell_110.png,smear,malaria,train
data/malaria/raw/cell_images/Parasitized/C116P77ThinF_IMG_20150930_171739_cell_100.png,smear,malaria,train
data/malaria/raw/cell_images/Parasitized/C184P145ThinF_IMG_20151203_104440_cell_25.png,smear,malaria,train
data/malaria/raw/cell_images/Uninfected/C213ThinF_IMG_20151106_112853_cell_170.png,smear,malaria,train
data/malaria/raw/cell_images/Uninfected/C91P52ThinF_IMG_20150821_123314_cell_16.png,smear,malaria,train
data/malaria/raw/cell_images/Uninfected/C122P83ThinF_IMG_20151002_144855_cell_47.png,smear,malaria,train
data/malaria/raw/cell_images/Uninfected/C85P46ThinF_IMG_20150820_105154_cell_68.png,smear,malaria,train
data/malaria/raw/cell_images/Uninfected/C228ThinF_IMG_20151112_142900_cell_245.png,smear,malaria,train
data/malaria/raw/cell_images/Uninfected/C215ThinF_IMG_20151106_133116_cell_63.png,smear,malaria,train
data/malaria/raw/cell_images/Uninfected/C12NThinF_IMG_20150614_125741_cell_268.png,smear,malaria,train
data/malaria/raw/cell_images/Uninfected/C189P150ThinF_IMG_20151203_141615_cell_56.png,smear,malaria,train
data/malaria/raw/cell_images/Uninfected/C165P126ThinF_IMG_20151117_171646_cell_189.png,smear,malaria,train
data/malaria/raw/cell_images/Uninfected/C225ThinF_IMG_20151112_113735_cell_162.png,smear,malaria,train
data/malaria/raw/cell_images/Parasitized/C176P137NThinF_IMG_20151201_114235_cell_9.png,smear,malaria,train
data/malaria/raw/cell_images/Parasitized/C82P43ThinF_IMG_20150817_124728_cell_15.png,smear,malaria,train
data/malaria/raw/cell_images/Parasitized/C136P97ThinF_IMG_20151005_141552_cell_1.png,smear,malaria,train
data/malaria/raw/cell_images/Parasitized/C182P143NThinF_IMG_20151201_171836_cell_168.png,smear,malaria,train
data/malaria/raw/cell_images/Parasitized/C76P37ThinF_IMG_20150815_173019_cell_235.png,smear,malaria,train
data/malaria/raw/cell_images/Uninfected/C155P116ThinF_IMG_20151115_143051_cell_17.png,smear,malaria,train
data/malaria/raw/cell_images/Parasitized/C101P62ThinF_IMG_20150918_151942_cell_58.png,smear,malaria,train
data/malaria/raw/cell_images/Parasitized/C136P97ThinF_IMG_20151005_142627_cell_4.png,smear,malaria,train
data/malaria/raw/cell_images/Uninfected/C119P80ThinF_IMG_20151002_123608_cell_56.png,smear,malaria,train
data/malaria/raw/cell_images/Uninfected/C159P120ThinF_IMG_20151115_185541_cell_41.png,smear,malaria,train
data/malaria/raw/cell_images/Uninfected/C68P29N_ThinF_IMG_20150819_133236_cell_79.png,smear,malaria,train
data/malaria/raw/cell_images/Uninfected/C110P71ThinF_IMG_20150930_110052_cell_75.png,smear,malaria,train
data/malaria/raw/cell_images/Parasitized/C99P60ThinF_IMG_20150918_142334_cell_36.png,smear,malaria,train
data/malaria/raw/cell_images/Parasitized/C59P20thinF_IMG_20150803_112858_cell_183.png,smear,malaria,train
data/malaria/raw/cell_images/Parasitized/C158P119ThinF_IMG_20151115_181035_cell_180.png,smear,malaria,train
data/malaria/raw/cell_images/Parasitized/C46P7ThinF_IMG_20151130_210843_cell_136.png,smear,malaria,train
data/malaria/raw/cell_images/Parasitized/C137P98ThinF_IMG_20151005_155704_cell_58.png,smear,malaria,train
data/malaria/raw/cell_images/Uninfected/C214ThinF_IMG_20151106_115440_cell_163.png,smear,malaria,train
data/malaria/raw/cell_images/Uninfected/C52P13thinF_IMG_20150725_130013_cell_17.png,smear,malaria,train
data/malaria/raw/cell_images/Parasitized/C178P139NThinF_IMG_20151201_154025_cell_128.png,smear,malaria,train
data/malaria/raw/cell_images/Parasitized/C91P52ThinF_IMG_20150821_123314_cell_199.png,smear,malaria,train
data/malaria/raw/cell_images/Uninfected/C229ThinF_IMG_20151112_144534_cell_127.png,smear,malaria,train
data/malaria/raw/cell_images/Uninfected/C203ThinF_IMG_20151029_102123_cell_130.png,smear,malaria,train
data/malaria/raw/cell_images/Uninfected/C114P75ThinF_IMG_20150930_150145_cell_77.png,smear,malaria,train
data/malaria/raw/cell_images/Parasitized/C182P143NThinF_IMG_20151201_172759_cell_24.png,smear,malaria,train
data/malaria/raw/cell_images/Uninfected/C217ThinF_IMG_20151106_141135_cell_92.png,smear,malaria,train
data/malaria/raw/cell_images/Uninfected/C122P83ThinF_IMG_20151002_145014_cell_125.png,smear,malaria,train
data/malaria/raw/cell_images/Uninfected/C61P22N_ThinF_IMG_20150818_112433_cell_37.png,smear,malaria,train
data/malaria/raw/cell_images/Uninfected/C113P74ThinF_IMG_20150930_134949_cell_47.png,smear,malaria,train
data/malaria/raw/cell_images/Uninfected/C123P84ThinF_IMG_20151002_151143_cell_153.png,smear,malaria,train
data/malaria/raw/cell_images/Uninfected/C145P106ThinF_IMG_20151016_154844_cell_45.png,smear,malaria,train
data/malaria/raw/cell_images/Parasitized/C186P147NThinF_IMG_20151203_150132_cell_199.png,smear,malaria,train
data/malaria/raw/cell_images/Uninfected/C139P100ThinF_IMG_20151005_182257_cell_85.png,smear,malaria,train
data/malaria/raw/cell_images/Parasitized/C128P89ThinF_IMG_20151004_130810_cell_155.png,smear,malaria,train
data/malaria/raw/cell_images/Uninfected/C241NThinF_IMG_20151207_124115_cell_75.png,smear,malaria,train
data/malaria/raw/cell_images/Parasitized/C137P98ThinF_IMG_20151005_161306_cell_22.png,smear,malaria,train
data/malaria/raw/cell_images/Uninfected/C185P146ThinF_IMG_20151203_111121_cell_45.png,smear,malaria,train
data/malaria/raw/cell_images/Parasitized/C46P7ThinF_IMG_20151130_210123_cell_120.png,smear,malaria,train
data/malaria/raw/cell_images/Uninfected/C47P8thin_Original_Motic_IMG_20150714_094054_cell_63.png,smear,malaria,train
data/malaria/raw/cell_images/Uninfected/C89P50ThinF_IMG_20150820_163347_cell_189.png,smear,malaria,train
data/malaria/raw/cell_images/Uninfected/C59P20thinF_IMG_20150803_111333_cell_48.png,smear,malaria,train
data/malaria/raw/cell_images/Uninfected/C123P84ThinF_IMG_20151002_151851_cell_106.png,smear,malaria,train
data/malaria/raw/cell_images/Parasitized/C59P20thinF_IMG_20150803_113809_cell_44.png,smear,malaria,train
data/malaria/raw/cell_images/Uninfected/C154P115ThinF_IMG_20151115_141336_cell_140.png,smear,malaria,train
data/malaria/raw/cell_images/Uninfected/C233ThinF_IMG_20151112_161119_cell_148.png,smear,malaria,train
data/malaria/raw/cell_images/Uninfected/C185P146ThinF_IMG_20151203_110817_cell_79.png,smear,malaria,train
data/malaria/raw/cell_images/Parasitized/C180P141NThinF_IMG_20151201_165453_cell_44.png,smear,malaria,train
data/malaria/raw/cell_images/Parasitized/C84P45ThinF_IMG_20150818_102654_cell_78.png,smear,malaria,train
data/malaria/raw/cell_images/Parasitized/C186P147NThinF_IMG_20151203_150222_cell_172.png,smear,malaria,train
data/malaria/raw/cell_images/Parasitized/C99P60ThinF_IMG_20150918_141351_cell_101.png,smear,malaria,train
data/malaria/raw/cell_images/Parasitized/C187P148NThinF_IMG_20151203_152841_cell_161.png,smear,malaria,train
data/malaria/raw/cell_images/Parasitized/C176P137NThinF_IMG_20151201_120612_cell_12.png,smear,malaria,train
data/malaria/raw/cell_images/Uninfected/C134P95ThinF_IMG_20151005_121425_cell_30.png,smear,malaria,train
data/malaria/raw/cell_images/Uninfected/C65P26N_ThinF_IMG_20150818_154624_cell_99.png,smear,malaria,train
data/malaria/raw/cell_images/Parasitized/C48P9thinF_IMG_20150721_161055_cell_194.png,smear,malaria,train
data/malaria/raw/cell_images/Uninfected/C97P58ThinF_IMG_20150917_151320_cell_102.png,smear,malaria,train
data/malaria/raw/cell_images/Uninfected/C209ThinF_IMG_20151029_160721_cell_43.png,smear,malaria,train
data/malaria/raw/cell_images/Parasitized/C80P41ThinF_IMG_20150817_111802_cell_16.png,smear,malaria,train
data/malaria/raw/cell_images/Parasitized/C110P71ThinF_IMG_20150930_110052_cell_239.png,smear,malaria,train
data/malaria/raw/cell_images/Uninfected/C82P43ThinF_IMG_20150817_124010_cell_91.png,smear,malaria,train
data/malaria/raw/cell_images/Parasitized/C156P117ThinF_IMG_20151115_154022_cell_279.png,smear,malaria,train
data/malaria/raw/cell_images/Uninfected/C81P42ThinF_IMG_20150817_115942_cell_44.png,smear,malaria,train
data/malaria/raw/cell_images/Uninfected/C94P55ThinF_IMG_20150821_170021_cell_23.png,smear,malaria,train
data/malaria/raw/cell_images/Uninfected/C209ThinF_IMG_20151029_160803_cell_219.png,smear,malaria,train
data/malaria/raw/cell_images/Uninfected/C53P14thinF_IMG_20150726_114918_cell_15.png,smear,malaria,train
data/malaria/raw/cell_images/Uninfected/C145P106ThinF_IMG_20151016_154756_cell_77.png,smear,malaria,train
data/malaria/raw/cell_images/Uninfected/C215ThinF_IMG_20151106_133043_cell_148.png,smear,malaria,train
data/malaria/raw/cell_images/Parasitized/C97P58ThinF_IMG_20150917_151320_cell_147.png,smear,malaria,train
data/malaria/raw/cell_images/Parasitized/C116P77ThinF_IMG_20150930_171739_cell_85.png,smear,malaria,train
data/malaria/raw/cell_images/Parasitized/C45P6ThinF_IMG_20151130_155110_cell_197.png,smear,malaria,train
data/malaria/raw/cell_images/Parasitized/C91P52ThinF_IMG_20150821_124311_cell_37.png,smear,malaria,train
data/malaria/raw/cell_images/Uninfected/C120P81ThinF_IMG_20151002_130407_cell_119.png,smear,malaria,train
data/malaria/raw/cell_images/Parasitized/C172P133ThinF_IMG_20151119_155156_cell_256.png,smear,malaria,train
data/malaria/raw/cell_images/Uninfected/C150P111ThinF_IMG_20151115_115950_cell_9.png,smear,malaria,train
data/malaria/raw/cell_images/Uninfected/C39P4thinF_original_IMG_20150622_110352_cell_42.png,smear,malaria,train
data/malaria/raw/cell_images/Uninfected/C189P150ThinF_IMG_20151203_141110_cell_17.png,smear,malaria,train
data/malaria/raw/cell_images/Uninfected/C82P43ThinF_IMG_20150817_124418_cell_121.png,smear,malaria,train
data/malaria/raw/cell_images/Parasitized/C116P77ThinF_IMG_20150930_171809_cell_81.png,smear,malaria,train
data/malaria/raw/cell_images/Uninfected/C166P127ThinF_IMG_20151117_193235_cell_97.png,smear,malaria,train
data/malaria/raw/cell_images/Uninfected/C88P49ThinF_IMG_20150820_151451_cell_99.png,smear,malaria,train
data/malaria/raw/cell_images/Uninfected/C72P33_ThinF_IMG_20150815_104307_cell_182.png,smear,malaria,train
data/malaria/raw/cell_images/Uninfected/C58P19thinF_IMG_20150802_122846_cell_30.png,smear,malaria,train
data/malaria/raw/cell_images/Parasitized/C129P90ThinF_IMG_20151004_134636_cell_3.png,smear,malaria,train
data/malaria/raw/cell_images/Uninfected/C203ThinF_IMG_20151029_102123_cell_128.png,smear,malaria,train
data/malaria/raw/cell_images/Parasitized/C52P13thinF_IMG_20150725_125213_cell_170.png,smear,malaria,train
data/malaria/raw/cell_images/Uninfected/C42P5thin_original_IMG_20150623_134919_cell_155.png,smear,malaria,train
data/malaria/raw/cell_images/Parasitized/C68P29N_ThinF_IMG_20150819_134504_cell_142.png,smear,malaria,train
data/malaria/raw/cell_images/Uninfected/C160P121ThinF_IMG_20151116_093748_cell_4.png,smear,malaria,train
data/malaria/raw/cell_images/Uninfected/C78P39ThinF_IMG_20150606_103413_cell_68.png,smear,malaria,train
data/malaria/raw/cell_images/Uninfected/C56P17thinF_IMG_20150728_160256_cell_21.png,smear,malaria,train
data/malaria/raw/cell_images/Parasitized/C101P62ThinF_IMG_20150923_170246_cell_83.png,smear,malaria,train
data/malaria/raw/cell_images/Uninfected/C187P148NThinF_IMG_20151203_153410_cell_70.png,smear,malaria,train
data/malaria/raw/cell_images/Uninfected/C212ThinF_IMG_20151106_105941_cell_34.png,smear,malaria,train
data/malaria/raw/cell_images/Uninfected/C228ThinF_IMG_20151112_142109_cell_127.png,smear,malaria,train
data/malaria/raw/cell_images/Uninfected/C109P70ThinF_IMG_20150930_102944_cell_155.png,smear,malaria,train
data/malaria/raw/cell_images/Uninfected/C47P8thinOriginalOlympusCX21_IMG_20150717_174844_cell_39.png,smear,malaria,train
data/malaria/raw/cell_images/Parasitized/C68P29N_ThinF_IMG_20150819_134830_cell_53.png,smear,malaria,train
data/malaria/raw/cell_images/Uninfected/C92P53ThinF_IMG_20150821_151722_cell_183.png,smear,malaria,train
data/malaria/raw/cell_images/Uninfected/C184P145ThinF_IMG_20151203_103326_cell_41.png,smear,malaria,train
data/malaria/raw/cell_images/Uninfected/C156P117ThinF_IMG_20151115_154022_cell_71.png,smear,malaria,train
data/malaria/raw/cell_images/Uninfected/C101P62ThinF_IMG_20150923_170344_cell_31.png,smear,malaria,train
data/malaria/raw/cell_images/Uninfected/C84P45ThinF_IMG_20150818_101412_cell_95.png,smear,malaria,train
data/malaria/raw/cell_images/Uninfected/C92P53ThinF_IMG_20150821_151722_cell_173.png,smear,malaria,train
data/malaria/raw/cell_images/Uninfected/C133P94ThinF_IMG_20151004_155721_cell_103.png,smear,malaria,train
data/malaria/raw/cell_images/Parasitized/C68P29N_ThinF_IMG_20150819_134504_cell_138.png,smear,malaria,train
data/malaria/raw/cell_images/Parasitized/C174P135NThinF_IMG_20151127_135311_cell_202.png,smear,malaria,train
data/malaria/raw/cell_images/Uninfected/C156P117ThinF_IMG_20151115_153831_cell_246.png,smear,malaria,train
data/malaria/raw/cell_images/Uninfected/C72P33_ThinF_IMG_20150815_104307_cell_154.png,smear,malaria,train
data/malaria/raw/cell_images/Parasitized/C129P90ThinF_IMG_20151004_134636_cell_21.png,smear,malaria,train
data/malaria/raw/cell_images/Uninfected/C1_thinF_IMG_20150604_104919_cell_240.png,smear,malaria,train
data/malaria/raw/cell_images/Uninfected/C213ThinF_IMG_20151106_112853_cell_219.png,smear,malaria,train
data/malaria/raw/cell_images/Uninfected/C149P110ThinF_IMG_20151115_115154_cell_128.png,smear,malaria,train
data/malaria/raw/cell_images/Uninfected/C157P118ThinF_IMG_20151115_164026_cell_221.png,smear,malaria,train
data/malaria/raw/cell_images/Uninfected/C5NThinF_IMG_20150609_122006_cell_109.png,smear,malaria,train
data/malaria/raw/cell_images/Parasitized/C50P11thinF_IMG_20150724_120716_cell_155.png,smear,malaria,train
data/malaria/raw/cell_images/Parasitized/C62P23N_ThinF_IMG_20150818_133055_cell_184.png,smear,malaria,train
data/malaria/raw/cell_images/Parasitized/C132P93ThinF_IMG_20151004_151701_cell_141.png,smear,malaria,train
data/malaria/raw/cell_images/Parasitized/C176P137NThinF_IMG_20151201_120845_cell_126.png,smear,malaria,train
data/malaria/raw/cell_images/Parasitized/C39P4thinF_original_IMG_20150622_111206_cell_103.png,smear,malaria,train
data/malaria/raw/cell_images/Parasitized/C116P77ThinF_IMG_20150930_171809_cell_60.png,smear,malaria,train
data/malaria/raw/cell_images/Parasitized/C180P141NThinF_IMG_20151201_163848_cell_161.png,smear,malaria,train
data/malaria/raw/cell_images/Parasitized/C184P145ThinF_IMG_20151203_104153_cell_131.png,smear,malaria,train
data/malaria/raw/cell_images/Uninfected/C168P129ThinF_IMG_20151118_160516_cell_105.png,smear,malaria,train
data/malaria/raw/cell_images/Parasitized/C136P97ThinF_IMG_20151005_141321_cell_91.png,smear,malaria,train
data/malaria/raw/cell_images/Parasitized/C59P20thinF_IMG_20150803_113430_cell_44.png,smear,malaria,train
data/malaria/raw/cell_images/Parasitized/C80P41ThinF_IMG_20150817_112329_cell_9.png,smear,malaria,train
data/malaria/raw/cell_images/Uninfected/C165P126ThinF_IMG_20151117_173346_cell_83.png,smear,malaria,train
data/malaria/raw/cell_images/Parasitized/C182P143NThinF_IMG_20151201_172057_cell_137.png,smear,malaria,train
data/malaria/raw/cell_images/Uninfected/C171P132ThinF_IMG_20151119_153851_cell_58.png,smear,malaria,train
data/malaria/raw/cell_images/Parasitized/C167P128ReThinF_IMG_20151201_110011_cell_230.png,smear,malaria,train
data/malaria/raw/cell_images/Parasitized/C65P26N_ThinF_IMG_20150818_154436_cell_179.png,smear,malaria,train
data/malaria/raw/cell_images/Uninfected/C175P136NThinF_IMG_20151127_141325_cell_113.png,smear,malaria,train
data/malaria/raw/cell_images/Uninfected/C210ThinF_IMG_20151029_162834_cell_32.png,smear,malaria,train
data/malaria/raw/cell_images/Uninfected/C166P127ThinF_IMG_20151117_194932_cell_188.png,smear,malaria,train
data/malaria/raw/cell_images/Parasitized/C71P32_ThinF_IMG_20150813_162146_cell_216.png,smear,malaria,train
data/malaria/raw/cell_images/Parasitized/C132P93ThinF_IMG_20151004_151733_cell_153.png,smear,malaria,train
data/malaria/raw/cell_images/Parasitized/C101P62ThinF_IMG_20150923_165215_cell_41.png,smear,malaria,train
data/malaria/raw/cell_images/Uninfected/C129P90ThinF_IMG_20151004_133703_cell_58.png,smear,malaria,train
data/malaria/raw/cell_images/Parasitized/C180P141NThinF_IMG_20151201_165423_cell_154.png,smear,malaria,train
data/malaria/raw/cell_images/Parasitized/C133P94ThinF_IMG_20151004_154919_cell_134.png,smear,malaria,train
data/malaria/raw/cell_images/Uninfected/C74P35_ThinF_IMG_20150815_121324_cell_67.png,smear,malaria,train
data/malaria/raw/cell_images/Uninfected/C125P86ThinF_IMG_20151004_102013_cell_36.png,smear,malaria,train
data/malaria/raw/cell_images/Uninfected/C185P146ThinF_IMG_20151203_110344_cell_76.png,smear,malaria,train
data/malaria/raw/cell_images/Uninfected/C48P9thinF_IMG_20150721_161412_cell_137.png,smear,malaria,train
data/malaria/raw/cell_images/Uninfected/C211ThinF_IMG_20151029_164033_cell_1.png,smear,malaria,train
data/malaria/raw/cell_images/Uninfected/C186P147NThinF_IMG_20151203_150322_cell_110.png,smear,malaria,train
data/malaria/raw/cell_images/Uninfected/C77P38ThinF_IMG_20150602_112011_cell_10.png,smear,malaria,train
data/malaria/raw/cell_images/Uninfected/C186P147NThinF_IMG_20151203_150222_cell_47.png,smear,malaria,train
data/malaria/raw/cell_images/Parasitized/C119P80ThinF_IMG_20151002_123608_cell_150.png,smear,malaria,train
data/malaria/raw/cell_images/Uninfected/C239ThinF_IMG_20151127_113150_cell_225.png,smear,malaria,train
data/malaria/raw/cell_images/Uninfected/C73P34_ThinF_IMG_20150815_111501_cell_34.png,smear,malaria,train
data/malaria/raw/cell_images/Uninfected/C178P139NThinF_IMG_20151201_151903_cell_44.png,smear,malaria,train
data/malaria/raw/cell_images/Parasitized/C39P4thinF_original_IMG_20150622_114804_cell_30.png,smear,malaria,train
data/malaria/raw/cell_images/Uninfected/C115P76ThinF_IMG_20150930_163156_cell_204.png,smear,malaria,train
data/malaria/raw/cell_images/Parasitized/C136P97ThinF_IMG_20151005_142437_cell_121.png,smear,malaria,train
data/malaria/raw/cell_images/Parasitized/C39P4thinF_original_IMG_20150622_114804_cell_33.png,smear,malaria,train
data/malaria/raw/cell_images/Parasitized/C174P135NThinF_IMG_20151127_135311_cell_207.png,smear,malaria,train
data/malaria/raw/cell_images/Uninfected/C160P121ThinF_IMG_20151116_093109_cell_99.png,smear,malaria,train
data/malaria/raw/cell_images/Uninfected/C229ThinF_IMG_20151112_144613_cell_269.png,smear,malaria,train
data/malaria/raw/cell_images/Parasitized/C133P94ThinF_IMG_20151004_155012_cell_13.png,smear,malaria,train
data/malaria/raw/cell_images/Uninfected/C117P78ThinF_IMG_20150930_221812_cell_12.png,smear,malaria,train
data/malaria/raw/cell_images/Parasitized/C48P9thinF_IMG_20150721_161055_cell_174.png,smear,malaria,train
data/malaria/raw/cell_images/Uninfected/C42P5thin_original_IMG_20150623_134547_cell_121.png,smear,malaria,train
data/malaria/raw/cell_images/Parasitized/C118P79ThinF_IMG_20151002_110942_cell_20.png,smear,malaria,train
data/malaria/raw/cell_images/Uninfected/C126P87ThinF_IMG_20151004_104813_cell_108.png,smear,malaria,train
data/malaria/raw/cell_images/Uninfected/C47P8thinOriginalOlympusCX21_IMG_20150717_173554_cell_28.png,smear,malaria,train
data/malaria/raw/cell_images/Parasitized/C84P45ThinF_IMG_20150818_101146_cell_102.png,smear,malaria,train
data/malaria/raw/cell_images/Parasitized/C175P136NThinF_IMG_20151127_142326_cell_228.png,smear,malaria,train
data/malaria/raw/cell_images/Parasitized/C120P81ThinF_IMG_20151002_130407_cell_194.png,smear,malaria,train
data/malaria/raw/cell_images/Parasitized/C100P61ThinF_IMG_20150918_144104_cell_168.png,smear,malaria,train
data/malaria/raw/cell_images/Uninfected/C174P135NThinF_IMG_20151127_135640_cell_88.png,smear,malaria,train
data/malaria/raw/cell_images/Parasitized/C133P94ThinF_IMG_20151004_153930_cell_109.png,smear,malaria,train
data/malaria/raw/cell_images/Uninfected/C163P124ThinF_IMG_20151116_111925_cell_143.png,smear,malaria,train
data/malaria/raw/cell_images/Parasitized/C63P24N_ThinF_IMG_20150818_143423_cell_167.png,smear,malaria,train
data/malaria/raw/cell_images/Uninfected/C182P143NThinF_IMG_20151201_171950_cell_53.png,smear,malaria,train
data/malaria/raw/cell_images/Uninfected/C55P16thinF_IMG_20150728_123237_cell_78.png,smear,malaria,train
data/malaria/raw/cell_images/Uninfected/C226ThinF_IMG_20151112_131546_cell_167.png,smear,malaria,train
data/malaria/raw/cell_images/Uninfected/C135P96ThinF_IMG_20151005_124444_cell_78.png,smear,malaria,train
data/malaria/raw/cell_images/Parasitized/C182P143NThinF_IMG_20151201_171950_cell_193.png,smear,malaria,train
data/malaria/raw/cell_images/Uninfected/C81P42ThinF_IMG_20150817_120351_cell_142.png,smear,malaria,train
data/malaria/raw/cell_images/Uninfected/C126P87ThinF_IMG_20151004_104408_cell_146.png,smear,malaria,train
data/malaria/raw/cell_images/Parasitized/C180P141NThinF_IMG_20151201_165453_cell_9.png,smear,malaria,train
data/malaria/raw/cell_images/Uninfected/C165P126ThinF_IMG_20151117_172859_cell_191.png,smear,malaria,train
data/malaria/raw/cell_images/Uninfected/C97P58ThinF_IMG_20150917_145555_cell_40.png,smear,malaria,train
data/malaria/raw/cell_images/Parasitized/C80P41ThinF_IMG_20150817_112329_cell_24.png,smear,malaria,train
data/malaria/raw/cell_images/Uninfected/C65P26N_ThinF_IMG_20150818_154624_cell_43.png,smear,malaria,train
data/malaria/raw/cell_images/Uninfected/C101P62ThinF_IMG_20150923_170246_cell_27.png,smear,malaria,train
data/malaria/raw/cell_images/Parasitized/C136P97ThinF_IMG_20151005_144727_cell_107.png,smear,malaria,train
data/malaria/raw/cell_images/Uninfected/C77P38ThinF_IMG_20150602_111510_cell_53.png,smear,malaria,train
data/malaria/raw/cell_images/Parasitized/C136P97ThinF_IMG_20151005_142437_cell_118.png,smear,malaria,train
data/malaria/raw/cell_images/Uninfected/C215ThinF_IMG_20151106_133116_cell_75.png,smear,malaria,train
data/malaria/raw/cell_images/Parasitized/C136P97ThinF_IMG_20151005_144727_cell_113.png,smear,malaria,train
data/malaria/raw/cell_images/Uninfected/C39P4thinF_original_IMG_20150622_105253_cell_61.png,smear,malaria,train
data/malaria/raw/cell_images/Uninfected/C129P90ThinF_IMG_20151004_133421_cell_16.png,smear,malaria,train
data/malaria/raw/cell_images/Uninfected/C110P71ThinF_IMG_20150930_110404_cell_43.png,smear,malaria,train
data/malaria/raw/cell_images/Uninfected/C224ThinF_IMG_20151112_113157_cell_77.png,smear,malaria,train
data/malaria/raw/cell_images/Parasitized/C80P41ThinF_IMG_20150817_110834_cell_129.png,smear,malaria,train
data/malaria/raw/cell_images/Uninfected/C61P22N_ThinF_IMG_20150818_112518_cell_17.png,smear,malaria,train
data/malaria/raw/cell_images/Uninfected/C110P71ThinF_IMG_20150930_105925_cell_153.png,smear,malaria,train
data/malaria/raw/cell_images/Uninfected/C175P136NThinF_IMG_20151127_141428_cell_161.png,smear,malaria,train
data/malaria/raw/cell_images/Parasitized/C84P45ThinF_IMG_20150818_102325_cell_96.png,smear,malaria,train
data/malaria/raw/cell_images/Uninfected/C214ThinF_IMG_20151106_114526_cell_192.png,smear,malaria,train
data/malaria/raw/cell_images/Parasitized/C76P37ThinF_IMG_20150815_172808_cell_230.png,smear,malaria,train
data/malaria/raw/cell_images/Uninfected/C53P14thinF_IMG_20150726_114404_cell_90.png,smear,malaria,train
data/malaria/raw/cell_images/Uninfected/C98P59ThinF_IMG_20150917_153030_cell_28.png,smear,malaria,train
data/malaria/raw/cell_images/Parasitized/C103P64ThinF_IMG_20150918_165016_cell_158.png,smear,malaria,train
data/malaria/raw/cell_images/Parasitized/C159P120ThinF_IMG_20151115_190002_cell_233.png,smear,malaria,train
data/malaria/raw/cell_images/Parasitized/C133P94ThinF_IMG_20151004_154919_cell_121.png,smear,malaria,train
data/malaria/raw/cell_images/Parasitized/C144P105ThinF_IMG_20151015_155004_cell_301.png,smear,malaria,train
data/malaria/raw/cell_images/Parasitized/C70P31_ThinF_IMG_20150813_131022_cell_94.png,smear,malaria,train
data/malaria/raw/cell_images/Parasitized/C46P7ThinF_IMG_20151130_205756_cell_126.png,smear,malaria,train
data/malaria/raw/cell_images/Uninfected/C70P31_ThinF_IMG_20150819_141403_cell_27.png,smear,malaria,train
data/malaria/raw/cell_images/Uninfected/C62P23N_ThinF_IMG_20150818_132811_cell_9.png,smear,malaria,train
data/malaria/raw/cell_images/Parasitized/C124P85ThinF_IMG_20151002_155026_cell_175.png,smear,malaria,train
data/malaria/raw/cell_images/Uninfected/C208ThinF_IMG_20151029_155411_cell_108.png,smear,malaria,train
data/malaria/raw/cell_images/Uninfected/C92P53ThinF_IMG_20150821_151646_cell_155.png,smear,malaria,train
data/malaria/raw/cell_images/Parasitized/C59P20thinF_IMG_20150803_113139_cell_40.png,smear,malaria,train
data/malaria/raw/cell_images/Uninfected/C224ThinF_IMG_20151112_112334_cell_108.png,smear,malaria,train
data/malaria/raw/cell_images/Parasitized/C184P145ThinF_IMG_20151203_104440_cell_24.png,smear,malaria,train
data/malaria/raw/cell_images/Uninfected/C12NThinF_IMG_20150614_124212_cell_165.png,smear,malaria,train
data/malaria/raw/cell_images/Parasitized/C182P143NThinF_IMG_20151201_171950_cell_171.png,smear,malaria,train
data/malaria/raw/cell_images/Parasitized/C82P43ThinF_IMG_20150817_124010_cell_203.png,smear,malaria,train
data/malaria/raw/cell_images/Uninfected/C123P84ThinF_IMG_20151002_151851_cell_99.png,smear,malaria,train
data/malaria/raw/cell_images/Uninfected/C233ThinF_IMG_20151112_161119_cell_12.png,smear,malaria,train
data/malaria/raw/cell_images/Parasitized/C59P20thinF_IMG_20150803_113809_cell_4.png,smear,malaria,train
data/malaria/raw/cell_images/Parasitized/C166P127ThinF_IMG_20151117_193235_cell_214.png,smear,malaria,train
data/malaria/raw/cell_images/Uninfected/C178P139NThinF_IMG_20151201_153246_cell_29.png,smear,malaria,train
data/malaria/raw/cell_images/Parasitized/C132P93ThinF_IMG_20151004_152257_cell_153.png,smear,malaria,train
data/malaria/raw/cell_images/Parasitized/C80P41ThinF_IMG_20150817_112557_cell_20.png,smear,malaria,train
data/malaria/raw/cell_images/Uninfected/C88P49ThinF_IMG_20150820_151451_cell_158.png,smear,malaria,train
data/malaria/raw/cell_images/Parasitized/C51AP12thinF_IMG_20150724_153313_cell_106.png,smear,malaria,train
data/malaria/raw/cell_images/Uninfected/C87P48ThinF_IMG_20150820_132642_cell_92.png,smear,malaria,train
data/malaria/raw/cell_images/Parasitized/C118P79ThinF_IMG_20151002_110212_cell_11.png,smear,malaria,train
data/malaria/raw/cell_images/Parasitized/C99P60ThinF_IMG_20150918_141129_cell_126.png,smear,malaria,train
data/malaria/raw/cell_images/Parasitized/C70P31_ThinF_IMG_20150819_142744_cell_100.png,smear,malaria,train
data/malaria/raw/cell_images/Uninfected/C37BP2_thinF_IMG_20150620_133205a_cell_58.png,smear,malaria,train
data/malaria/raw/cell_images/Uninfected/C106P67ThinF_IMG_20150924_102245_cell_69.png,smear,malaria,train
data/malaria/raw/cell_images/Uninfected/C184P145ThinF_IMG_20151203_103637_cell_61.png,smear,malaria,train
data/malaria/raw/cell_images/Parasitized/C82P43ThinF_IMG_20150817_123824_cell_202.png,smear,malaria,train
data/malaria/raw/cell_images/Uninfected/C207ThinF_IMG_20151029_143952_cell_153.png,smear,malaria,train
data/malaria/raw/cell_images/Uninfected/C87P48ThinF_IMG_20150820_144714_cell_24.png,smear,malaria,train
data/malaria/raw/cell_images/Uninfected/C121P82ThinF_IMG_20151002_135054_cell_87.png,smear,malaria,train
data/malaria/raw/cell_images/Parasitized/C137P98ThinF_IMG_20151005_163946_cell_3.png,smear,malaria,train
data/malaria/raw/cell_images/Uninfected/C46P7ThinF_IMG_20151130_205719_cell_58.png,smear,malaria,train
data/malaria/raw/cell_images/Parasitized/C184P145ThinF_IMG_20151203_103824_cell_146.png,smear,malaria,train
data/malaria/raw/cell_images/Uninfected/C182P143NThinF_IMG_20151201_172216_cell_33.png,smear,malaria,train
data/malaria/raw/cell_images/Uninfected/C91P52ThinF_IMG_20150821_123314_cell_114.png,smear,malaria,train
data/malaria/raw/cell_images/Parasitized/C132P93ThinF_IMG_20151004_151733_cell_160.png,smear,malaria,train
data/malaria/raw/cell_images/Uninfected/C127P88ThinF_IMG_20151004_111526_cell_34.png,smear,malaria,train
data/malaria/raw/cell_images/Uninfected/C97P58ThinF_IMG_20150917_151551_cell_2.png,smear,malaria,train
data/malaria/raw/cell_images/Uninfected/C170P131ThinF_IMG_20151119_120150_cell_82.png,smear,malaria,train
data/malaria/raw/cell_images/Parasitized/C59P20thinF_IMG_20150803_113430_cell_12.png,smear,malaria,train
data/malaria/raw/cell_images/Uninfected/C145P106ThinF_IMG_20151016_155121_cell_121.png,smear,malaria,train
data/malaria/raw/cell_images/Uninfected/C97P58ThinF_IMG_20150917_151551_cell_99.png,smear,malaria,train
data/malaria/raw/cell_images/Parasitized/C48P9thinF_IMG_20150721_160406_cell_206.png,smear,malaria,train
data/malaria/raw/cell_images/Parasitized/C99P60ThinF_IMG_20150918_142128_cell_109.png,smear,malaria,train
data/malaria/raw/cell_images/Parasitized/C137P98ThinF_IMG_20151005_164119_cell_70.png,smear,malaria,train
data/malaria/raw/cell_images/Uninfected/C216ThinF_IMG_20151106_135228_cell_120.png,smear,malaria,train
data/malaria/raw/cell_images/Uninfected/C237ThinF_IMG_20151127_104748_cell_168.png,smear,malaria,train
data/malaria/raw/cell_images/Parasitized/C68P29N_ThinF_IMG_20150819_133236_cell_198.png,smear,malaria,train
data/malaria/raw/cell_images/Parasitized/C88P49ThinF_IMG_20150820_151626_cell_188.png,smear,malaria,train
data/malaria/raw/cell_images/Parasitized/C101P62ThinF_IMG_20150923_170246_cell_67.png,smear,malaria,train
data/malaria/raw/cell_images/Uninfected/C54P15thinF_IMG_20150728_113006_cell_183.png,smear,malaria,train
data/malaria/raw/cell_images/Uninfected/C83P44ThinF_IMG_20150817_134331_cell_92.png,smear,malaria,train
data/malaria/raw/cell_images/Parasitized/C136P97ThinF_IMG_20151005_143329_cell_108.png,smear,malaria,train
data/malaria/raw/cell_images/Parasitized/C172P133ThinF_IMG_20151119_154936_cell_263.png,smear,malaria,train
data/malaria/raw/cell_images/Parasitized/C116P77ThinF_IMG_20150930_171558_cell_119.png,smear,malaria,train
data/malaria/raw/cell_images/Uninfected/C108P69ThinF_IMG_20150924_224038_cell_6.png,smear,malaria,train
data/malaria/raw/cell_images/Uninfected/C214ThinF_IMG_20151106_114526_cell_231.png,smear,malaria,train
data/malaria/raw/cell_images/Uninfected/C80P41ThinF_IMG_20150817_110608_cell_138.png,smear,malaria,train
data/malaria/raw/cell_images/Parasitized/C144P105ThinF_IMG_20151015_163142_cell_321.png,smear,malaria,train
data/malaria/raw/cell_images/Uninfected/C141P102ThinF_IMG_20151005_213930_cell_45.png,smear,malaria,train
data/malaria/raw/cell_images/Parasitized/C39P4thinF_original_IMG_20150622_112119_cell_2.png,smear,malaria,train
data/malaria/raw/cell_images/Uninfected/C111P72ThinF_IMG_20150930_113210_cell_5.png,smear,malaria,train
data/malaria/raw/cell_images/Parasitized/C91P52ThinF_IMG_20150821_123314_cell_195.png,smear,malaria,train
data/malaria/raw/cell_images/Parasitized/C133P94ThinF_IMG_20151004_155012_cell_23.png,smear,malaria,train
data/malaria/raw/cell_images/Parasitized/C39P4thinF_original_IMG_20150622_105803_cell_102.png,smear,malaria,train
data/malaria/raw/cell_images/Parasitized/C48P9thinF_IMG_20150721_164304_cell_14.png,smear,malaria,train
data/malaria/raw/cell_images/Uninfected/C210ThinF_IMG_20151029_162834_cell_7.png,smear,malaria,train
data/malaria/raw/cell_images/Parasitized/C132P93ThinF_IMG_20151004_152642_cell_33.png,smear,malaria,train
data/malaria/raw/cell_images/Uninfected/C77P38ThinF_IMG_20150602_143524_cell_136.png,smear,malaria,train
data/malaria/raw/cell_images/Uninfected/C94P55ThinF_IMG_20150821_165118_cell_262.png,smear,malaria,train
data/malaria/raw/cell_images/Uninfected/C217ThinF_IMG_20151106_141326_cell_109.png,smear,malaria,train
data/malaria/raw/cell_images/Uninfected/C228ThinF_IMG_20151112_142730_cell_173.png,smear,malaria,train
data/malaria/raw/cell_images/Uninfected/C228ThinF_IMG_20151112_142216_cell_183.png,smear,malaria,train
data/malaria/raw/cell_images/Parasitized/C60P21thinF_IMG_20150804_105639_cell_5.png,smear,malaria,train
data/malaria/raw/cell_images/Uninfected/C183P144NThinF_IMG_20151201_223357_cell_35.png,smear,malaria,train
data/malaria/raw/cell_images/Parasitized/C182P143NThinF_IMG_20151201_172216_cell_135.png,smear,malaria,train
data/malaria/raw/cell_images/Uninfected/C97P58ThinF_IMG_20150917_151320_cell_142.png,smear,malaria,train
data/malaria/raw/cell_images/Parasitized/C175P136NThinF_IMG_20151127_142326_cell_217.png,smear,malaria,train
data/malaria/raw/cell_images/Parasitized/C164P125ThinF_IMG_20151116_115112_cell_145.png,smear,malaria,train
data/malaria/raw/cell_images/Uninfected/C157P118ThinF_IMG_20151115_163611_cell_170.png,smear,malaria,train
data/malaria/raw/cell_images/Parasitized/C130P91ThinF_IMG_20151004_135449_cell_122.png,smear,malaria,train
data/malaria/raw/cell_images/Uninfected/C80P41ThinF_IMG_20150817_111121_cell_117.png,smear,malaria,train
data/malaria/raw/cell_images/Uninfected/C13NThinF_IMG_20150614_131318_cell_104.png,smear,malaria,train
data/malaria/raw/cell_images/Uninfected/C167P128ReThinF_IMG_20151201_105354_cell_160.png,smear,malaria,train
data/malaria/raw/cell_images/Parasitized/C129P90ThinF_IMG_20151004_133244_cell_120.png,smear,malaria,train
data/malaria/raw/cell_images/Parasitized/C124P85ThinF_IMG_20151002_155026_cell_172.png,smear,malaria,train
data/malaria/raw/cell_images/Uninfected/C132P93ThinF_IMG_20151004_152045_cell_88.png,smear,malaria,train
data/malaria/raw/cell_images/Parasitized/C133P94ThinF_IMG_20151004_154919_cell_142.png,smear,malaria,train
data/malaria/raw/cell_images/Uninfected/C238NThinF_IMG_20151207_114345_cell_189.png,smear,malaria,train
data/malaria/raw/cell_images/Parasitized/C70P31_ThinF_IMG_20150819_141403_cell_94.png,smear,malaria,train
data/malaria/raw/cell_images/Parasitized/C158P119ThinF_IMG_20151115_181436_cell_204.png,smear,malaria,train
data/malaria/raw/cell_images/Parasitized/C132P93ThinF_IMG_20151004_152257_cell_109.png,smear,malaria,train
data/malaria/raw/cell_images/Parasitized/C144P105ThinF_IMG_20151015_155149_cell_303.png,smear,malaria,train
data/malaria/raw/cell_images/Uninfected/C174P135NThinF_IMG_20151127_135435_cell_49.png,smear,malaria,train
data/malaria/raw/cell_images/Parasitized/C68P29N_ThinF_IMG_20150819_134504_cell_117.png,smear,malaria,train
data/malaria/raw/cell_images/Uninfected/C121P82ThinF_IMG_20151002_135054_cell_90.png,smear,malaria,train
data/malaria/raw/cell_images/Parasitized/C129P90ThinF_IMG_20151004_133329_cell_110.png,smear,malaria,train
data/malaria/raw/cell_images/Parasitized/C99P60ThinF_IMG_20150918_141129_cell_135.png,smear,malaria,train
data/malaria/raw/cell_images/Parasitized/C189P150ThinF_IMG_20151203_141615_cell_93.png,smear,malaria,train
data/malaria/raw/cell_images/Parasitized/C80P41ThinF_IMG_20150817_112329_cell_17.png,smear,malaria,train
data/malaria/raw/cell_images/Uninfected/C239ThinF_IMG_20151127_113253_cell_94.png,smear,malaria,train
data/malaria/raw/cell_images/Uninfected/C233ThinF_IMG_20151112_161119_cell_140.png,smear,malaria,train
data/malaria/raw/cell_images/Uninfected/C219ThinF_IMG_20151106_150314_cell_53.png,smear,malaria,train
data/malaria/raw/cell_images/Uninfected/C49P10thinF_IMG_20150724_102843_cell_13.png,smear,malaria,train
data/malaria/raw/cell_images/Parasitized/C67P28N_ThinF_IMG_20150819_121053_cell_237.png,smear,malaria,train
data/malaria/raw/cell_images/Uninfected/C95P56ThinF_IMG_20150821_171701_cell_79.png,smear,malaria,train
data/malaria/raw/cell_images/Uninfected/C184P145ThinF_IMG_20151203_103637_cell_30.png,smear,malaria,train
data/malaria/raw/cell_images/Uninfected/C219ThinF_IMG_20151106_150135_cell_14.png,smear,malaria,train
data/malaria/raw/cell_images/Parasitized/C97P58ThinF_IMG_20150917_152032_cell_180.png,smear,malaria,train
data/malaria/raw/cell_images/Uninfected/C73P34_ThinF_IMG_20150815_111422_cell_12.png,smear,malaria,train
data/malaria/raw/cell_images/Uninfected/C161P122ThinF_IMG_20151116_101126_cell_67.png,smear,malaria,train
data/malaria/raw/cell_images/Uninfected/C189P150ThinF_IMG_20151203_141004_cell_26.png,smear,malaria,train
data/malaria/raw/cell_images/Uninfected/C97P58ThinF_IMG_20150917_145555_cell_157.png,smear,malaria,train
data/malaria/raw/cell_images/Parasitized/C60P21thinF_IMG_20150804_113602_cell_121.png,smear,malaria,train
data/malaria/raw/cell_images/Uninfected/C187P148NThinF_IMG_20151203_153036_cell_85.png,smear,malaria,train
data/malaria/raw/cell_images/Uninfected/C137P98ThinF_IMG_20151005_163218_cell_41.png,smear,malaria,train
data/malaria/raw/cell_images/Parasitized/C118P79ThinF_IMG_20151002_110942_cell_19.png,smear,malaria,train
data/malaria/raw/cell_images/Parasitized/C48P9thinF_IMG_20150721_164031_cell_12.png,smear,malaria,train
data/malaria/raw/cell_images/Uninfected/C137P98ThinF_IMG_20151005_163251_cell_34.png,smear,malaria,train
data/malaria/raw/cell_images/Uninfected/C153P114ThinF_IMG_20151115_140242_cell_152.png,smear,malaria,train
data/malaria/raw/cell_images/Parasitized/C184P145ThinF_IMG_20151203_104440_cell_29.png,smear,malaria,train
data/malaria/raw/cell_images/Parasitized/C102P63ThinF_IMG_20150918_162927_cell_4.png,smear,malaria,train
data/malaria/raw/cell_images/Uninfected/C62P23N_ThinF_IMG_20150818_132918_cell_28.png,smear,malaria,train
data/malaria/raw/cell_images/Uninfected/C172P133ThinF_IMG_20151119_155307_cell_54.png,smear,malaria,train
data/malaria/raw/cell_images/Parasitized/C137P98ThinF_IMG_20151005_160122_cell_68.png,smear,malaria,train
data/malaria/raw/cell_images/Uninfected/C214ThinF_IMG_20151106_131748_cell_148.png,smear,malaria,train
data/malaria/raw/cell_images/Uninfected/C234ThinF_IMG_20151112_162940_cell_208.png,smear,malaria,train
data/malaria/raw/cell_images/Parasitized/C39P4thinF_original_IMG_20150622_110352_cell_95.png,smear,malaria,train
data/malaria/raw/cell_images/Parasitized/C80P41ThinF_IMG_20150817_112329_cell_12.png,smear,malaria,train
data/malaria/raw/cell_images/Uninfected/C46P7ThinF_IMG_20151130_210743_cell_143.png,smear,malaria,train
data/malaria/raw/cell_images/Parasitized/C48P9thinF_IMG_20150721_160944_cell_199.png,smear,malaria,train
data/malaria/raw/cell_images/Parasitized/C133P94ThinF_IMG_20151004_155012_cell_17.png,smear,malaria,train
data/malaria/raw/cell_images/Parasitized/C116P77ThinF_IMG_20150930_171558_cell_123.png,smear,malaria,train
data/malaria/raw/cell_images/Uninfected/C215ThinF_IMG_20151106_133012_cell_43.png,smear,malaria,train
data/malaria/raw/cell_images/Uninfected/C72P33_ThinF_IMG_20150815_104307_cell_85.png,smear,malaria,train
data/malaria/raw/cell_images/Parasitized/C184P145ThinF_IMG_20151203_102721_cell_3.png,smear,malaria,train
data/malaria/raw/cell_images/Uninfected/C97P58ThinF_IMG_20150917_150838_cell_82.png,smear,malaria,train
data/malaria/raw/cell_images/Parasitized/C115P76ThinF_IMG_20150930_161825_cell_221.png,smear,malaria,train
data/malaria/raw/cell_images/Uninfected/C145P106ThinF_IMG_20151016_154921_cell_54.png,smear,malaria,train
data/malaria/raw/cell_images/Parasitized/C99P60ThinF_IMG_20150918_141620_cell_6.png,smear,malaria,train
data/malaria/raw/cell_images/Uninfected/C238NThinF_IMG_20151207_114605_cell_64.png,smear,malaria,train
data/malaria/raw/cell_images/Uninfected/C13NThinF_IMG_20150614_131617_cell_225.png,smear,malaria,train
data/malaria/raw/cell_images/Parasitized/C99P60ThinF_IMG_20150918_141857_cell_42.png,smear,malaria,train
data/malaria/raw/cell_images/Parasitized/C46P7ThinF_IMG_20151130_210843_cell_137.png,smear,malaria,train
data/malaria/raw/cell_images/Parasitized/C182P143NThinF_IMG_20151201_172257_cell_189.png,smear,malaria,train
data/malaria/raw/cell_images/Parasitized/C145P106ThinF_IMG_20151016_155121_cell_196.png,smear,malaria,train
data/malaria/raw/cell_images/Uninfected/C5NThinF_IMG_20150609_122020_cell_138.png,smear,malaria,train
data/malaria/raw/cell_images/Parasitized/C116P77ThinF_IMG_20150930_171219_cell_78.png,smear,malaria,train
data/malaria/raw/cell_images/Parasitized/C136P97ThinF_IMG_20151005_143329_cell_90.png,smear,malaria,train
data/malaria/raw/cell_images/Parasitized/C131P92ThinF_IMG_20151004_145302_cell_130.png,smear,malaria,train
data/malaria/raw/cell_images/Parasitized/C189P150ThinF_IMG_20151203_141455_cell_74.png,smear,malaria,train
data/malaria/raw/cell_images/Uninfected/C12NThinF_IMG_20150614_125703_cell_32.png,smear,malaria,train
data/malaria/raw/cell_images/Uninfected/C153P114ThinF_IMG_20151115_135911_cell_124.png,smear,malaria,train
data/malaria/raw/cell_images/Uninfected/C149P110ThinF_IMG_20151115_114629_cell_262.png,smear,malaria,train
data/malaria/raw/cell_images/Parasitized/C137P98ThinF_IMG_20151005_162010_cell_76.png,smear,malaria,train
data/malaria/raw/cell_images/Parasitized/C137P98ThinF_IMG_20151005_161306_cell_7.png,smear,malaria,train
data/malaria/raw/cell_images/Parasitized/C48P9thinF_IMG_20150721_163810_cell_20.png,smear,malaria,train
data/malaria/raw/cell_images/Uninfected/C57P18thinF_IMG_20150729_110134_cell_122.png,smear,malaria,train
data/malaria/raw/cell_images/Uninfected/C93P54ThinF_IMG_20150821_163815_cell_209.png,smear,malaria,train
data/malaria/raw/cell_images/Uninfected/C161P122ThinF_IMG_20151116_101722_cell_25.png,smear,malaria,train
data/malaria/raw/cell_images/Parasitized/C39P4thinF_original_IMG_20150622_105102_cell_93.png,smear,malaria,train
data/malaria/raw/cell_images/Parasitized/C182P143NThinF_IMG_20151201_171905_cell_181.png,smear,malaria,train
data/malaria/raw/cell_images/Uninfected/C77P38ThinF_IMG_20150601_155125_cell_56.png,smear,malaria,train
data/malaria/raw/cell_images/Uninfected/C123P84ThinF_IMG_20151002_152144_cell_10.png,smear,malaria,train
data/malaria/raw/cell_images/Parasitized/C97P58ThinF_IMG_20150917_150838_cell_148.png,smear,malaria,train
data/malaria/raw/cell_images/Parasitized/C118P79ThinF_IMG_20151002_105735_cell_157.png,smear,malaria,train
data/malaria/raw/cell_images/Parasitized/C116P77ThinF_IMG_20150930_171739_cell_118.png,smear,malaria,train
data/malaria/raw/cell_images/Uninfected/C158P119ThinF_IMG_20151115_181859_cell_108.png,smear,malaria,train
data/malaria/raw/cell_images/Uninfected/C142P103ThinF_IMG_20151005_222255_cell_12.png,smear,malaria,train
data/malaria/raw/cell_images/Parasitized/C136P97ThinF_IMG_20151005_141803_cell_111.png,smear,malaria,train
data/malaria/raw/cell_images/Uninfected/C97P58ThinF_IMG_20150917_151512_cell_117.png,smear,malaria,train
data/malaria/raw/cell_images/Parasitized/C132P93ThinF_IMG_20151004_152353_cell_167.png,smear,malaria,train
data/malaria/raw/cell_images/Parasitized/C101P62ThinF_IMG_20150918_151942_cell_77.png,smear,malaria,train
data/malaria/raw/cell_images/Parasitized/C84P45ThinF_IMG_20150818_102800_cell_15.png,smear,malaria,train
data/malaria/raw/cell_images/Uninfected/C62P23N_ThinF_IMG_20150818_133211_cell_86.png,smear,malaria,train
data/malaria/raw/cell_images/Uninfected/C182P143NThinF_IMG_20151201_171836_cell_122.png,smear,malaria,train
data/malaria/raw/cell_images/Uninfected/C234ThinF_IMG_20151112_162759_cell_71.png,smear,malaria,train
data/malaria/raw/cell_images/Parasitized/C116P77ThinF_IMG_20150930_171954_cell_89.png,smear,malaria,train
data/malaria/raw/cell_images/Parasitized/C183P144NThinF_IMG_20151201_224458_cell_125.png,smear,malaria,train
data/malaria/raw/cell_images/Uninfected/C108P69ThinF_IMG_20150924_224909_cell_165.png,smear,malaria,train
data/malaria/raw/cell_images/Parasitized/C180P141NThinF_IMG_20151201_164714_cell_172.png,smear,malaria,train
data/malaria/raw/cell_images/Uninfected/C89P50ThinF_IMG_20150820_162300_cell_30.png,smear,malaria,train
data/malaria/raw/cell_images/Parasitized/C66P27N_ThinF_IMG_20150818_163419_cell_195.png,smear,malaria,train
data/malaria/raw/cell_images/Uninfected/C133P94ThinF_IMG_20151004_153930_cell_95.png,smear,malaria,train
data/malaria/raw/cell_images/Uninfected/C216ThinF_IMG_20151106_135228_cell_104.png,smear,malaria,train
data/malaria/raw/cell_images/Uninfected/C168P129ThinF_IMG_20151118_160845_cell_4.png,smear,malaria,train
data/malaria/raw/cell_images/Parasitized/C126P87ThinF_IMG_20151004_104728_cell_127.png,smear,malaria,train
data/malaria/raw/cell_images/Parasitized/C167P128ReThinF_IMG_20151201_105354_cell_238.png,smear,malaria,train
data/malaria/raw/cell_images/Uninfected/C63P24N_ThinF_IMG_20150818_143757_cell_83.png,smear,malaria,train
data/malaria/raw/cell_images/Uninfected/C109P70ThinF_IMG_20150930_103645_cell_155.png,smear,malaria,train
data/malaria/raw/cell_images/Parasitized/C52P13thinF_IMG_20150725_125847_cell_168.png,smear,malaria,train
data/malaria/raw/cell_images/Parasitized/C118P79ThinF_IMG_20151002_110725_cell_138.png,smear,malaria,train
data/malaria/raw/cell_images/Parasitized/C182P143NThinF_IMG_20151201_172607_cell_36.png,smear,malaria,train
data/malaria/raw/cell_images/Parasitized/C188P149ThinF_IMG_20151203_134229_cell_220.png,smear,malaria,train
data/malaria/raw/cell_images/Uninfected/C130P91ThinF_IMG_20151004_141504_cell_18.png,smear,malaria,train
data/malaria/raw/cell_images/Uninfected/C216ThinF_IMG_20151106_135337_cell_54.png,smear,malaria,train
data/malaria/raw/cell_images/Parasitized/C46P7ThinF_IMG_20151130_205828_cell_145.png,smear,malaria,train
data/malaria/raw/cell_images/Uninfected/C229ThinF_IMG_20151112_144613_cell_155.png,smear,malaria,train
data/malaria/raw/cell_images/Parasitized/C39P4thinF_original_IMG_20150622_110435_cell_99.png,smear,malaria,train
data/malaria/raw/cell_images/Parasitized/C101P62ThinF_IMG_20150918_151335_cell_78.png,smear,malaria,train
data/malaria/raw/cell_images/Uninfected/C150P111ThinF_IMG_20151115_120244_cell_136.png,smear,malaria,train
data/malaria/raw/cell_images/Uninfected/C166P127ThinF_IMG_20151117_194147_cell_70.png,smear,malaria,train
data/malaria/raw/cell_images/Parasitized/C131P92ThinF_IMG_20151004_151126_cell_127.png,smear,malaria,train
data/malaria/raw/cell_images/Uninfected/C217ThinF_IMG_20151106_141500_cell_222.png,smear,malaria,train
data/malaria/raw/cell_images/Uninfected/C234ThinF_IMG_20151112_162843_cell_195.png,smear,malaria,train
data/malaria/raw/cell_images/Parasitized/C67P28N_ThinF_IMG_20150819_132441_cell_173.png,smear,malaria,train
data/malaria/raw/cell_images/Uninfected/C71P32_ThinF_IMG_20150813_162146_cell_188.png,smear,malaria,train
data/malaria/raw/cell_images/Uninfected/C183P144NThinF_IMG_20151201_223357_cell_22.png,smear,malaria,train
data/malaria/raw/cell_images/Parasitized/C128P89ThinF_IMG_20151004_131030_cell_164.png,smear,malaria,train
data/malaria/raw/cell_images/Uninfected/C174P135NThinF_IMG_20151127_135640_cell_116.png,smear,malaria,train
data/malaria/raw/cell_images/Parasitized/C140P101ThinF_IMG_20151005_205406_cell_166.png,smear,malaria,train
data/malaria/raw/cell_images/Uninfected/C47P8thin_Original_Motic_IMG_20150714_094054_cell_97.png,smear,malaria,train
data/malaria/raw/cell_images/Parasitized/C183P144NThinF_IMG_20151201_222119_cell_127.png,smear,malaria,train
data/malaria/raw/cell_images/Parasitized/C186P147NThinF_IMG_20151203_150808_cell_137.png,smear,malaria,train
data/malaria/raw/cell_images/Parasitized/C97P58ThinF_IMG_20150917_152437_cell_8.png,smear,malaria,train
data/malaria/raw/cell_images/Parasitized/C68P29N_ThinF_IMG_20150819_134112_cell_151.png,smear,malaria,train
data/malaria/raw/cell_images/Parasitized/C132P93ThinF_IMG_20151004_151811_cell_143.png,smear,malaria,train
data/malaria/raw/cell_images/Parasitized/C149P110ThinF_IMG_20151115_114910_cell_291.png,smear,malaria,train
data/malaria/raw/cell_images/Parasitized/C136P97ThinF_IMG_20151005_143329_cell_95.png,smear,malaria,train
data/malaria/raw/cell_images/Parasitized/C132P93ThinF_IMG_20151004_151811_cell_164.png,smear,malaria,train
data/malaria/raw/cell_images/Uninfected/C210ThinF_IMG_20151029_162934_cell_248.png,smear,malaria,train
data/malaria/raw/cell_images/Parasitized/C91P52ThinF_IMG_20150821_123116_cell_195.png,smear,malaria,train
data/malaria/raw/cell_images/Parasitized/C68P29N_ThinF_IMG_20150819_134830_cell_18.png,smear,malaria,train
data/malaria/raw/cell_images/Parasitized/C137P98ThinF_IMG_20151005_162010_cell_78.png,smear,malaria,train
data/malaria/raw/cell_images/Parasitized/C128P89ThinF_IMG_20151004_131753_cell_127.png,smear,malaria,train
data/malaria/raw/cell_images/Parasitized/C132P93ThinF_IMG_20151004_152045_cell_114.png,smear,malaria,train
data/malaria/raw/cell_images/Uninfected/C97P58ThinF_IMG_20150917_151512_cell_133.png,smear,malaria,train
data/malaria/raw/cell_images/Uninfected/C126P87ThinF_IMG_20151004_104623_cell_14.png,smear,malaria,train
data/malaria/raw/cell_images/Parasitized/C147P108ThinF_IMG_20151115_095606_cell_176.png,smear,malaria,train
data/malaria/raw/cell_images/Parasitized/C144P105ThinF_IMG_20151015_163432_cell_309.png,smear,malaria,train
data/malaria/raw/cell_images/Parasitized/C46P7ThinF_IMG_20151130_205828_cell_140.png,smear,malaria,train
data/malaria/raw/cell_images/Parasitized/C59P20thinF_IMG_20150803_111244_cell_203.png,smear,malaria,train
data/malaria/raw/cell_images/Parasitized/C59P20thinF_IMG_20150803_112858_cell_172.png,smear,malaria,train
data/malaria/raw/cell_images/Parasitized/C116P77ThinF_IMG_20150930_172112_cell_90.png,smear,malaria,train
data/malaria/raw/cell_images/Parasitized/C39P4thinF_original_IMG_20150622_110900_cell_15.png,smear,malaria,train
data/malaria/raw/cell_images/Uninfected/C129P90ThinF_IMG_20151004_133329_cell_18.png,smear,malaria,train
data/malaria/raw/cell_images/Parasitized/C59P20thinF_IMG_20150803_112802_cell_162.png,smear,malaria,train
data/malaria/raw/cell_images/Parasitized/C113P74ThinF_IMG_20150930_134355_cell_170.png,smear,malaria,train
data/malaria/raw/cell_images/Uninfected/C86P47ThinF_IMG_20150820_124025_cell_26.png,smear,malaria,train
data/malaria/raw/cell_images/Parasitized/C132P93ThinF_IMG_20151004_151941_cell_20.png,smear,malaria,train
data/malaria/raw/cell_images/Uninfected/C222ThinF_IMG_20151115_150925_cell_21.png,smear,malaria,train
data/malaria/raw/cell_images/Parasitized/C133P94ThinF_IMG_20151004_154158_cell_114.png,smear,malaria,train
data/malaria/raw/cell_images/Parasitized/C113P74ThinF_IMG_20150930_134751_cell_174.png,smear,malaria,train
data/malaria/raw/cell_images/Uninfected/C37BP2_thinF_IMG_20150620_133238a_cell_22.png,smear,malaria,train
data/malaria/raw/cell_images/Parasitized/C156P117ThinF_IMG_20151115_154313_cell_276.png,smear,malaria,train
data/malaria/raw/cell_images/Parasitized/C168P129ThinF_IMG_20151118_154126_cell_161.png,smear,malaria,train
data/malaria/raw/cell_images/Uninfected/C88P49ThinF_IMG_20150820_150141_cell_211.png,smear,malaria,train
data/malaria/raw/cell_images/Parasitized/C49P10thinF_IMG_20150724_102843_cell_181.png,smear,malaria,train
data/malaria/raw/cell_images/Uninfected/C63P24N_ThinF_IMG_20150818_142948_cell_65.png,smear,malaria,train
data/malaria/raw/cell_images/Uninfected/C212ThinF_IMG_20151106_105834_cell_162.png,smear,malaria,train
data/malaria/raw/cell_images/Parasitized/C145P106ThinF_IMG_20151016_154719_cell_154.png,smear,malaria,train
data/malaria/raw/cell_images/Uninfected/C165P126ThinF_IMG_20151117_172859_cell_143.png,smear,malaria,train
data/malaria/raw/cell_images/Uninfected/C111P72ThinF_IMG_20150930_112827_cell_37.png,smear,malaria,train
data/malaria/raw/cell_images/Parasitized/C167P128ReThinF_IMG_20151201_105559_cell_230.png,smear,malaria,train
data/malaria/raw/cell_images/Uninfected/C168P129ThinF_IMG_20151118_160845_cell_33.png,smear,malaria,train
data/malaria/raw/cell_images/Parasitized/C184P145ThinF_IMG_20151203_102405_cell_182.png,smear,malaria,train
data/malaria/raw/cell_images/Parasitized/C119P80ThinF_IMG_20151002_123043_cell_163.png,smear,malaria,train
data/malaria/raw/cell_images/Parasitized/C184P145ThinF_IMG_20151203_104440_cell_26.png,smear,malaria,train
data/malaria/raw/cell_images/Parasitized/C80P41ThinF_IMG_20150817_112329_cell_23.png,smear,malaria,train
data/malaria/raw/cell_images/Parasitized/C132P93ThinF_IMG_20151004_152353_cell_152.png,smear,malaria,train
data/malaria/raw/cell_images/Parasitized/C116P77ThinF_IMG_20150930_171739_cell_83.png,smear,malaria,train
data/malaria/raw/cell_images/Parasitized/C97P58ThinF_IMG_20150917_151903_cell_31.png,smear,malaria,train
data/malaria/raw/cell_images/Parasitized/C80P41ThinF_IMG_20150817_110834_cell_135.png,smear,malaria,train
data/malaria/raw/cell_images/Uninfected/C226ThinF_IMG_20151112_131255_cell_263.png,smear,malaria,train
data/malaria/raw/cell_images/Parasitized/C129P90ThinF_IMG_20151004_134306_cell_129.png,smear,malaria,train
data/malaria/raw/cell_images/Uninfected/C92P53ThinF_IMG_20150821_151722_cell_56.png,smear,malaria,train
data/malaria/raw/cell_images/Uninfected/C7NthinF_IMG_20150611_104510_cell_63.png,smear,malaria,train
data/malaria/raw/cell_images/Uninfected/C213ThinF_IMG_20151106_112759_cell_197.png,smear,malaria,train
data/malaria/raw/cell_images/Uninfected/C218ThinF_IMG_20151106_144001_cell_44.png,smear,malaria,train
data/malaria/raw/cell_images/Parasitized/C138P99ThinF_IMG_20151005_170905_cell_164.png,smear,malaria,train
data/malaria/raw/cell_images/Parasitized/C136P97ThinF_IMG_20151005_140646_cell_124.png,smear,malaria,train
data/malaria/raw/cell_images/Uninfected/C84P45ThinF_IMG_20150818_101056_cell_68.png,smear,malaria,train
data/malaria/raw/cell_images/Uninfected/C128P89ThinF_IMG_20151004_130408_cell_83.png,smear,malaria,train
data/malaria/raw/cell_images/Parasitized/C186P147NThinF_IMG_20151203_150408_cell_169.png,smear,malaria,train
data/malaria/raw/cell_images/Parasitized/C89P50ThinF_IMG_20150820_162504_cell_198.png,smear,malaria,train
data/malaria/raw/cell_images/Uninfected/C88P49ThinF_IMG_20150820_150724_cell_97.png,smear,malaria,train
data/malaria/raw/cell_images/Uninfected/C113P74ThinF_IMG_20150930_135904_cell_18.png,smear,malaria,train
data/malaria/raw/cell_images/Uninfected/C56P17thinF_IMG_20150728_160438_cell_16.png,smear,malaria,train
data/malaria/raw/cell_images/Parasitized/C59P20thinF_IMG_20150803_113809_cell_41.png,smear,malaria,train
data/malaria/raw/cell_images/Parasitized/C80P41ThinF_IMG_20150817_110608_cell_157.png,smear,malaria,train
data/malaria/raw/cell_images/Parasitized/C184P145ThinF_IMG_20151203_102405_cell_180.png,smear,malaria,train
data/malaria/raw/cell_images/Uninfected/C116P77ThinF_IMG_20150930_171809_cell_1.png,smear,malaria,train
data/malaria/raw/cell_images/Uninfected/C218ThinF_IMG_20151106_144001_cell_43.png,smear,malaria,train
data/malaria/raw/cell_images/Parasitized/C159P120ThinF_IMG_20151115_190642_cell_197.png,smear,malaria,train
data/malaria/raw/cell_images/Uninfected/C95P56ThinF_IMG_20150821_171701_cell_88.png,smear,malaria,train
data/malaria/raw/cell_images/Uninfected/C5NThinF_IMG_20150609_122020_cell_205.png,smear,malaria,train
data/malaria/raw/cell_images/Parasitized/C51AP12thinF_IMG_20150724_153313_cell_107.png,smear,malaria,train
data/malaria/raw/cell_images/Parasitized/C183P144NThinF_IMG_20151201_224107_cell_132.png,smear,malaria,train
data/malaria/raw/cell_images/Parasitized/C163P124ThinF_IMG_20151116_111147_cell_223.png,smear,malaria,train
data/malaria/raw/cell_images/Parasitized/C101P62ThinF_IMG_20150918_151942_cell_70.png,smear,malaria,train
data/malaria/raw/cell_images/Parasitized/C104P65ThinF_IMG_20150918_172639_cell_182.png,smear,malaria,train
data/malaria/raw/cell_images/Uninfected/C157P118ThinF_IMG_20151115_164755_cell_112.png,smear,malaria,train
data/malaria/raw/cell_images/Parasitized/C99P60ThinF_IMG_20150918_141857_cell_24.png,smear,malaria,train
data/malaria/raw/cell_images/Uninfected/C180P141NThinF_IMG_20151201_163751_cell_134.png,smear,malaria,train
data/malaria/raw/cell_images/Uninfected/C57P18thinF_IMG_20150729_110457_cell_112.png,smear,malaria,train
data/malaria/raw/cell_images/Uninfected/C99P60ThinF_IMG_20150918_141001_cell_24.png,smear,malaria,train
data/malaria/raw/cell_images/Parasitized/C46P7ThinF_IMG_20151130_210123_cell_122.png,smear,malaria,train
data/malaria/raw/cell_images/Parasitized/C107P68ThinF_IMG_20150924_222233_cell_152.png,smear,malaria,train
data/malaria/raw/cell_images/Parasitized/C51AP12thinF_IMG_20150724_162636_cell_82.png,smear,malaria,train
data/malaria/raw/cell_images/Uninfected/C205ThinF_IMG_20151106_151800_cell_133.png,smear,malaria,train
data/malaria/raw/cell_images/Uninfected/C4thin_original_IMG_20150608_165540_cell_245.png,smear,malaria,train
data/malaria/raw/cell_images/Parasitized/C77P38ThinF_IMG_20150602_143524_cell_151.png,smear,malaria,train
data/malaria/raw/cell_images/Parasitized/C59P20thinF_IMG_20150803_113430_cell_29.png,smear,malaria,train
data/malaria/raw/cell_images/Parasitized/C184P145ThinF_IMG_20151203_104030_cell_24.png,smear,malaria,train
data/malaria/raw/cell_images/Uninfected/C51AP12thinF_IMG_20150724_153313_cell_57.png,smear,malaria,train
data/malaria/raw/cell_images/Uninfected/C108P69ThinF_IMG_20150924_225004_cell_20.png,smear,malaria,train
data/malaria/raw/cell_images/Uninfected/C240ThinF_IMG_20151127_115328_cell_225.png,smear,malaria,train
data/malaria/raw/cell_images/Uninfected/C136P97ThinF_IMG_20151005_140538_cell_59.png,smear,malaria,train
data/malaria/raw/cell_images/Parasitized/C184P145ThinF_IMG_20151203_102721_cell_21.png,smear,malaria,train
data/malaria/raw/cell_images/Uninfected/C49P10thinF_IMG_20150724_103233_cell_63.png,smear,malaria,train
data/malaria/raw/cell_images/Parasitized/C136P97ThinF_IMG_20151005_140646_cell_116.png,smear,malaria,train
data/malaria/raw/cell_images/Uninfected/C88P49ThinF_IMG_20150820_152521_cell_110.png,smear,malaria,train
data/malaria/raw/cell_images/Parasitized/C59P20thinF_IMG_20150803_113051_cell_186.png,smear,malaria,train
data/malaria/raw/cell_images/Parasitized/C60P21thinF_IMG_20150804_113602_cell_126.png,smear,malaria,train
data/malaria/raw/cell_images/Uninfected/C2NThinF_IMG_20150604_114730_cell_98.png,smear,malaria,train
data/malaria/raw/cell_images/Parasitized/C51AP12thinF_IMG_20150724_161126_cell_118.png,smear,malaria,train
data/malaria/raw/cell_images/Uninfected/C118P79ThinF_IMG_20151002_110834_cell_83.png,smear,malaria,train
data/malaria/raw/cell_images/Uninfected/C188P149ThinF_IMG_20151203_134209_cell_138.png,smear,malaria,train
data/malaria/raw/cell_images/Parasitized/C140P101ThinF_IMG_20151005_205406_cell_165.png,smear,malaria,train
data/malaria/raw/cell_images/Uninfected/C212ThinF_IMG_20151106_110230_cell_252.png,smear,malaria,train
data/malaria/raw/cell_images/Uninfected/C64P25N_ThinF_IMG_20150818_152921_cell_172.png,smear,malaria,train
data/malaria/raw/cell_images/Uninfected/C153P114ThinF_IMG_20151115_140242_cell_209.png,smear,malaria,train
data/malaria/raw/cell_images/Uninfected/C210ThinF_IMG_20151029_162934_cell_22.png,smear,malaria,train
data/malaria/raw/cell_images/Parasitized/C126P87ThinF_IMG_20151004_105844_cell_146.png,smear,malaria,train
data/malaria/raw/cell_images/Parasitized/C70P31_ThinF_IMG_20150813_131708_cell_8.png,smear,malaria,train
data/malaria/raw/cell_images/Uninfected/C223ThinF_IMG_20151112_104240_cell_171.png,smear,malaria,train
data/malaria/raw/cell_images/Uninfected/C97P58ThinF_IMG_20150917_151437_cell_32.png,smear,malaria,train
data/malaria/raw/cell_images/Parasitized/C132P93ThinF_IMG_20151004_151701_cell_131.png,smear,malaria,train
data/malaria/raw/cell_images/Parasitized/C84P45ThinF_IMG_20150818_101257_cell_83.png,smear,malaria,train
data/malaria/raw/cell_images/Parasitized/C128P89ThinF_IMG_20151004_131129_cell_150.png,smear,malaria,train
data/malaria/raw/cell_images/Parasitized/C84P45ThinF_IMG_20150818_102800_cell_3.png,smear,malaria,train
data/malaria/raw/cell_images/Parasitized/C120P81ThinF_IMG_20151002_130715_cell_187.png,smear,malaria,train
data/malaria/raw/cell_images/Uninfected/C132P93ThinF_IMG_20151004_151811_cell_37.png,smear,malaria,train
data/malaria/raw/cell_images/Uninfected/C91P52ThinF_IMG_20150821_123116_cell_78.png,smear,malaria,train
data/malaria/raw/cell_images/Uninfected/C103P64ThinF_IMG_20150918_164331_cell_87.png,smear,malaria,train
data/malaria/raw/cell_images/Uninfected/C169P130ThinF_IMG_20151119_143212_cell_18.png,smear,malaria,train
data/malaria/raw/cell_images/Parasitized/C89P50ThinF_IMG_20150820_162813_cell_214.png,smear,malaria,train
data/malaria/raw/cell_images/Parasitized/C180P141NThinF_IMG_20151201_170021_cell_11.png,smear,malaria,train
data/malaria/raw/cell_images/Parasitized/C68P29N_ThinF_IMG_20150819_134326_cell_171.png,smear,malaria,train
data/malaria/raw/cell_images/Uninfected/C177P138NThinF_IMG_20151201_143025_cell_123.png,smear,malaria,train
data/malaria/raw/cell_images/Uninfected/C6NThinF_IMG_20150609_122547_cell_139.png,smear,malaria,train
data/malaria/raw/cell_images/Parasitized/C68P29N_ThinF_IMG_20150819_134712_cell_49.png,smear,malaria,train
data/malaria/raw/cell_images/Parasitized/C116P77ThinF_IMG_20150930_171558_cell_100.png,smear,malaria,train
data/malaria/raw/cell_images/Parasitized/C59P20thinF_IMG_20150803_111244_cell_192.png,smear,malaria,train
data/malaria/raw/cell_images/Parasitized/C84P45ThinF_IMG_20150818_102800_cell_4.png,smear,malaria,train
data/malaria/raw/cell_images/Parasitized/C103P64ThinF_IMG_20150918_164553_cell_171.png,smear,malaria,train
data/malaria/raw/cell_images/Uninfected/C164P125ThinF_IMG_20151116_113954_cell_92.png,smear,malaria,train
data/malaria/raw/cell_images/Parasitized/C70P31_ThinF_IMG_20150813_131457_cell_15.png,smear,malaria,train
data/malaria/raw/cell_images/Parasitized/C118P79ThinF_IMG_20151002_105735_cell_144.png,smear,malaria,train
data/malaria/raw/cell_images/Parasitized/C78P39ThinF_IMG_20150606_103413_cell_165.png,smear,malaria,train
data/malaria/raw/cell_images/Parasitized/C116P77ThinF_IMG_20150930_172112_cell_82.png,smear,malaria,train
data/malaria/raw/cell_images/Parasitized/C68P29N_ThinF_IMG_20150819_133447_cell_174.png,smear,malaria,train
data/malaria/raw/cell_images/Uninfected/C66P27N_ThinF_IMG_20150818_164408_cell_22.png,smear,malaria,train
data/malaria/raw/cell_images/Uninfected/C163P124ThinF_IMG_20151116_111742_cell_276.png,smear,malaria,train
data/malaria/raw/cell_images/Parasitized/C48P9thinF_IMG_20150721_161055_cell_181.png,smear,malaria,train
data/malaria/raw/cell_images/Uninfected/C106P67ThinF_IMG_20150924_102413_cell_24.png,smear,malaria,train
data/malaria/raw/cell_images/Uninfected/C213ThinF_IMG_20151106_112252_cell_155.png,smear,malaria,train
data/malaria/raw/cell_images/Uninfected/C149P110ThinF_IMG_20151115_114729_cell_118.png,smear,malaria,train
data/malaria/raw/cell_images/Uninfected/C67P28N_ThinF_IMG_20150819_121240_cell_85.png,smear,malaria,train
data/malaria/raw/cell_images/Uninfected/C135P96ThinF_IMG_20151005_124444_cell_27.png,smear,malaria,train
data/malaria/raw/cell_images/Uninfected/C56P17thinF_IMG_20150728_160438_cell_8.png,smear,malaria,train
data/malaria/raw/cell_images/Parasitized/C176P137NThinF_IMG_20151201_120612_cell_23.png,smear,malaria,train
data/malaria/raw/cell_images/Parasitized/C176P137NThinF_IMG_20151201_121808_cell_131.png,smear,malaria,train
data/malaria/raw/cell_images/Uninfected/C3thin_original_IMG_20150608_163047_cell_215.png,smear,malaria,train
data/malaria/raw/cell_images/Uninfected/C117P78ThinF_IMG_20150930_221812_cell_66.png,smear,malaria,train
data/malaria/raw/cell_images/Parasitized/C144P105ThinF_IMG_20151015_163432_cell_310.png,smear,malaria,train
data/malaria/raw/cell_images/Uninfected/C76P37ThinF_IMG_20150815_173019_cell_220.png,smear,malaria,train
data/malaria/raw/cell_images/Parasitized/C188P149ThinF_IMG_20151203_134449_cell_204.png,smear,malaria,train
data/malaria/raw/cell_images/Parasitized/C59P20thinF_IMG_20150803_115303_cell_7.png,smear,malaria,train
data/malaria/raw/cell_images/Uninfected/C189P150ThinF_IMG_20151203_142224_cell_3.png,smear,malaria,train
data/malaria/raw/cell_images/Uninfected/C85P46ThinF_IMG_20150820_110040_cell_190.png,smear,malaria,train
data/malaria/raw/cell_images/Parasitized/C183P144NThinF_IMG_20151201_223431_cell_101.png,smear,malaria,train
data/malaria/raw/cell_images/Parasitized/C137P98ThinF_IMG_20151005_163712_cell_89.png,smear,malaria,train
data/malaria/raw/cell_images/Parasitized/C156P117ThinF_IMG_20151115_153831_cell_259.png,smear,malaria,train
data/malaria/raw/cell_images/Uninfected/C135P96ThinF_IMG_20151005_124204_cell_5.png,smear,malaria,train
data/malaria/raw/cell_images/Parasitized/C59P20thinF_IMG_20150803_112858_cell_157.png,smear,malaria,train
data/malaria/raw/cell_images/Uninfected/C144P105ThinF_IMG_20151015_155149_cell_149.png,smear,malaria,train
data/malaria/raw/cell_images/Parasitized/C188P149ThinF_IMG_20151203_134229_cell_223.png,smear,malaria,train
data/malaria/raw/cell_images/Uninfected/C38P3thinF_original_IMG_20150621_112023_cell_56.png,smear,malaria,train
data/malaria/raw/cell_images/Uninfected/C163P124ThinF_IMG_20151116_110921_cell_195.png,smear,malaria,train
data/malaria/raw/cell_images/Uninfected/C127P88ThinF_IMG_20151004_111436_cell_41.png,smear,malaria,train
data/malaria/raw/cell_images/Uninfected/C227ThinF_IMG_20151112_135818_cell_248.png,smear,malaria,train
data/malaria/raw/cell_images/Parasitized/C119P80ThinF_IMG_20151002_123043_cell_159.png,smear,malaria,train
data/malaria/raw/cell_images/Uninfected/C142P103ThinF_IMG_20151005_223257_cell_115.png,smear,malaria,train
data/malaria/raw/cell_images/Uninfected/C143P104ThinF_IMG_20151005_225746_cell_166.png,smear,malaria,train
data/malaria/raw/cell_images/Parasitized/C133P94ThinF_IMG_20151004_154351_cell_122.png,smear,malaria,train
data/malaria/raw/cell_images/Parasitized/C107P68ThinF_IMG_20150924_222233_cell_158.png,smear,malaria,train
data/malaria/raw/cell_images/Uninfected/C55P16thinF_IMG_20150728_123510_cell_103.png,smear,malaria,train
data/malaria/raw/cell_images/Uninfected/C38P3thinF_original_IMG_20150621_112116_cell_65.png,smear,malaria,train
data/malaria/raw/cell_images/Parasitized/C80P41ThinF_IMG_20150817_110348_cell_118.png,smear,malaria,train
data/malaria/raw/cell_images/Parasitized/C84P45ThinF_IMG_20150818_101226_cell_88.png,smear,malaria,train
data/malaria/raw/cell_images/Parasitized/C176P137NThinF_IMG_20151201_122708_cell_129.png,smear,malaria,train
data/malaria/raw/cell_images/Uninfected/C112P73ThinF_IMG_20150930_131605_cell_142.png,smear,malaria,train
data/malaria/raw/cell_images/Uninfected/C176P137NThinF_IMG_20151201_122444_cell_22.png,smear,malaria,train
data/malaria/raw/cell_images/Parasitized/C82P43ThinF_IMG_20150817_123652_cell_229.png,smear,malaria,train
data/malaria/raw/cell_images/Uninfected/C38P3thinF_original_IMG_20150621_112043_cell_21.png,smear,malaria,train
data/malaria/raw/cell_images/Uninfected/C84P45ThinF_IMG_20150818_101412_cell_85.png,smear,malaria,train
data/malaria/raw/cell_images/Parasitized/C174P135NThinF_IMG_20151127_135435_cell_211.png,smear,malaria,train
data/malaria/raw/cell_images/Uninfected/C97P58ThinF_IMG_20150917_150838_cell_124.png,smear,malaria,train
data/malaria/raw/cell_images/Parasitized/C128P89ThinF_IMG_20151004_130408_cell_153.png,smear,malaria,train
data/malaria/raw/cell_images/Parasitized/C84P45ThinF_IMG_20150818_102325_cell_102.png,smear,malaria,train
data/malaria/raw/cell_images/Uninfected/C87P48ThinF_IMG_20150820_132642_cell_94.png,smear,malaria,train
data/malaria/raw/cell_images/Uninfected/C99P60ThinF_IMG_20150918_140900_cell_69.png,smear,malaria,train
data/malaria/raw/cell_images/Parasitized/C182P143NThinF_IMG_20151201_172057_cell_138.png,smear,malaria,train
data/malaria/raw/cell_images/Uninfected/C96P57ThinF_IMG_20150824_105213_cell_157.png,smear,malaria,train
data/malaria/raw/cell_images/Parasitized/C136P97ThinF_IMG_20151005_140538_cell_98.png,smear,malaria,train
data/malaria/raw/cell_images/Parasitized/C136P97ThinF_IMG_20151005_140646_cell_111.png,smear,malaria,train
data/malaria/raw/cell_images/Uninfected/C237ThinF_IMG_20151127_105345_cell_38.png,smear,malaria,train
data/malaria/raw/cell_images/Uninfected/C131P92ThinF_IMG_20151004_151001_cell_82.png,smear,malaria,train
data/malaria/raw/cell_images/Uninfected/C77P38ThinF_IMG_20150602_143650_cell_37.png,smear,malaria,train
data/malaria/raw/cell_images/Parasitized/C184P145ThinF_IMG_20151203_102405_cell_144.png,smear,malaria,train
data/malaria/raw/cell_images/Parasitized/C120P81ThinF_IMG_20151002_130150_cell_204.png,smear,malaria,train
data/malaria/raw/cell_images/Uninfected/C136P97ThinF_IMG_20151005_140538_cell_70.png,smear,malaria,train
data/malaria/raw/cell_images/Parasitized/C132P93ThinF_IMG_20151004_153030_cell_19.png,smear,malaria,train
data/malaria/raw/cell_images/Uninfected/C170P131ThinF_IMG_20151119_120111_cell_132.png,smear,malaria,train
data/malaria/raw/cell_images/Parasitized/C131P92ThinF_IMG_20151004_145410_cell_133.png,smear,malaria,train
data/malaria/raw/cell_images/Parasitized/C180P141NThinF_IMG_20151201_170021_cell_9.png,smear,malaria,train
data/malaria/raw/cell_images/Parasitized/C59P20thinF_IMG_20150803_111244_cell_201.png,smear,malaria,train
data/malaria/raw/cell_images/Uninfected/C84P45ThinF_IMG_20150818_101056_cell_87.png,smear,malaria,train
data/malaria/raw/cell_images/Uninfected/C207ThinF_IMG_20151029_143952_cell_41.png,smear,malaria,train
data/malaria/raw/cell_images/Uninfected/C72P33_ThinF_IMG_20150815_104923_cell_156.png,smear,malaria,train
data/malaria/raw/cell_images/Uninfected/C177P138NThinF_IMG_20151201_143546_cell_94.png,smear,malaria,train
data/malaria/raw/cell_images/Uninfected/C4thin_original_IMG_20150608_165620_cell_111.png,smear,malaria,train
data/malaria/raw/cell_images/Uninfected/C83P44ThinF_IMG_20150817_133454_cell_71.png,smear,malaria,train
data/malaria/raw/cell_images/Parasitized/C129P90ThinF_IMG_20151004_134306_cell_142.png,smear,malaria,train
data/malaria/raw/cell_images/Uninfected/C47P8thinOriginalOlympusCX21_IMG_20150717_174222_cell_117.png,smear,malaria,train
data/malaria/raw/cell_images/Parasitized/C39P4thinF_original_IMG_20150622_105803_cell_87.png,smear,malaria,train
data/malaria/raw/cell_images/Uninfected/C63P24N_ThinF_IMG_20150818_143319_cell_32.png,smear,malaria,train
data/malaria/raw/cell_images/Parasitized/C98P59ThinF_IMG_20150917_154452_cell_208.png,smear,malaria,train
data/malaria/raw/cell_images/Parasitized/C180P141NThinF_IMG_20151201_165601_cell_170.png,smear,malaria,train
data/malaria/raw/cell_images/Parasitized/C175P136NThinF_IMG_20151127_142009_cell_212.png,smear,malaria,train
data/malaria/raw/cell_images/Uninfected/C186P147NThinF_IMG_20151203_150557_cell_76.png,smear,malaria,train
data/malaria/raw/cell_images/Uninfected/C125P86ThinF_IMG_20151004_102053_cell_34.png,smear,malaria,train
data/malaria/raw/cell_images/Uninfected/C120P81ThinF_IMG_20151002_125443_cell_81.png,smear,malaria,train
data/malaria/raw/cell_images/Parasitized/C39P4thinF_original_IMG_20150622_114122_cell_10.png,smear,malaria,train
data/malaria/raw/cell_images/Uninfected/C112P73ThinF_IMG_20150930_131254_cell_155.png,smear,malaria,train
data/malaria/raw/cell_images/Uninfected/C149P110ThinF_IMG_20151115_114555_cell_292.png,smear,malaria,train
data/malaria/raw/cell_images/Parasitized/C116P77ThinF_IMG_20150930_172112_cell_66.png,smear,malaria,train
data/malaria/raw/cell_images/Parasitized/C64P25N_ThinF_IMG_20150818_152337_cell_168.png,smear,malaria,train
data/malaria/raw/cell_images/Parasitized/C93P54ThinF_IMG_20150821_164024_cell_196.png,smear,malaria,train
data/malaria/raw/cell_images/Uninfected/C12NThinF_IMG_20150614_124212_cell_161.png,smear,malaria,train
data/malaria/raw/cell_images/Parasitized/C68P29N_ThinF_IMG_20150819_133236_cell_169.png,smear,malaria,train
data/malaria/raw/cell_images/Uninfected/C12NThinF_IMG_20150614_124301_cell_164.png,smear,malaria,train
data/malaria/raw/cell_images/Uninfected/C207ThinF_IMG_20151029_144152_cell_234.png,smear,malaria,train
data/malaria/raw/cell_images/Parasitized/C136P97ThinF_IMG_20151005_142627_cell_1.png,smear,malaria,train
data/malaria/raw/cell_images/Uninfected/C62P23N_ThinF_IMG_20150818_133527_cell_36.png,smear,malaria,train
data/malaria/raw/cell_images/Parasitized/C120P81ThinF_IMG_20151002_130150_cell_211.png,smear,malaria,train
data/malaria/raw/cell_images/Uninfected/C99P60ThinF_IMG_20150918_141129_cell_38.png,smear,malaria,train
data/malaria/raw/cell_images/Uninfected/C230ThinF_IMG_20151112_150730_cell_24.png,smear,malaria,train
data/malaria/raw/cell_images/Uninfected/C180P141NThinF_IMG_20151201_165423_cell_93.png,smear,malaria,train
data/malaria/raw/cell_images/Uninfected/C181P142ThinF_IMG_20151127_160539_cell_145.png,smear,malaria,train
data/malaria/raw/cell_images/Parasitized/C99P60ThinF_IMG_20150918_141351_cell_110.png,smear,malaria,train
data/malaria/raw/cell_images/Uninfected/C38P3thinF_original_IMG_20150621_112043_cell_152.png,smear,malaria,train
data/malaria/raw/cell_images/Uninfected/C154P115ThinF_IMG_20151115_141543_cell_92.png,smear,malaria,train
data/malaria/raw/cell_images/Parasitized/C144P105ThinF_IMG_20151015_163432_cell_311.png,smear,malaria,train
data/malaria/raw/cell_images/Uninfected/C133P94ThinF_IMG_20151004_154919_cell_4.png,smear,malaria,train
data/malaria/raw/cell_images/Parasitized/C84P45ThinF_IMG_20150818_101550_cell_107.png,smear,malaria,train
data/malaria/raw/cell_images/Uninfected/C3thin_original_IMG_20150608_162922_cell_211.png,smear,malaria,train
data/malaria/raw/cell_images/Parasitized/C184P145ThinF_IMG_20151203_102405_cell_175.png,smear,malaria,train
data/malaria/raw/cell_images/Parasitized/C39P4thinF_original_IMG_20150622_111206_cell_95.png,smear,malaria,train
data/malaria/raw/cell_images/Uninfected/C152P113ThinF_IMG_20151115_124032_cell_90.png,smear,malaria,train
data/malaria/raw/cell_images/Parasitized/C51AP12thinF_IMG_20150724_153313_cell_96.png,smear,malaria,train
data/malaria/raw/cell_images/Parasitized/C183P144NThinF_IMG_20151201_224107_cell_128.png,smear,malaria,train
data/malaria/raw/cell_images/Parasitized/C110P71ThinF_IMG_20150930_105319_cell_189.png,smear,malaria,train
data/malaria/raw/cell_images/Parasitized/C39P4thinF_original_IMG_20150622_105253_cell_98.png,smear,malaria,train
data/malaria/raw/cell_images/Uninfected/C221ThinF_IMG_20151106_160653_cell_104.png,smear,malaria,train
data/malaria/raw/cell_images/Uninfected/C205ThinF_IMG_20151106_151800_cell_54.png,smear,malaria,train
data/malaria/raw/cell_images/Uninfected/C129P90ThinF_IMG_20151004_133244_cell_68.png,smear,malaria,train
data/malaria/raw/cell_images/Uninfected/C112P73ThinF_IMG_20150930_131605_cell_176.png,smear,malaria,train
data/malaria/raw/cell_images/Parasitized/C149P110ThinF_IMG_20151115_114629_cell_273.png,smear,malaria,train
data/malaria/raw/cell_images/Uninfected/C209ThinF_IMG_20151029_160927_cell_89.png,smear,malaria,train
data/malaria/raw/cell_images/Uninfected/C124P85ThinF_IMG_20151002_155101_cell_117.png,smear,malaria,train
data/malaria/raw/cell_images/Uninfected/C163P124ThinF_IMG_20151116_111742_cell_221.png,smear,malaria,train
data/malaria/raw/cell_images/Parasitized/C105P66ThinF_IMG_20150924_100655_cell_124.png,smear,malaria,train
data/malaria/raw/cell_images/Parasitized/C180P141NThinF_IMG_20151201_163848_cell_183.png,smear,malaria,train
data/malaria/raw/cell_images/Uninfected/C33P1thinF_IMG_20150619_120838a_cell_134.png,smear,malaria,train
data/malaria/raw/cell_images/Parasitized/C59P20thinF_IMG_20150803_113809_cell_16.png,smear,malaria,train
data/malaria/raw/cell_images/Uninfected/C226ThinF_IMG_20151112_131622_cell_82.png,smear,malaria,train
data/malaria/raw/cell_images/Uninfected/C221ThinF_IMG_20151106_155857_cell_60.png,smear,malaria,train
data/malaria/raw/cell_images/Uninfected/C90P51ThinF_IMG_20150821_115700_cell_89.png,smear,malaria,train
data/malaria/raw/cell_images/Uninfected/C33P1thinF_IMG_20150619_115740a_cell_39.png,smear,malaria,train
data/malaria/raw/cell_images/Parasitized/C48P9thinF_IMG_20150721_160944_cell_234.png,smear,malaria,train
data/malaria/raw/cell_images/Parasitized/C118P79ThinF_IMG_20151002_104831_cell_155.png,smear,malaria,train
data/malaria/raw/cell_images/Parasitized/C46P7ThinF_IMG_20151130_210938_cell_156.png,smear,malaria,train
data/malaria/raw/cell_images/Uninfected/C168P129ThinF_IMG_20151118_154126_cell_78.png,smear,malaria,train
data/malaria/raw/cell_images/Parasitized/C101P62ThinF_IMG_20150918_151239_cell_86.png,smear,malaria,train
data/malaria/raw/cell_images/Parasitized/C48P9thinF_IMG_20150721_162732_cell_11.png,smear,malaria,train
data/malaria/raw/cell_images/Uninfected/C13NThinF_IMG_20150614_131553_cell_244.png,smear,malaria,train
data/malaria/raw/cell_images/Parasitized/C45P6ThinF_IMG_20151130_154725_cell_179.png,smear,malaria,train
data/malaria/raw/cell_images/Uninfected/C63P24N_ThinF_IMG_20150818_142948_cell_132.png,smear,malaria,train
data/malaria/raw/cell_images/Parasitized/C50P11thinF_IMG_20150724_115651_cell_188.png,smear,malaria,train
data/malaria/raw/cell_images/Parasitized/C182P143NThinF_IMG_20151201_172524_cell_174.png,smear,malaria,train
data/malaria/raw/cell_images/Parasitized/C59P20thinF_IMG_20150803_112858_cell_194.png,smear,malaria,train
data/malaria/raw/cell_images/Parasitized/C182P143NThinF_IMG_20151201_172842_cell_18.png,smear,malaria,train
data/malaria/raw/cell_images/Uninfected/C217ThinF_IMG_20151106_141326_cell_90.png,smear,malaria,train
data/malaria/raw/cell_images/Uninfected/C166P127ThinF_IMG_20151117_195030_cell_204.png,smear,malaria,train
data/malaria/raw/cell_images/Uninfected/C236ThinF_IMG_20151127_102635_cell_209.png,smear,malaria,train
data/malaria/raw/cell_images/Uninfected/C233ThinF_IMG_20151112_160059_cell_129.png,smear,malaria,train
data/malaria/raw/cell_images/Parasitized/C184P145ThinF_IMG_20151203_103326_cell_159.png,smear,malaria,train
data/malaria/raw/cell_images/Parasitized/C182P143NThinF_IMG_20151201_172257_cell_196.png,smear,malaria,train
data/malaria/raw/cell_images/Parasitized/C133P94ThinF_IMG_20151004_155012_cell_20.png,smear,malaria,train
data/malaria/raw/cell_images/Uninfected/C225ThinF_IMG_20151112_113803_cell_115.png,smear,malaria,train
data/malaria/raw/cell_images/Uninfected/C4thin_original_IMG_20150608_165540_cell_184.png,smear,malaria,train
data/malaria/raw/cell_images/Uninfected/C234ThinF_IMG_20151112_162759_cell_152.png,smear,malaria,train
data/malaria/raw/cell_images/Uninfected/C175P136NThinF_IMG_20151127_141325_cell_32.png,smear,malaria,train
data/malaria/raw/cell_images/Parasitized/C176P137NThinF_IMG_20151201_122811_cell_145.png,smear,malaria,train
data/malaria/raw/cell_images/Parasitized/C167P128ReThinF_IMG_20151201_105354_cell_228.png,smear,malaria,train
data/malaria/raw/cell_images/Parasitized/C179P140ThinF_IMG_20151127_153852_cell_166.png,smear,malaria,train
data/malaria/raw/cell_images/Uninfected/C39P4thinF_original_IMG_20150622_111206_cell_10.png,smear,malaria,train
data/malaria/raw/cell_images/Uninfected/C148P109ThinF_IMG_20151115_112445_cell_29.png,smear,malaria,train
data/malaria/raw/cell_images/Parasitized/C48P9thinF_IMG_20150721_161412_cell_191.png,smear,malaria,train
data/malaria/raw/cell_images/Uninfected/C151P112ThinF_IMG_20151115_121942_cell_98.png,smear,malaria,train
data/malaria/raw/cell_images/Uninfected/C60P21thinF_IMG_20150803_144003_cell_29.png,smear,malaria,train
data/malaria/raw/cell_images/Uninfected/C110P71ThinF_IMG_20150930_105559_cell_97.png,smear,malaria,train
data/malaria/raw/cell_images/Parasitized/C66P27N_ThinF_IMG_20150818_164754_cell_200.png,smear,malaria,train
data/malaria/raw/cell_images/Uninfected/C92P53ThinF_IMG_20150821_151646_cell_41.png,smear,malaria,train
data/malaria/raw/cell_images/Uninfected/C88P49ThinF_IMG_20150820_150141_cell_5.png,smear,malaria,train
data/malaria/raw/cell_images/Uninfected/C48P9thinF_IMG_20150721_161055_cell_50.png,smear,malaria,train
data/malaria/raw/cell_images/Uninfected/C235ThinF_IMG_20151112_164918_cell_92.png,smear,malaria,train
data/malaria/raw/cell_images/Parasitized/C99P60ThinF_IMG_20150918_140900_cell_146.png,smear,malaria,train
data/malaria/raw/cell_images/Parasitized/C136P97ThinF_IMG_20151005_142437_cell_108.png,smear,malaria,train
data/malaria/raw/cell_images/Parasitized/C137P98ThinF_IMG_20151005_161306_cell_16.png,smear,malaria,train
data/malaria/raw/cell_images/Uninfected/C150P111ThinF_IMG_20151115_120244_cell_122.png,smear,malaria,train
data/malaria/raw/cell_images/Parasitized/C46P7ThinF_IMG_20151130_205558_cell_147.png,smear,malaria,train
data/malaria/raw/cell_images/Uninfected/C231ThinF_IMG_20151112_153359_cell_30.png,smear,malaria,train
data/malaria/raw/cell_images/Parasitized/C140P101ThinF_IMG_20151005_205922_cell_191.png,smear,malaria,train
data/malaria/raw/cell_images/Parasitized/C136P97ThinF_IMG_20151005_141946_cell_115.png,smear,malaria,train
data/malaria/raw/cell_images/Parasitized/C184P145ThinF_IMG_20151203_102405_cell_143.png,smear,malaria,train
data/malaria/raw/cell_images/Uninfected/C73P34_ThinF_IMG_20150815_111501_cell_119.png,smear,malaria,train
data/malaria/raw/cell_images/Uninfected/C116P77ThinF_IMG_20150930_171558_cell_1.png,smear,malaria,train
data/malaria/raw/cell_images/Parasitized/C86P47ThinF_IMG_20150820_125057_cell_220.png,smear,malaria,train
data/malaria/raw/cell_images/Parasitized/C149P110ThinF_IMG_20151115_115154_cell_251.png,smear,malaria,train
data/malaria/raw/cell_images/Parasitized/C99P60ThinF_IMG_20150918_140900_cell_126.png,smear,malaria,train
data/malaria/raw/cell_images/Uninfected/C214ThinF_IMG_20151106_114611_cell_229.png,smear,malaria,train
data/malaria/raw/cell_images/Uninfected/C228ThinF_IMG_20151112_142452_cell_251.png,smear,malaria,train
data/malaria/raw/cell_images/Parasitized/C129P90ThinF_IMG_20151004_134636_cell_20.png,smear,malaria,train
data/malaria/raw/cell_images/Parasitized/C66P27N_ThinF_IMG_20150818_163419_cell_201.png,smear,malaria,train
data/malaria/raw/cell_images/Parasitized/C78P39ThinF_IMG_20150606_104936_cell_174.png,smear,malaria,train
data/malaria/raw/cell_images/Uninfected/C141P102ThinF_IMG_20151005_214033_cell_21.png,smear,malaria,train
data/malaria/raw/cell_images/Parasitized/C183P144NThinF_IMG_20151201_223208_cell_118.png,smear,malaria,train
data/malaria/raw/cell_images/Parasitized/C182P143NThinF_IMG_20151201_172257_cell_169.png,smear,malaria,train
data/malaria/raw/cell_images/Parasitized/C68P29N_ThinF_IMG_20150819_134712_cell_3.png,smear,malaria,train
data/malaria/raw/cell_images/Parasitized/C182P143NThinF_IMG_20151201_172524_cell_169.png,smear,malaria,train
data/malaria/raw/cell_images/Parasitized/C154P115ThinF_IMG_20151115_141837_cell_204.png,smear,malaria,train
data/malaria/raw/cell_images/Uninfected/C65P26N_ThinF_IMG_20150818_154714_cell_63.png,smear,malaria,train
data/malaria/raw/cell_images/Uninfected/C13NThinF_IMG_20150614_131617_cell_22.png,smear,malaria,train
data/malaria/raw/cell_images/Parasitized/C130P91ThinF_IMG_20151004_142951_cell_152.png,smear,malaria,train
data/malaria/raw/cell_images/Uninfected/C240ThinF_IMG_20151127_115328_cell_159.png,smear,malaria,train
data/malaria/raw/cell_images/Parasitized/C140P101ThinF_IMG_20151005_211735_cell_150.png,smear,malaria,train
data/malaria/raw/cell_images/Uninfected/C52P13thinF_IMG_20150725_130013_cell_119.png,smear,malaria,train
data/malaria/raw/cell_images/Uninfected/C164P125ThinF_IMG_20151116_120135_cell_44.png,smear,malaria,train
data/malaria/raw/cell_images/Uninfected/C84P45ThinF_IMG_20150818_104156_cell_80.png,smear,malaria,train
data/malaria/raw/cell_images/Uninfected/C119P80ThinF_IMG_20151002_124304_cell_112.png,smear,malaria,train
data/malaria/raw/cell_images/Uninfected/C68P29N_ThinF_IMG_20150819_134326_cell_21.png,smear,malaria,train
data/malaria/raw/cell_images/Uninfected/C213ThinF_IMG_20151106_112853_cell_66.png,smear,malaria,train
data/malaria/raw/cell_images/Parasitized/C59P20thinF_IMG_20150803_112733_cell_205.png,smear,malaria,train
data/malaria/raw/cell_images/Uninfected/C59P20thinF_IMG_20150803_111244_cell_85.png,smear,malaria,train
data/malaria/raw/cell_images/Parasitized/C129P90ThinF_IMG_20151004_133244_cell_115.png,smear,malaria,train
data/malaria/raw/cell_images/Parasitized/C182P143NThinF_IMG_20151201_172257_cell_144.png,smear,malaria,train
data/malaria/raw/cell_images/Uninfected/C221ThinF_IMG_20151106_160653_cell_94.png,smear,malaria,train
data/malaria/raw/cell_images/Parasitized/C51AP12thinF_IMG_20150724_162636_cell_77.png,smear,malaria,train
data/malaria/raw/cell_images/Uninfected/C13NThinF_IMG_20150614_131457_cell_208.png,smear,malaria,train
data/malaria/raw/cell_images/Parasitized/C118P79ThinF_IMG_20151002_110942_cell_14.png,smear,malaria,train
data/malaria/raw/cell_images/Parasitized/C137P98ThinF_IMG_20151005_163218_cell_85.png,smear,malaria,train
data/malaria/raw/cell_images/Parasitized/C136P97ThinF_IMG_20151005_143743_cell_113.png,smear,malaria,train
data/malaria/raw/cell_images/Parasitized/C68P29N_ThinF_IMG_20150819_134504_cell_159.png,smear,malaria,train
data/malaria/raw/cell_images/Uninfected/C74P35_ThinF_IMG_20150815_114153_cell_19.png,smear,malaria,train
data/malaria/raw/cell_images/Parasitized/C69P30N_ThinF_IMG_20150819_135613_cell_243.png,smear,malaria,train
data/malaria/raw/cell_images/Uninfected/C188P149ThinF_IMG_20151203_134229_cell_21.png,smear,malaria,train
data/malaria/raw/cell_images/Uninfected/C37BP2_thinF_IMG_20150620_133111a_cell_81.png,smear,malaria,train
data/malaria/raw/cell_images/Uninfected/C55P16thinF_IMG_20150728_123237_cell_161.png,smear,malaria,train
data/malaria/raw/cell_images/Parasitized/C137P98ThinF_IMG_20151005_163335_cell_12.png,smear,malaria,train
data/malaria/raw/cell_images/Uninfected/C138P99ThinF_IMG_20151005_171940_cell_153.png,smear,malaria,train
data/malaria/raw/cell_images/Uninfected/C185P146ThinF_IMG_20151203_111121_cell_71.png,smear,malaria,train
data/malaria/raw/cell_images/Parasitized/C59P20thinF_IMG_20150803_111333_cell_180.png,smear,malaria,train
data/malaria/raw/cell_images/Parasitized/C99P60ThinF_IMG_20150918_141857_cell_5.png,smear,malaria,train
data/malaria/raw/cell_images/Parasitized/C182P143NThinF_IMG_20151201_172607_cell_29.png,smear,malaria,train
data/malaria/raw/cell_images/Parasitized/C68P29N_ThinF_IMG_20150819_134712_cell_42.png,smear,malaria,train
data/malaria/raw/cell_images/Parasitized/C84P45ThinF_IMG_20150818_102009_cell_4.png,smear,malaria,train
data/malaria/raw/cell_images/Uninfected/C117P78ThinF_IMG_20150930_221927_cell_28.png,smear,malaria,train
data/malaria/raw/cell_images/Uninfected/C227ThinF_IMG_20151112_135308_cell_54.png,smear,malaria,train
data/malaria/raw/cell_images/Uninfected/C95P56ThinF_IMG_20150821_172351_cell_97.png,smear,malaria,train
data/malaria/raw/cell_images/Parasitized/C175P136NThinF_IMG_20151127_141428_cell_224.png,smear,malaria,train
data/malaria/raw/cell_images/Parasitized/C80P41ThinF_IMG_20150817_110608_cell_145.png,smear,malaria,train
data/malaria/raw/cell_images/Uninfected/C178P139NThinF_IMG_20151201_155012_cell_20.png,smear,malaria,train
data/malaria/raw/cell_images/Parasitized/C177P138NThinF_IMG_20151201_143025_cell_179.png,smear,malaria,train
data/malaria/raw/cell_images/Parasitized/C182P143NThinF_IMG_20151201_172057_cell_166.png,smear,malaria,train
data/malaria/raw/cell_images/Uninfected/C238NThinF_IMG_20151207_114653_cell_133.png,smear,malaria,train
data/malaria/raw/cell_images/Uninfected/C230ThinF_IMG_20151112_150329_cell_232.png,smear,malaria,train
data/malaria/raw/cell_images/Parasitized/C70P31_ThinF_IMG_20150819_141327_cell_77.png,smear,malaria,val
data/malaria/raw/cell_images/Parasitized/C68P29N_ThinF_IMG_20150819_133350_cell_188.png,smear,malaria,val
data/malaria/raw/cell_images/Parasitized/C68P29N_ThinF_IMG_20150819_134830_cell_26.png,smear,malaria,val
data/malaria/raw/cell_images/Parasitized/C184P145ThinF_IMG_20151203_102543_cell_169.png,smear,malaria,val
data/malaria/raw/cell_images/Parasitized/C137P98ThinF_IMG_20151005_162010_cell_91.png,smear,malaria,val
data/malaria/raw/cell_images/Uninfected/C98P59ThinF_IMG_20150917_153311_cell_149.png,smear,malaria,val
data/malaria/raw/cell_images/Parasitized/C68P29N_ThinF_IMG_20150819_134504_cell_113.png,smear,malaria,val
data/malaria/raw/cell_images/Parasitized/C180P141NThinF_IMG_20151201_163702_cell_184.png,smear,malaria,val
data/malaria/raw/cell_images/Uninfected/C84P45ThinF_IMG_20150818_101226_cell_10.png,smear,malaria,val
data/malaria/raw/cell_images/Parasitized/C48P9thinF_IMG_20150721_160406_cell_247.png,smear,malaria,val
data/malaria/raw/cell_images/Uninfected/C137P98ThinF_IMG_20151005_163251_cell_12.png,smear,malaria,val
data/malaria/raw/cell_images/Parasitized/C175P136NThinF_IMG_20151127_142326_cell_236.png,smear,malaria,val
data/malaria/raw/cell_images/Parasitized/C100P61ThinF_IMG_20150918_144104_cell_171.png,smear,malaria,val
data/malaria/raw/cell_images/Uninfected/C61P22N_ThinF_IMG_20150818_112433_cell_38.png,smear,malaria,val
data/malaria/raw/cell_images/Uninfected/C90P51ThinF_IMG_20150821_115310_cell_77.png,smear,malaria,val
data/malaria/raw/cell_images/Parasitized/C99P60ThinF_IMG_20150918_141314_cell_101.png,smear,malaria,val
data/malaria/raw/cell_images/Uninfected/C103P64ThinF_IMG_20150918_165016_cell_130.png,smear,malaria,val
data/malaria/raw/cell_images/Uninfected/C95P56ThinF_IMG_20150821_171242_cell_91.png,smear,malaria,val
data/malaria/raw/cell_images/Parasitized/C91P52ThinF_IMG_20150821_125423_cell_26.png,smear,malaria,val
data/malaria/raw/cell_images/Parasitized/C143P104ThinF_IMG_20151005_225454_cell_184.png,smear,malaria,val
data/malaria/raw/cell_images/Uninfected/C106P67ThinF_IMG_20150924_102826_cell_137.png,smear,malaria,val
data/malaria/raw/cell_images/Uninfected/C146P107ThinF_IMG_20151018_140342_cell_214.png,smear,malaria,val
data/malaria/raw/cell_images/Uninfected/C52P13thinF_IMG_20150725_123938_cell_171.png,smear,malaria,val
data/malaria/raw/cell_images/Uninfected/C184P145ThinF_IMG_20151203_103114_cell_37.png,smear,malaria,val
data/malaria/raw/cell_images/Uninfected/C129P90ThinF_IMG_20151004_133921_cell_96.png,smear,malaria,val
data/malaria/raw/cell_images/Parasitized/C131P92ThinF_IMG_20151004_151001_cell_126.png,smear,malaria,val
data/malaria/raw/cell_images/Uninfected/C176P137NThinF_IMG_20151201_122444_cell_36.png,smear,malaria,val
data/malaria/raw/cell_images/Parasitized/C51AP12thinF_IMG_20150724_161126_cell_116.png,smear,malaria,val
data/malaria/raw/cell_images/Parasitized/C91P52ThinF_IMG_20150821_124311_cell_5.png,smear,malaria,val
data/malaria/raw/cell_images/Parasitized/C101P62ThinF_IMG_20150918_155731_cell_63.png,smear,malaria,val
data/malaria/raw/cell_images/Parasitized/C84P45ThinF_IMG_20150818_104849_cell_14.png,smear,malaria,val
data/malaria/raw/cell_images/Parasitized/C182P143NThinF_IMG_20151201_172057_cell_171.png,smear,malaria,val
data/malaria/raw/cell_images/Uninfected/C87P48ThinF_IMG_20150820_132514_cell_150.png,smear,malaria,val
data/malaria/raw/cell_images/Parasitized/C97P58ThinF_IMG_20150917_151437_cell_158.png,smear,malaria,val
data/malaria/raw/cell_images/Parasitized/C156P117ThinF_IMG_20151115_154022_cell_277.png,smear,malaria,val
data/malaria/raw/cell_images/Parasitized/C92P53ThinF_IMG_20150821_151224_cell_210.png,smear,malaria,val
data/malaria/raw/cell_images/Parasitized/C80P41ThinF_IMG_20150817_112557_cell_15.png,smear,malaria,val
data/malaria/raw/cell_images/Parasitized/C129P90ThinF_IMG_20151004_133703_cell_92.png,smear,malaria,val
data/malaria/raw/cell_images/Parasitized/C144P105ThinF_IMG_20151015_163142_cell_311.png,smear,malaria,val
data/malaria/raw/cell_images/Parasitized/C67P28N_ThinF_IMG_20150819_121053_cell_235.png,smear,malaria,val
data/malaria/raw/cell_images/Parasitized/C124P85ThinF_IMG_20151002_155101_cell_170.png,smear,malaria,val
data/malaria/raw/cell_images/Uninfected/C51AP12thinF_IMG_20150724_155046_cell_35.png,smear,malaria,val
data/malaria/raw/cell_images/Parasitized/C132P93ThinF_IMG_20151004_151733_cell_139.png,smear,malaria,val
data/malaria/raw/cell_images/Parasitized/C68P29N_ThinF_IMG_20150819_133236_cell_136.png,smear,malaria,val
data/malaria/raw/cell_images/Uninfected/C33P1thinF_IMG_20150619_121229a_cell_46.png,smear,malaria,val
data/malaria/raw/cell_images/Uninfected/C5NThinF_IMG_20150609_122108_cell_163.png,smear,malaria,val
data/malaria/raw/cell_images/Uninfected/C223ThinF_IMG_20151112_103809_cell_57.png,smear,malaria,val
data/malaria/raw/cell_images/Uninfected/C151P112ThinF_IMG_20151115_122342_cell_39.png,smear,malaria,val
data/malaria/raw/cell_images/Parasitized/C183P144NThinF_IMG_20151201_222917_cell_157.png,smear,malaria,val
data/malaria/raw/cell_images/Parasitized/C117P78ThinF_IMG_20150930_214511_cell_91.png,smear,malaria,val
data/malaria/raw/cell_images/Uninfected/C149P110ThinF_IMG_20151115_114629_cell_241.png,smear,malaria,val
data/malaria/raw/cell_images/Uninfected/C182P143NThinF_IMG_20151201_172057_cell_107.png,smear,malaria,val
data/malaria/raw/cell_images/Parasitized/C80P41ThinF_IMG_20150817_111544_cell_126.png,smear,malaria,val
data/malaria/raw/cell_images/Parasitized/C129P90ThinF_IMG_20151004_133538_cell_86.png,smear,malaria,val
data/malaria/raw/cell_images/Parasitized/C60P21thinF_IMG_20150804_113011_cell_6.png,smear,malaria,val
data/malaria/raw/cell_images/Parasitized/C67P28N_ThinF_IMG_20150819_132441_cell_170.png,smear,malaria,val
data/malaria/raw/cell_images/Parasitized/C91P52ThinF_IMG_20150821_124311_cell_39.png,smear,malaria,val
data/malaria/raw/cell_images/Uninfected/C226ThinF_IMG_20151112_131731_cell_43.png,smear,malaria,val
data/malaria/raw/cell_images/Uninfected/C233ThinF_IMG_20151112_160129_cell_44.png,smear,malaria,val
data/malaria/raw/cell_images/Parasitized/C174P135NThinF_IMG_20151127_135342_cell_220.png,smear,malaria,val
data/malaria/raw/cell_images/Uninfected/C219ThinF_IMG_20151106_145927_cell_183.png,smear,malaria,val
data/malaria/raw/cell_images/Parasitized/C149P110ThinF_IMG_20151115_114555_cell_303.png,smear,malaria,val
data/malaria/raw/cell_images/Parasitized/C118P79ThinF_IMG_20151002_105735_cell_155.png,smear,malaria,val
data/malaria/raw/cell_images/Uninfected/C218ThinF_IMG_20151106_144143_cell_9.png,smear,malaria,val
data/malaria/raw/cell_images/Uninfected/C37BP2_thinF_IMG_20150620_132847a_cell_7.png,smear,malaria,val
data/malaria/raw/cell_images/Parasitized/C132P93ThinF_IMG_20151004_152808_cell_10.png,smear,malaria,val
data/malaria/raw/cell_images/Uninfected/C59P20thinF_IMG_20150803_112858_cell_77.png,smear,malaria,val
data/malaria/raw/cell_images/Uninfected/C188P149ThinF_IMG_20151203_135433_cell_3.png,smear,malaria,val
data/malaria/raw/cell_images/Parasitized/C118P79ThinF_IMG_20151002_110212_cell_12.png,smear,malaria,val
data/malaria/raw/cell_images/Uninfected/C46P7ThinF_IMG_20151130_210743_cell_36.png,smear,malaria,val
data/malaria/raw/cell_images/Uninfected/C230ThinF_IMG_20151112_150730_cell_67.png,smear,malaria,val
data/malaria/raw/cell_images/Parasitized/C140P101ThinF_IMG_20151005_205406_cell_161.png,smear,malaria,val
data/malaria/raw/cell_images/Uninfected/C134P95ThinF_IMG_20151005_121834_cell_108.png,smear,malaria,val
data/malaria/raw/cell_images/Uninfected/C54P15thinF_IMG_20150728_112832_cell_171.png,smear,malaria,val
data/malaria/raw/cell_images/Parasitized/C180P141NThinF_IMG_20151201_165453_cell_5.png,smear,malaria,val
data/malaria/raw/cell_images/Parasitized/C82P43ThinF_IMG_20150817_124728_cell_17.png,smear,malaria,val
data/malaria/raw/cell_images/Parasitized/C179P140ThinF_IMG_20151127_153420_cell_174.png,smear,malaria,val
data/malaria/raw/cell_images/Parasitized/C99P60ThinF_IMG_20150918_140900_cell_123.png,smear,malaria,val
data/malaria/raw/cell_images/Parasitized/C116P77ThinF_IMG_20150930_171739_cell_89.png,smear,malaria,val
data/malaria/raw/cell_images/Parasitized/C137P98ThinF_IMG_20151005_162348_cell_2.png,smear,malaria,val
data/malaria/raw/cell_images/Parasitized/C59P20thinF_IMG_20150803_113430_cell_7.png,smear,malaria,val
data/malaria/raw/cell_images/Uninfected/C89P50ThinF_IMG_20150820_162504_cell_67.png,smear,malaria,val
data/malaria/raw/cell_images/Uninfected/C235ThinF_IMG_20151112_164625_cell_236.png,smear,malaria,val
data/malaria/raw/cell_images/Uninfected/C210ThinF_IMG_20151029_162605_cell_245.png,smear,malaria,val
data/malaria/raw/cell_images/Uninfected/C78P39ThinF_IMG_20150606_103459_cell_108.png,smear,malaria,val
data/malaria/raw/cell_images/Uninfected/C175P136NThinF_IMG_20151127_142009_cell_193.png,smear,malaria,val
data/malaria/raw/cell_images/Uninfected/C109P70ThinF_IMG_20150930_102716_cell_63.png,smear,malaria,val
data/malaria/raw/cell_images/Uninfected/C120P81ThinF_IMG_20151002_130715_cell_139.png,smear,malaria,val
data/malaria/raw/cell_images/Parasitized/C137P98ThinF_IMG_20151005_163335_cell_2.png,smear,malaria,val
data/malaria/raw/cell_images/Uninfected/C133P94ThinF_IMG_20151004_155331_cell_65.png,smear,malaria,val
data/malaria/raw/cell_images/Uninfected/C54P15thinF_IMG_20150728_105949_cell_126.png,smear,malaria,val
data/malaria/raw/cell_images/Parasitized/C176P137NThinF_IMG_20151201_121030_cell_12.png,smear,malaria,val
data/malaria/raw/cell_images/Parasitized/C174P135NThinF_IMG_20151127_135435_cell_200.png,smear,malaria,val
data/malaria/raw/cell_images/Parasitized/C175P136NThinF_IMG_20151127_141325_cell_228.png,smear,malaria,val
data/malaria/raw/cell_images/Parasitized/C76P37ThinF_IMG_20150815_165356_cell_181.png,smear,malaria,val
data/malaria/raw/cell_images/Parasitized/C84P45ThinF_IMG_20150818_103817_cell_17.png,smear,malaria,val
data/malaria/raw/cell_images/Parasitized/C59P20thinF_IMG_20150803_112858_cell_166.png,smear,malaria,val
data/malaria/raw/cell_images/Parasitized/C118P79ThinF_IMG_20151002_104831_cell_158.png,smear,malaria,val
data/malaria/raw/cell_images/Uninfected/C154P115ThinF_IMG_20151115_141621_cell_153.png,smear,malaria,val
data/malaria/raw/cell_images/Parasitized/C123P84ThinF_IMG_20151002_151143_cell_189.png,smear,malaria,val
data/malaria/raw/cell_images/Uninfected/C180P141NThinF_IMG_20151201_164714_cell_123.png,smear,malaria,val
data/malaria/raw/cell_images/Uninfected/C93P54ThinF_IMG_20150821_162901_cell_37.png,smear,malaria,val
data/malaria/raw/cell_images/Uninfected/C210ThinF_IMG_20151029_162605_cell_213.png,smear,malaria,val
data/malaria/raw/cell_images/Uninfected/C172P133ThinF_IMG_20151119_155019_cell_107.png,smear,malaria,val
data/malaria/raw/cell_images/Parasitized/C80P41ThinF_IMG_20150817_110957_cell_132.png,smear,malaria,val
data/malaria/raw/cell_images/Uninfected/C54P15thinF_IMG_20150728_112832_cell_22.png,smear,malaria,val
data/malaria/raw/cell_images/Parasitized/C180P141NThinF_IMG_20151201_163751_cell_157.png,smear,malaria,val
data/malaria/raw/cell_images/Parasitized/C119P80ThinF_IMG_20151002_122720_cell_166.png,smear,malaria,val
data/malaria/raw/cell_images/Parasitized/C68P29N_ThinF_IMG_20150819_134830_cell_4.png,smear,malaria,val
data/malaria/raw/cell_images/Parasitized/C184P145ThinF_IMG_20151203_102721_cell_18.png,smear,malaria,val
data/malaria/raw/cell_images/Parasitized/C129P90ThinF_IMG_20151004_133703_cell_107.png,smear,malaria,val
data/malaria/raw/cell_images/Parasitized/C99P60ThinF_IMG_20150918_141857_cell_51.png,smear,malaria,val
data/malaria/raw/cell_images/Uninfected/C97P58ThinF_IMG_20150917_151512_cell_7.png,smear,malaria,val
data/malaria/raw/cell_images/Parasitized/C116P77ThinF_IMG_20150930_171558_cell_106.png,smear,malaria,val
data/malaria/raw/cell_images/Uninfected/C113P74ThinF_IMG_20150930_134751_cell_51.png,smear,malaria,val
data/malaria/raw/cell_images/Parasitized/C189P150ThinF_IMG_20151203_141308_cell_71.png,smear,malaria,val
data/malaria/raw/cell_images/Uninfected/C57P18thinF_IMG_20150729_110134_cell_91.png,smear,malaria,val
data/malaria/raw/cell_images/Uninfected/C134P95ThinF_IMG_20151005_121425_cell_53.png,smear,malaria,val
data/malaria/raw/cell_images/Parasitized/C167P128ReThinF_IMG_20151201_105102_cell_247.png,smear,malaria,val
data/malaria/raw/cell_images/Uninfected/C186P147NThinF_IMG_20151203_150808_cell_39.png,smear,malaria,val
data/malaria/raw/cell_images/Parasitized/C76P37ThinF_IMG_20150815_171454_cell_255.png,smear,malaria,val
data/malaria/raw/cell_images/Uninfected/C77P38ThinF_IMG_20150601_155125_cell_1.png,smear,malaria,val
data/malaria/raw/cell_images/Uninfected/C149P110ThinF_IMG_20151115_114729_cell_179.png,smear,malaria,val
data/malaria/raw/cell_images/Uninfected/C163P124ThinF_IMG_20151116_111742_cell_248.png,smear,malaria,val
data/malaria/raw/cell_images/Uninfected/C172P133ThinF_IMG_20151119_154936_cell_83.png,smear,malaria,val
data/malaria/raw/cell_images/Uninfected/C87P48ThinF_IMG_20150820_132327_cell_102.png,smear,malaria,val
data/malaria/raw/cell_images/Uninfected/C170P131ThinF_IMG_20151119_120019_cell_154.png,smear,malaria,val
data/malaria/raw/cell_images/Uninfected/C218ThinF_IMG_20151106_144001_cell_107.png,smear,malaria,val
data/malaria/raw/cell_images/Uninfected/C188P149ThinF_IMG_20151203_135433_cell_53.png,smear,malaria,val
data/malaria/raw/cell_images/Uninfected/C104P65ThinF_IMG_20150918_172214_cell_134.png,smear,malaria,val
data/malaria/raw/cell_images/Uninfected/C87P48ThinF_IMG_20150820_141913_cell_172.png,smear,malaria,val
data/malaria/raw/cell_images/Parasitized/C84P45ThinF_IMG_20150818_104849_cell_24.png,smear,malaria,val
data/malaria/raw/cell_images/Parasitized/C59P20thinF_IMG_20150803_115303_cell_14.png,smear,malaria,val
data/malaria/raw/cell_images/Parasitized/C68P29N_ThinF_IMG_20150819_134625_cell_30.png,smear,malaria,val
data/malaria/raw/cell_images/Parasitized/C186P147NThinF_IMG_20151203_150557_cell_192.png,smear,malaria,val
data/malaria/raw/cell_images/Parasitized/C144P105ThinF_IMG_20151015_160908_cell_285.png,smear,malaria,val
data/malaria/raw/cell_images/Uninfected/C241NThinF_IMG_20151207_124208_cell_68.png,smear,malaria,val
data/malaria/raw/cell_images/Uninfected/C233ThinF_IMG_20151112_161024_cell_76.png,smear,malaria,val
data/malaria/raw/cell_images/Uninfected/C151P112ThinF_IMG_20151115_122342_cell_123.png,smear,malaria,val
data/malaria/raw/cell_images/Uninfected/C130P91ThinF_IMG_20151004_142709_cell_119.png,smear,malaria,val
data/malaria/raw/cell_images/Uninfected/C50P11thinF_IMG_20150724_115141_cell_1.png,smear,malaria,val
data/malaria/raw/cell_images/Parasitized/C99P60ThinF_IMG_20150918_140900_cell_115.png,smear,malaria,val
data/malaria/raw/cell_images/Parasitized/C180P141NThinF_IMG_20151201_165453_cell_54.png,smear,malaria,val
data/malaria/raw/cell_images/Parasitized/C136P97ThinF_IMG_20151005_140538_cell_97.png,smear,malaria,val
data/malaria/raw/cell_images/Parasitized/C159P120ThinF_IMG_20151115_191301_cell_229.png,smear,malaria,val
data/malaria/raw/cell_images/Parasitized/C147P108ThinF_IMG_20151115_101317_cell_193.png,smear,malaria,val
data/malaria/raw/cell_images/Parasitized/C182P143NThinF_IMG_20151201_172607_cell_31.png,smear,malaria,val
data/malaria/raw/cell_images/Parasitized/C162P123ThinF_IMG_20151116_104736_cell_181.png,smear,malaria,val
data/malaria/raw/cell_images/Parasitized/C184P145ThinF_IMG_20151203_104153_cell_156.png,smear,malaria,val
data/malaria/raw/cell_images/Uninfected/C234ThinF_IMG_20151112_163036_cell_281.png,smear,malaria,val
data/malaria/raw/cell_images/Uninfected/C65P26N_ThinF_IMG_20150818_154010_cell_87.png,smear,malaria,val
data/malaria/raw/cell_images/Uninfected/C115P76ThinF_IMG_20150930_162038_cell_121.png,smear,malaria,val
data/malaria/raw/cell_images/Parasitized/C102P63ThinF_IMG_20150918_162155_cell_132.png,smear,malaria,val
data/malaria/raw/cell_images/Parasitized/C39P4thinF_original_IMG_20150622_110435_cell_96.png,smear,malaria,val
data/malaria/raw/cell_images/Uninfected/C186P147NThinF_IMG_20151203_150408_cell_9.png,smear,malaria,val
data/malaria/raw/cell_images/Parasitized/C68P29N_ThinF_IMG_20150819_133350_cell_191.png,smear,malaria,val
data/malaria/raw/cell_images/Parasitized/C137P98ThinF_IMG_20151005_162010_cell_87.png,smear,malaria,val
data/malaria/raw/cell_images/Parasitized/C68P29N_ThinF_IMG_20150819_133350_cell_161.png,smear,malaria,val
data/malaria/raw/cell_images/Uninfected/C231ThinF_IMG_20151112_153041_cell_54.png,smear,malaria,val
data/malaria/raw/cell_images/Uninfected/C71P32_ThinF_IMG_20150813_163655_cell_140.png,smear,malaria,val
data/malaria/raw/cell_images/Parasitized/C137P98ThinF_IMG_20151005_155704_cell_69.png,smear,malaria,val
data/malaria/raw/cell_images/Uninfected/C108P69ThinF_IMG_20150924_225004_cell_46.png,smear,malaria,val
data/malaria/raw/cell_images/Parasitized/C68P29N_ThinF_IMG_20150819_133447_cell_147.png,smear,malaria,val
data/malaria/raw/cell_images/Uninfected/C205ThinF_IMG_20151106_151800_cell_152.png,smear,malaria,val
data/malaria/raw/cell_images/Uninfected/C177P138NThinF_IMG_20151201_143704_cell_14.png,smear,malaria,val
data/malaria/raw/cell_images/Parasitized/C39P4thinF_original_IMG_20150622_110435_cell_104.png,smear,malaria,val
data/malaria/raw/cell_images/Uninfected/C88P49ThinF_IMG_20150820_150724_cell_190.png,smear,malaria,val
data/malaria/raw/cell_images/Parasitized/C76P37ThinF_IMG_20150815_171214_cell_202.png,smear,malaria,val
data/malaria/raw/cell_images/Parasitized/C182P143NThinF_IMG_20151201_172759_cell_39.png,smear,malaria,val
data/malaria/raw/cell_images/Parasitized/C68P29N_ThinF_IMG_20150819_134712_cell_2.png,smear,malaria,val
data/malaria/raw/cell_images/Uninfected/C174P135NThinF_IMG_20151127_135342_cell_209.png,smear,malaria,val
data/malaria/raw/cell_images/Parasitized/C91P52ThinF_IMG_20150821_125154_cell_216.png,smear,malaria,val
data/malaria/raw/cell_images/Parasitized/C136P97ThinF_IMG_20151005_141803_cell_129.png,smear,malaria,val
data/malaria/raw/cell_images/Uninfected/C106P67ThinF_IMG_20150924_104044_cell_159.png,smear,malaria,val
data/malaria/raw/cell_images/Uninfected/C81P42ThinF_IMG_20150817_120351_cell_1.png,smear,malaria,val
data/malaria/raw/cell_images/Parasitized/C137P98ThinF_IMG_20151005_160256_cell_67.png,smear,malaria,val
data/malaria/raw/cell_images/Uninfected/C187P148NThinF_IMG_20151203_152841_cell_139.png,smear,malaria,val
data/malaria/raw/cell_images/Uninfected/C82P43ThinF_IMG_20150817_123824_cell_167.png,smear,malaria,val
data/malaria/raw/cell_images/Parasitized/C67P28N_ThinF_IMG_20150819_125901_cell_242.png,smear,malaria,val
data/malaria/raw/cell_images/Parasitized/C48P9thinF_IMG_20150721_160406_cell_209.png,smear,malaria,val
data/malaria/raw/cell_images/Parasitized/C70P31_ThinF_IMG_20150819_141730_cell_106.png,smear,malaria,val
data/malaria/raw/cell_images/Uninfected/C179P140ThinF_IMG_20151127_153436_cell_108.png,smear,malaria,val
data/malaria/raw/cell_images/Uninfected/C57P18thinF_IMG_20150729_111518_cell_190.png,smear,malaria,val
data/malaria/raw/cell_images/Parasitized/C68P29N_ThinF_IMG_20150819_134830_cell_6.png,smear,malaria,val
data/malaria/raw/cell_images/Uninfected/C12NThinF_IMG_20150614_124212_cell_111.png,smear,malaria,val
data/malaria/raw/cell_images/Parasitized/C189P150ThinF_IMG_20151203_141406_cell_94.png,smear,malaria,val
data/malaria/raw/cell_images/Uninfected/C53P14thinF_IMG_20150726_114404_cell_42.png,smear,malaria,val
data/malaria/raw/cell_images/Parasitized/C101P62ThinF_IMG_20150923_170246_cell_69.png,smear,malaria,val
data/malaria/raw/cell_images/Parasitized/C91P52ThinF_IMG_20150821_124937_cell_191.png,smear,malaria,val
data/malaria/raw/cell_images/Uninfected/C226ThinF_IMG_20151112_131622_cell_154.png,smear,malaria,val
data/malaria/raw/cell_images/Parasitized/C182P143NThinF_IMG_20151201_172216_cell_150.png,smear,malaria,val
data/malaria/raw/cell_images/Parasitized/C91P52ThinF_IMG_20150821_124739_cell_183.png,smear,malaria,val
data/malaria/raw/cell_images/Parasitized/C154P115ThinF_IMG_20151115_141336_cell_229.png,smear,malaria,val
data/malaria/raw/cell_images/Uninfected/C173P134NThinF_IMG_20151130_125408_cell_185.png,smear,malaria,val
data/malaria/raw/cell_images/Parasitized/C114P75ThinF_IMG_20150930_150145_cell_160.png,smear,malaria,val
data/malaria/raw/cell_images/Parasitized/C166P127ThinF_IMG_20151117_194932_cell_227.png,smear,malaria,val
data/malaria/raw/cell_images/Uninfected/C103P64ThinF_IMG_20150918_165510_cell_163.png,smear,malaria,val
data/malaria/raw/cell_images/Uninfected/C77P38ThinF_IMG_20150602_143524_cell_49.png,smear,malaria,val
data/malaria/raw/cell_images/Parasitized/C39P4thinF_original_IMG_20150622_111942_cell_11.png,smear,malaria,val
data/malaria/raw/cell_images/Uninfected/C176P137NThinF_IMG_20151201_121808_cell_35.png,smear,malaria,val
data/malaria/raw/cell_images/Parasitized/C182P143NThinF_IMG_20151201_171905_cell_171.png,smear,malaria,val
data/malaria/raw/cell_images/Parasitized/C99P60ThinF_IMG_20150918_140900_cell_103.png,smear,malaria,val
data/malaria/raw/cell_images/Parasitized/C133P94ThinF_IMG_20151004_155518_cell_123.png,smear,malaria,val
data/malaria/raw/cell_images/Parasitized/C132P93ThinF_IMG_20151004_152353_cell_182.png,smear,malaria,val
data/malaria/raw/cell_images/Uninfected/C121P82ThinF_IMG_20151002_135237_cell_102.png,smear,malaria,val
data/malaria/raw/cell_images/Uninfected/C157P118ThinF_IMG_20151115_164141_cell_126.png,smear,malaria,val
data/malaria/raw/cell_images/Uninfected/C134P95ThinF_IMG_20151005_122552_cell_15.png,smear,malaria,val
data/malaria/raw/cell_images/Uninfected/C95P56ThinF_IMG_20150821_172222_cell_78.png,smear,malaria,val
data/malaria/raw/cell_images/Parasitized/C182P143NThinF_IMG_20151201_171950_cell_164.png,smear,malaria,val
data/malaria/raw/cell_images/Uninfected/C116P77ThinF_IMG_20150930_171558_cell_80.png,smear,malaria,val
data/malaria/raw/cell_images/Parasitized/C59P20thinF_IMG_20150803_111333_cell_151.png,smear,malaria,val
data/malaria/raw/cell_images/Uninfected/C127P88ThinF_IMG_20151004_111755_cell_28.png,smear,malaria,val
data/malaria/raw/cell_images/Parasitized/C67P28N_ThinF_IMG_20150819_115955_cell_170.png,smear,malaria,val
data/malaria/raw/cell_images/Parasitized/C182P143NThinF_IMG_20151201_172257_cell_154.png,smear,malaria,val
data/malaria/raw/cell_images/Uninfected/C102P63ThinF_IMG_20150918_161826_cell_19.png,smear,malaria,val
data/malaria/raw/cell_images/Uninfected/C46P7ThinF_IMG_20151130_210309_cell_18.png,smear,malaria,val
data/malaria/raw/cell_images/Uninfected/C56P17thinF_IMG_20150728_153328_cell_90.png,smear,malaria,val
data/malaria/raw/cell_images/Uninfected/C88P49ThinF_IMG_20150820_150724_cell_129.png,smear,malaria,val
data/malaria/raw/cell_images/Uninfected/C239ThinF_IMG_20151127_113150_cell_128.png,smear,malaria,val
data/malaria/raw/cell_images/Parasitized/C182P143NThinF_IMG_20151201_172257_cell_197.png,smear,malaria,val
data/malaria/raw/cell_images/Parasitized/C182P143NThinF_IMG_20151201_171836_cell_182.png,smear,malaria,val
data/malaria/raw/cell_images/Uninfected/C60P21thinF_IMG_20150804_105955_cell_4.png,smear,malaria,val
data/malaria/raw/cell_images/Uninfected/C53P14thinF_IMG_20150726_120600_cell_68.png,smear,malaria,val
data/malaria/raw/cell_images/Parasitized/C84P45ThinF_IMG_20150818_102507_cell_98.png,smear,malaria,val
data/malaria/raw/cell_images/Parasitized/C37BP2_thinF_IMG_20150620_133111a_cell_86.png,smear,malaria,val
data/malaria/raw/cell_images/Uninfected/C232ThinF_IMG_20151112_154211_cell_74.png,smear,malaria,val
data/malaria/raw/cell_images/Parasitized/C158P119ThinF_IMG_20151115_183157_cell_176.png,smear,malaria,val
data/malaria/raw/cell_images/Parasitized/C113P74ThinF_IMG_20150930_134429_cell_176.png,smear,malaria,val
data/malaria/raw/cell_images/Parasitized/C181P142ThinF_IMG_20151127_160514_cell_171.png,smear,malaria,val
data/malaria/raw/cell_images/Uninfected/C55P16thinF_IMG_20150728_123510_cell_64.png,smear,malaria,val
data/malaria/raw/cell_images/Uninfected/C229ThinF_IMG_20151112_144222_cell_61.png,smear,malaria,val
data/malaria/raw/cell_images/Uninfected/C235ThinF_IMG_20151112_164625_cell_124.png,smear,malaria,val
data/malaria/raw/cell_images/Uninfected/C13NThinF_IMG_20150614_131529_cell_224.png,smear,malaria,val
data/malaria/raw/cell_images/Parasitized/C116P77ThinF_IMG_20150930_171635_cell_102.png,smear,malaria,val
data/malaria/raw/cell_images/Parasitized/C95P56ThinF_IMG_20150821_171701_cell_97.png,smear,malaria,val
data/malaria/raw/cell_images/Parasitized/C180P141NThinF_IMG_20151201_164714_cell_192.png,smear,malaria,val
data/malaria/raw/cell_images/Parasitized/C84P45ThinF_IMG_20150818_104156_cell_118.png,smear,malaria,val
data/malaria/raw/cell_images/Parasitized/C176P137NThinF_IMG_20151201_121808_cell_124.png,smear,malaria,val
data/malaria/raw/cell_images/Uninfected/C123P84ThinF_IMG_20151002_151851_cell_88.png,smear,malaria,val
data/malaria/raw/cell_images/Uninfected/C38P3thinF_original_IMG_20150621_112227_cell_100.png,smear,malaria,val
data/malaria/raw/cell_images/Uninfected/C151P112ThinF_IMG_20151115_121843_cell_203.png,smear,malaria,val
data/malaria/raw/cell_images/Uninfected/C112P73ThinF_IMG_20150930_131605_cell_143.png,smear,malaria,val
data/malaria/raw/cell_images/Uninfected/C184P145ThinF_IMG_20151203_103824_cell_49.png,smear,malaria,val
data/malaria/raw/cell_images/Parasitized/C93P54ThinF_IMG_20150821_162901_cell_204.png,smear,malaria,val
data/malaria/raw/cell_images/Uninfected/C119P80ThinF_IMG_20151002_123043_cell_67.png,smear,malaria,val
data/malaria/raw/cell_images/Parasitized/C70P31_ThinF_IMG_20150819_142744_cell_101.png,smear,malaria,val
data/malaria/raw/cell_images/Uninfected/C240ThinF_IMG_20151127_115328_cell_15.png,smear,malaria,val
data/malaria/raw/cell_images/Uninfected/C221ThinF_IMG_20151106_160304_cell_202.png,smear,malaria,val
data/malaria/raw/cell_images/Uninfected/C58P19thinF_IMG_20150802_123134_cell_172.png,smear,malaria,val
data/malaria/raw/cell_images/Parasitized/C136P97ThinF_IMG_20151005_140538_cell_103.png,smear,malaria,val
data/malaria/raw/cell_images/Uninfected/C112P73ThinF_IMG_20150930_131516_cell_1.png,smear,malaria,val
data/malaria/raw/cell_images/Uninfected/C45P6ThinF_IMG_20151130_155110_cell_136.png,smear,malaria,val
data/malaria/raw/cell_images/Uninfected/C97P58ThinF_IMG_20150917_151437_cell_29.png,smear,malaria,val
data/malaria/raw/cell_images/Parasitized/C48P9thinF_IMG_20150721_164031_cell_3.png,smear,malaria,val
data/malaria/raw/cell_images/Uninfected/C86P47ThinF_IMG_20150820_124259_cell_126.png,smear,malaria,val
data/malaria/raw/cell_images/Parasitized/C68P29N_ThinF_IMG_20150819_133447_cell_157.png,smear,malaria,val
data/malaria/raw/cell_images/Parasitized/C180P141NThinF_IMG_20151201_170021_cell_26.png,smear,malaria,val
data/malaria/raw/cell_images/Uninfected/C118P79ThinF_IMG_20151002_104831_cell_63.png,smear,malaria,val
data/malaria/raw/cell_images/Uninfected/C166P127ThinF_IMG_20151117_193931_cell_34.png,smear,malaria,val
data/malaria/raw/cell_images/Uninfected/C131P92ThinF_IMG_20151004_151126_cell_9.png,smear,malaria,val
data/malaria/raw/cell_images/Parasitized/C184P145ThinF_IMG_20151203_103824_cell_152.png,smear,malaria,val
data/malaria/raw/cell_images/Uninfected/C5NThinF_IMG_20150609_122227_cell_162.png,smear,malaria,val
data/malaria/raw/cell_images/Parasitized/C76P37ThinF_IMG_20150815_172808_cell_218.png,smear,malaria,val
data/malaria/raw/cell_images/Parasitized/C182P143NThinF_IMG_20151201_171905_cell_162.png,smear,malaria,val
data/malaria/raw/cell_images/Parasitized/C148P109ThinF_IMG_20151115_112855_cell_259.png,smear,malaria,val
data/malaria/raw/cell_images/Parasitized/C175P136NThinF_IMG_20151127_141325_cell_229.png,smear,malaria,val
data/malaria/raw/cell_images/Uninfected/C175P136NThinF_IMG_20151127_142009_cell_116.png,smear,malaria,val
data/malaria/raw/cell_images/Uninfected/C182P143NThinF_IMG_20151201_171905_cell_44.png,smear,malaria,val
data/malaria/raw/cell_images/Uninfected/C154P115ThinF_IMG_20151115_141621_cell_99.png,smear,malaria,val
data/malaria/raw/cell_images/Uninfected/C130P91ThinF_IMG_20151004_141341_cell_90.png,smear,malaria,val
data/malaria/raw/cell_images/Uninfected/C62P23N_ThinF_IMG_20150818_133527_cell_74.png,smear,malaria,val
data/malaria/raw/cell_images/Uninfected/C6NThinF_IMG_20150609_122547_cell_114.png,smear,malaria,val
data/malaria/raw/cell_images/Parasitized/C91P52ThinF_IMG_20150821_124937_cell_204.png,smear,malaria,val
data/malaria/raw/cell_images/Parasitized/C132P93ThinF_IMG_20151004_151811_cell_127.png,smear,malaria,val
data/malaria/raw/cell_images/Uninfected/C215ThinF_IMG_20151106_133043_cell_94.png,smear,malaria,val
data/malaria/raw/cell_images/Uninfected/C181P142ThinF_IMG_20151127_160539_cell_89.png,smear,malaria,val
data/malaria/raw/cell_images/Parasitized/C116P77ThinF_IMG_20150930_172112_cell_80.png,smear,malaria,val
data/malaria/raw/cell_images/Parasitized/C174P135NThinF_IMG_20151127_135311_cell_203.png,smear,malaria,val
data/malaria/raw/cell_images/Parasitized/C70P31_ThinF_IMG_20150819_142744_cell_90.png,smear,malaria,val
data/malaria/raw/cell_images/Uninfected/C60P21thinF_IMG_20150804_105955_cell_13.png,smear,malaria,val
data/malaria/raw/cell_images/Parasitized/C133P94ThinF_IMG_20151004_154512_cell_125.png,smear,malaria,val
data/malaria/raw/cell_images/Uninfected/C143P104ThinF_IMG_20151005_225454_cell_154.png,smear,malaria,val
data/malaria/raw/cell_images/Uninfected/C210ThinF_IMG_20151029_162605_cell_55.png,smear,malaria,val
data/malaria/raw/cell_images/Uninfected/C161P122ThinF_IMG_20151116_100959_cell_38.png,smear,malaria,val
data/malaria/raw/cell_images/Uninfected/C48P9thinF_IMG_20150721_161055_cell_91.png,smear,malaria,val
data/malaria/raw/cell_images/Uninfected/C63P24N_ThinF_IMG_20150818_143757_cell_169.png,smear,malaria,val
data/malaria/raw/cell_images/Parasitized/C133P94ThinF_IMG_20151004_154351_cell_113.png,smear,malaria,val
data/malaria/raw/cell_images/Uninfected/C204ThinF_IMG_20151029_112502_cell_226.png,smear,malaria,val
data/malaria/raw/cell_images/Uninfected/C7NthinF_IMG_20150611_104609_cell_81.png,smear,malaria,val
data/malaria/raw/cell_images/Uninfected/C79P40ThinF_IMG_20150817_102823_cell_144.png,smear,malaria,val
data/malaria/raw/cell_images/Uninfected/C112P73ThinF_IMG_20150930_131659_cell_94.png,smear,malaria,val
data/malaria/raw/cell_images/Parasitized/C159P120ThinF_IMG_20151115_190642_cell_196.png,smear,malaria,val
data/malaria/raw/cell_images/Uninfected/C228ThinF_IMG_20151112_142216_cell_179.png,smear,malaria,val
data/malaria/raw/cell_images/Uninfected/C203ThinF_IMG_20151029_110105_cell_136.png,smear,malaria,val
data/malaria/raw/cell_images/Parasitized/C186P147NThinF_IMG_20151203_150322_cell_172.png,smear,malaria,val
data/malaria/raw/cell_images/Parasitized/C68P29N_ThinF_IMG_20150819_133350_cell_189.png,smear,malaria,val
data/malaria/raw/cell_images/Uninfected/C184P145ThinF_IMG_20151203_103637_cell_135.png,smear,malaria,val
data/malaria/raw/cell_images/Parasitized/C68P29N_ThinF_IMG_20150819_134326_cell_123.png,smear,malaria,val
data/malaria/raw/cell_images/Uninfected/C202ThinF_IMG_20151015_152701_cell_114.png,smear,malaria,val
data/malaria/raw/cell_images/Uninfected/C203ThinF_IMG_20151029_105443_cell_58.png,smear,malaria,val
data/malaria/raw/cell_images/Parasitized/C48P9thinF_IMG_20150721_161243_cell_157.png,smear,malaria,val
data/malaria/raw/cell_images/Parasitized/C118P79ThinF_IMG_20151002_110002_cell_10.png,smear,malaria,val
data/malaria/raw/cell_images/Parasitized/C132P93ThinF_IMG_20151004_152505_cell_137.png,smear,malaria,val
data/malaria/raw/cell_images/Parasitized/C91P52ThinF_IMG_20150821_125154_cell_194.png,smear,malaria,val
data/malaria/raw/cell_images/Parasitized/C179P140ThinF_IMG_20151127_153350_cell_178.png,smear,malaria,val
data/malaria/raw/cell_images/Uninfected/C107P68ThinF_IMG_20150924_222535_cell_53.png,smear,malaria,val
data/malaria/raw/cell_images/Parasitized/C46P7ThinF_IMG_20151130_205828_cell_144.png,smear,malaria,val
data/malaria/raw/cell_images/Uninfected/C78P39ThinF_IMG_20150606_103630_cell_121.png,smear,malaria,val
data/malaria/raw/cell_images/Uninfected/C5NThinF_IMG_20150609_122006_cell_125.png,smear,malaria,val
data/malaria/raw/cell_images/Parasitized/C68P29N_ThinF_IMG_20150819_133236_cell_144.png,smear,malaria,val
data/malaria/raw/cell_images/Uninfected/C90P51ThinF_IMG_20150821_120044_cell_85.png,smear,malaria,val
data/malaria/raw/cell_images/Uninfected/C201ThinF_IMG_20150930_143129_cell_47.png,smear,malaria,val
data/malaria/raw/cell_images/Parasitized/C183P144NThinF_IMG_20151201_224458_cell_124.png,smear,malaria,val
data/malaria/raw/cell_images/Parasitized/C39P4thinF_original_IMG_20150622_113126_cell_7.png,smear,malaria,val
data/malaria/raw/cell_images/Uninfected/C235ThinF_IMG_20151112_164834_cell_130.png,smear,malaria,val
data/malaria/raw/cell_images/Uninfected/C147P108ThinF_IMG_20151115_095606_cell_2.png,smear,malaria,val
data/malaria/raw/cell_images/Uninfected/C241NThinF_IMG_20151207_124240_cell_9.png,smear,malaria,val
data/malaria/raw/cell_images/Uninfected/C134P95ThinF_IMG_20151005_121048_cell_109.png,smear,malaria,val
data/malaria/raw/cell_images/Parasitized/C137P98ThinF_IMG_20151005_163251_cell_74.png,smear,malaria,val
data/malaria/raw/cell_images/Uninfected/C211ThinF_IMG_20151029_164033_cell_91.png,smear,malaria,val
data/malaria/raw/cell_images/Uninfected/C84P45ThinF_IMG_20150818_101257_cell_4.png,smear,malaria,val
data/malaria/raw/cell_images/Parasitized/C68P29N_ThinF_IMG_20150819_134625_cell_60.png,smear,malaria,val
data/malaria/raw/cell_images/Uninfected/C108P69ThinF_IMG_20150924_225511_cell_74.png,smear,malaria,val
data/malaria/raw/cell_images/Parasitized/C116P77ThinF_IMG_20150930_172112_cell_109.png,smear,malaria,val
data/malaria/raw/cell_images/Uninfected/C163P124ThinF_IMG_20151116_111147_cell_102.png,smear,malaria,val
data/malaria/raw/cell_images/Uninfected/C80P41ThinF_IMG_20150817_110957_cell_87.png,smear,malaria,val
data/malaria/raw/cell_images/Uninfected/C229ThinF_IMG_20151112_144652_cell_83.png,smear,malaria,val
data/malaria/raw/cell_images/Parasitized/C180P141NThinF_IMG_20151201_165453_cell_47.png,smear,malaria,val
data/malaria/raw/cell_images/Parasitized/C59P20thinF_IMG_20150803_112858_cell_184.png,smear,malaria,val
data/malaria/raw/cell_images/Parasitized/C118P79ThinF_IMG_20151002_105125_cell_152.png,smear,malaria,val
data/malaria/raw/cell_images/Parasitized/C39P4thinF_original_IMG_20150622_110352_cell_96.png,smear,malaria,val
data/malaria/raw/cell_images/Uninfected/C164P125ThinF_IMG_20151116_113550_cell_133.png,smear,malaria,val
data/malaria/raw/cell_images/Uninfected/C169P130ThinF_IMG_20151119_143039_cell_165.png,smear,malaria,val
data/malaria/raw/cell_images/Uninfected/C3thin_original_IMG_20150608_163002_cell_144.png,smear,malaria,val
data/malaria/raw/cell_images/Uninfected/C63P24N_ThinF_IMG_20150818_144456_cell_88.png,smear,malaria,val
data/malaria/raw/cell_images/Parasitized/C144P105ThinF_IMG_20151015_160529_cell_272.png,smear,malaria,val
data/malaria/raw/cell_images/Parasitized/C184P145ThinF_IMG_20151203_104334_cell_1.png,smear,malaria,val
data/malaria/raw/cell_images/Uninfected/C38P3thinF_original_IMG_20150621_112116_cell_60.png,smear,malaria,val
data/malaria/raw/cell_images/Uninfected/C115P76ThinF_IMG_20150930_161825_cell_51.png,smear,malaria,val
data/malaria/raw/cell_images/Parasitized/C101P62ThinF_IMG_20150918_151335_cell_72.png,smear,malaria,val
data/malaria/raw/cell_images/Parasitized/C90P51ThinF_IMG_20150821_115056_cell_259.png,smear,malaria,val
data/malaria/raw/cell_images/Uninfected/C155P116ThinF_IMG_20151115_142526_cell_149.png,smear,malaria,val
data/malaria/raw/cell_images/Parasitized/C186P147NThinF_IMG_20151203_150408_cell_172.png,smear,malaria,val
data/malaria/raw/cell_images/Parasitized/C182P143NThinF_IMG_20151201_172759_cell_37.png,smear,malaria,val
data/malaria/raw/cell_images/Uninfected/C186P147NThinF_IMG_20151203_150808_cell_47.png,smear,malaria,val
data/malaria/raw/cell_images/Parasitized/C89P50ThinF_IMG_20150820_162153_cell_191.png,smear,malaria,val
data/malaria/raw/cell_images/Uninfected/C206ThinF_IMG_20151029_140538_cell_106.png,smear,malaria,val
data/malaria/raw/cell_images/Uninfected/C224ThinF_IMG_20151112_112334_cell_200.png,smear,malaria,val
data/malaria/raw/cell_images/Uninfected/C158P119ThinF_IMG_20151115_181558_cell_193.png,smear,malaria,val
data/malaria/raw/cell_images/Parasitized/C59P20thinF_IMG_20150803_113051_cell_164.png,smear,malaria,val
data/malaria/raw/cell_images/Uninfected/C150P111ThinF_IMG_20151115_115922_cell_128.png,smear,malaria,val
data/malaria/raw/cell_images/Uninfected/C229ThinF_IMG_20151112_144534_cell_126.png,smear,malaria,val
data/malaria/raw/cell_images/Uninfected/C103P64ThinF_IMG_20150918_165016_cell_92.png,smear,malaria,val
data/malaria/raw/cell_images/Parasitized/C153P114ThinF_IMG_20151115_135832_cell_287.png,smear,malaria,val
data/malaria/raw/cell_images/Uninfected/C130P91ThinF_IMG_20151004_135449_cell_100.png,smear,malaria,val
data/malaria/raw/cell_images/Uninfected/C104P65ThinF_IMG_20150918_172537_cell_133.png,smear,malaria,val
data/malaria/raw/cell_images/Uninfected/C98P59ThinF_IMG_20150917_153938_cell_100.png,smear,malaria,val
data/malaria/raw/cell_images/Uninfected/C169P130ThinF_IMG_20151118_173039_cell_208.png,smear,malaria,val
data/malaria/raw/cell_images/Parasitized/C54P15thinF_IMG_20150728_105949_cell_242.png,smear,malaria,val
data/malaria/raw/cell_images/Uninfected/C124P85ThinF_IMG_20151002_154846_cell_58.png,smear,malaria,val
data/malaria/raw/cell_images/Uninfected/C163P124ThinF_IMG_20151116_111147_cell_1.png,smear,malaria,val
data/malaria/raw/cell_images/Uninfected/C155P116ThinF_IMG_20151115_143125_cell_13.png,smear,malaria,val
data/malaria/raw/cell_images/Parasitized/C183P144NThinF_IMG_20151201_222119_cell_142.png,smear,malaria,val
data/malaria/raw/cell_images/Parasitized/C186P147NThinF_IMG_20151203_150808_cell_131.png,smear,malaria,val
data/malaria/raw/cell_images/Parasitized/C91P52ThinF_IMG_20150821_123116_cell_200.png,smear,malaria,val
data/malaria/raw/cell_images/Parasitized/C159P120ThinF_IMG_20151115_185541_cell_181.png,smear,malaria,val
data/malaria/raw/cell_images/Uninfected/C72P33_ThinF_IMG_20150815_104045_cell_62.png,smear,malaria,val
data/malaria/raw/cell_images/Parasitized/C59P20thinF_IMG_20150803_111244_cell_175.png,smear,malaria,val
data/malaria/raw/cell_images/Uninfected/C152P113ThinF_IMG_20151115_124323_cell_20.png,smear,malaria,val
data/malaria/raw/cell_images/Uninfected/C52P13thinF_IMG_20150725_124606_cell_100.png,smear,malaria,val
data/malaria/raw/cell_images/Parasitized/C174P135NThinF_IMG_20151127_135640_cell_193.png,smear,malaria,val
data/malaria/raw/cell_images/Uninfected/C138P99ThinF_IMG_20151005_172849_cell_98.png,smear,malaria,val
data/malaria/raw/cell_images/Parasitized/C177P138NThinF_IMG_20151201_142514_cell_159.png,smear,malaria,val
data/malaria/raw/cell_images/Uninfected/C136P97ThinF_IMG_20151005_142437_cell_7.png,smear,malaria,val
data/malaria/raw/cell_images/Parasitized/C63P24N_ThinF_IMG_20150818_143757_cell_183.png,smear,malaria,val
data/malaria/raw/cell_images/Uninfected/C220ThinF_IMG_20151106_154533_cell_53.png,smear,malaria,val
data/malaria/raw/cell_images/Parasitized/C84P45ThinF_IMG_20150818_103817_cell_4.png,smear,malaria,val
data/malaria/raw/cell_images/Parasitized/C116P77ThinF_IMG_20150930_172112_cell_75.png,smear,malaria,val
data/malaria/raw/cell_images/Uninfected/C167P128ReThinF_IMG_20151201_105559_cell_218.png,smear,malaria,val
data/malaria/raw/cell_images/Uninfected/C177P138NThinF_IMG_20151201_142942_cell_51.png,smear,malaria,val
data/malaria/raw/cell_images/Uninfected/C124P85ThinF_IMG_20151002_154846_cell_2.png,smear,malaria,val
data/malaria/raw/cell_images/Parasitized/C184P145ThinF_IMG_20151203_103114_cell_184.png,smear,malaria,val
data/malaria/raw/cell_images/Parasitized/C182P143NThinF_IMG_20151201_172759_cell_15.png,smear,malaria,val
data/malaria/raw/cell_images/Parasitized/C118P79ThinF_IMG_20151002_105346_cell_162.png,smear,malaria,val
data/malaria/raw/cell_images/Uninfected/C209ThinF_IMG_20151029_160721_cell_192.png,smear,malaria,val
data/malaria/raw/cell_images/Uninfected/C187P148NThinF_IMG_20151203_154200_cell_40.png,smear,malaria,val
data/malaria/raw/cell_images/Uninfected/C100P61ThinF_IMG_20150918_145609_cell_113.png,smear,malaria,val
data/malaria/raw/cell_images/Parasitized/C91P52ThinF_IMG_20150821_124937_cell_190.png,smear,malaria,test
data/malaria/raw/cell_images/Parasitized/C99P60ThinF_IMG_20150918_140900_cell_108.png,smear,malaria,test
data/malaria/raw/cell_images/Uninfected/C62P23N_ThinF_IMG_20150818_132918_cell_1.png,smear,malaria,test
data/malaria/raw/cell_images/Uninfected/C42P5thin_original_IMG_20150623_134751_cell_200.png,smear,malaria,test
data/malaria/raw/cell_images/Parasitized/C48P9thinF_IMG_20150721_161243_cell_168.png,smear,malaria,test
data/malaria/raw/cell_images/Parasitized/C136P97ThinF_IMG_20151005_144727_cell_108.png,smear,malaria,test
data/malaria/raw/cell_images/Uninfected/C58P19thinF_IMG_20150802_123134_cell_44.png,smear,malaria,test
data/malaria/raw/cell_images/Uninfected/C217ThinF_IMG_20151106_142147_cell_68.png,smear,malaria,test
data/malaria/raw/cell_images/Parasitized/C136P97ThinF_IMG_20151005_141946_cell_120.png,smear,malaria,test
data/malaria/raw/cell_images/Parasitized/C118P79ThinF_IMG_20151002_110609_cell_16.png,smear,malaria,test
data/malaria/raw/cell_images/Uninfected/C157P118ThinF_IMG_20151115_164141_cell_128.png,smear,malaria,test
data/malaria/raw/cell_images/Parasitized/C70P31_ThinF_IMG_20150813_131330_cell_100.png,smear,malaria,test
data/malaria/raw/cell_images/Uninfected/C148P109ThinF_IMG_20151115_112538_cell_206.png,smear,malaria,test
data/malaria/raw/cell_images/Parasitized/C184P145ThinF_IMG_20151203_104030_cell_27.png,smear,malaria,test
data/malaria/raw/cell_images/Uninfected/C46P7ThinF_IMG_20151130_205828_cell_96.png,smear,malaria,test
data/malaria/raw/cell_images/Uninfected/C94P55ThinF_IMG_20150821_170249_cell_162.png,smear,malaria,test
data/malaria/raw/cell_images/Uninfected/C227ThinF_IMG_20151112_135509_cell_173.png,smear,malaria,test
data/malaria/raw/cell_images/Uninfected/C204ThinF_IMG_20151029_112231_cell_60.png,smear,malaria,test
data/malaria/raw/cell_images/Parasitized/C182P143NThinF_IMG_20151201_172216_cell_192.png,smear,malaria,test
data/malaria/raw/cell_images/Uninfected/C184P145ThinF_IMG_20151203_103824_cell_41.png,smear,malaria,test
data/malaria/raw/cell_images/Uninfected/C69P30N_ThinF_IMG_20150819_135613_cell_223.png,smear,malaria,test
data/malaria/raw/cell_images/Uninfected/C104P65ThinF_IMG_20150918_172639_cell_167.png,smear,malaria,test
data/malaria/raw/cell_images/Uninfected/C118P79ThinF_IMG_20151002_105346_cell_27.png,smear,malaria,test
data/malaria/raw/cell_images/Uninfected/C119P80ThinF_IMG_20151002_123911_cell_74.png,smear,malaria,test
data/malaria/raw/cell_images/Parasitized/C112P73ThinF_IMG_20150930_131516_cell_177.png,smear,malaria,test
data/malaria/raw/cell_images/Uninfected/C213ThinF_IMG_20151106_112422_cell_37.png,smear,malaria,test
data/malaria/raw/cell_images/Uninfected/C146P107ThinF_IMG_20151018_140439_cell_232.png,smear,malaria,test
data/malaria/raw/cell_images/Uninfected/C4thin_original_IMG_20150608_170016_cell_77.png,smear,malaria,test
data/malaria/raw/cell_images/Uninfected/C111P72ThinF_IMG_20150930_112827_cell_164.png,smear,malaria,test
data/malaria/raw/cell_images/Uninfected/C170P131ThinF_IMG_20151119_120233_cell_144.png,smear,malaria,test
data/malaria/raw/cell_images/Uninfected/C81P42ThinF_IMG_20150817_120856_cell_78.png,smear,malaria,test
data/malaria/raw/cell_images/Parasitized/C89P50ThinF_IMG_20150820_163728_cell_191.png,smear,malaria,test
data/malaria/raw/cell_images/Parasitized/C132P93ThinF_IMG_20151004_152353_cell_163.png,smear,malaria,test
data/malaria/raw/cell_images/Parasitized/C59P20thinF_IMG_20150803_112733_cell_196.png,smear,malaria,test
data/malaria/raw/cell_images/Uninfected/C60P21thinF_IMG_20150804_104919_cell_32.png,smear,malaria,test
data/malaria/raw/cell_images/Parasitized/C116P77ThinF_IMG_20150930_171635_cell_103.png,smear,malaria,test
data/malaria/raw/cell_images/Parasitized/C59P20thinF_IMG_20150803_112858_cell_191.png,smear,malaria,test
data/malaria/raw/cell_images/Parasitized/C59P20thinF_IMG_20150803_112733_cell_201.png,smear,malaria,test
data/malaria/raw/cell_images/Parasitized/C142P103ThinF_IMG_20151005_221115_cell_193.png,smear,malaria,test
data/malaria/raw/cell_images/Uninfected/C77P38ThinF_IMG_20150602_143524_cell_42.png,smear,malaria,test
data/malaria/raw/cell_images/Uninfected/C205ThinF_IMG_20151106_151514_cell_226.png,smear,malaria,test
data/malaria/raw/cell_images/Parasitized/C80P41ThinF_IMG_20150817_110834_cell_144.png,smear,malaria,test
data/malaria/raw/cell_images/Uninfected/C54P15thinF_IMG_20150728_112938_cell_63.png,smear,malaria,test
data/malaria/raw/cell_images/Parasitized/C176P137NThinF_IMG_20151201_122444_cell_117.png,smear,malaria,test
data/malaria/raw/cell_images/Uninfected/C166P127ThinF_IMG_20151117_194932_cell_48.png,smear,malaria,test
data/malaria/raw/cell_images/Parasitized/C116P77ThinF_IMG_20150930_171635_cell_85.png,smear,malaria,test
data/malaria/raw/cell_images/Parasitized/C48P9thinF_IMG_20150721_161243_cell_159.png,smear,malaria,test
data/malaria/raw/cell_images/Uninfected/C161P122ThinF_IMG_20151116_101626_cell_24.png,smear,malaria,test
data/malaria/raw/cell_images/Uninfected/C79P40ThinF_IMG_20150817_104745_cell_77.png,smear,malaria,test
data/malaria/raw/cell_images/Parasitized/C81P42ThinF_IMG_20150817_120712_cell_163.png,smear,malaria,test
data/malaria/raw/cell_images/Uninfected/C70P31_ThinF_IMG_20150819_141436_cell_13.png,smear,malaria,test
data/malaria/raw/cell_images/Parasitized/C189P150ThinF_IMG_20151203_140902_cell_121.png,smear,malaria,test
data/malaria/raw/cell_images/Uninfected/C154P115ThinF_IMG_20151115_141543_cell_203.png,smear,malaria,test
data/malaria/raw/cell_images/Parasitized/C128P89ThinF_IMG_20151004_131129_cell_149.png,smear,malaria,test
data/malaria/raw/cell_images/Uninfected/C229ThinF_IMG_20151112_144222_cell_60.png,smear,malaria,test
data/malaria/raw/cell_images/Parasitized/C82P43ThinF_IMG_20150817_125114_cell_10.png,smear,malaria,test
data/malaria/raw/cell_images/Parasitized/C39P4thinF_original_IMG_20150622_105102_cell_88.png,smear,malaria,test
data/malaria/raw/cell_images/Uninfected/C59P20thinF_IMG_20150803_111244_cell_36.png,smear,malaria,test
data/malaria/raw/cell_images/Uninfected/C180P141NThinF_IMG_20151201_165423_cell_106.png,smear,malaria,test
data/malaria/raw/cell_images/Parasitized/C51AP12thinF_IMG_20150724_161126_cell_117.png,smear,malaria,test
data/malaria/raw/cell_images/Uninfected/C212ThinF_IMG_20151106_105834_cell_62.png,smear,malaria,test
data/malaria/raw/cell_images/Uninfected/C7NthinF_IMG_20150611_104404_cell_194.png,smear,malaria,test
data/malaria/raw/cell_images/Parasitized/C129P90ThinF_IMG_20151004_133538_cell_84.png,smear,malaria,test
data/malaria/raw/cell_images/Parasitized/C68P29N_ThinF_IMG_20150819_134112_cell_109.png,smear,malaria,test
data/malaria/raw/cell_images/Uninfected/C49P10thinF_IMG_20150724_102843_cell_156.png,smear,malaria,test
data/malaria/raw/cell_images/Uninfected/C237ThinF_IMG_20151127_105320_cell_259.png,smear,malaria,test
data/malaria/raw/cell_images/Parasitized/C98P59ThinF_IMG_20150917_154235_cell_207.png,smear,malaria,test
data/malaria/raw/cell_images/Uninfected/C92P53ThinF_IMG_20150821_150718_cell_149.png,smear,malaria,test
data/malaria/raw/cell_images/Parasitized/C39P4thinF_original_IMG_20150622_111206_cell_99.png,smear,malaria,test
data/malaria/raw/cell_images/Parasitized/C167P128ReThinF_IMG_20151201_110011_cell_241.png,smear,malaria,test
data/malaria/raw/cell_images/Uninfected/C178P139NThinF_IMG_20151201_154337_cell_15.png,smear,malaria,test
data/malaria/raw/cell_images/Parasitized/C136P97ThinF_IMG_20151005_142437_cell_116.png,smear,malaria,test
data/malaria/raw/cell_images/Parasitized/C70P31_ThinF_IMG_20150813_131924_cell_13.png,smear,malaria,test
data/malaria/raw/cell_images/Parasitized/C189P150ThinF_IMG_20151203_142113_cell_89.png,smear,malaria,test
data/malaria/raw/cell_images/Parasitized/C116P77ThinF_IMG_20150930_171954_cell_75.png,smear,malaria,test
data/malaria/raw/cell_images/Uninfected/C84P45ThinF_IMG_20150818_104156_cell_48.png,smear,malaria,test
data/malaria/raw/cell_images/Uninfected/C66P27N_ThinF_IMG_20150818_164754_cell_158.png,smear,malaria,test
data/malaria/raw/cell_images/Uninfected/C72P33_ThinF_IMG_20150815_104045_cell_60.png,smear,malaria,test
data/malaria/raw/cell_images/Uninfected/C86P47ThinF_IMG_20150820_125057_cell_35.png,smear,malaria,test
data/malaria/raw/cell_images/Parasitized/C136P97ThinF_IMG_20151005_142437_cell_105.png,smear,malaria,test
data/malaria/raw/cell_images/Uninfected/C236ThinF_IMG_20151127_102546_cell_134.png,smear,malaria,test
data/malaria/raw/cell_images/Uninfected/C140P101ThinF_IMG_20151005_210026_cell_102.png,smear,malaria,test
data/malaria/raw/cell_images/Parasitized/C145P106ThinF_IMG_20151016_154719_cell_155.png,smear,malaria,test
data/malaria/raw/cell_images/Parasitized/C182P143NThinF_IMG_20151201_171905_cell_182.png,smear,malaria,test
data/malaria/raw/cell_images/Parasitized/C120P81ThinF_IMG_20151002_130715_cell_193.png,smear,malaria,test
data/malaria/raw/cell_images/Uninfected/C135P96ThinF_IMG_20151005_123857_cell_158.png,smear,malaria,test
data/malaria/raw/cell_images/Uninfected/C110P71ThinF_IMG_20150930_105319_cell_158.png,smear,malaria,test
data/malaria/raw/cell_images/Parasitized/C136P97ThinF_IMG_20151005_141321_cell_103.png,smear,malaria,test
data/malaria/raw/cell_images/Parasitized/C123P84ThinF_IMG_20151002_152330_cell_200.png,smear,malaria,test
data/malaria/raw/cell_images/Uninfected/C202ThinF_IMG_20151015_151736_cell_177.png,smear,malaria,test
data/malaria/raw/cell_images/Uninfected/C37BP2_thinF_IMG_20150620_133001a_cell_20.png,smear,malaria,test
data/malaria/raw/cell_images/Parasitized/C68P29N_ThinF_IMG_20150819_134112_cell_131.png,smear,malaria,test
data/malaria/raw/cell_images/Uninfected/C201ThinF_IMG_20150930_143502_cell_221.png,smear,malaria,test
data/malaria/raw/cell_images/Uninfected/C120P81ThinF_IMG_20151002_130918_cell_169.png,smear,malaria,test
data/malaria/raw/cell_images/Parasitized/C82P43ThinF_IMG_20150817_123824_cell_211.png,smear,malaria,test
data/malaria/raw/cell_images/Uninfected/C176P137NThinF_IMG_20151201_122811_cell_23.png,smear,malaria,test
data/malaria/raw/cell_images/Uninfected/C223ThinF_IMG_20151112_104118_cell_176.png,smear,malaria,test
data/malaria/raw/cell_images/Parasitized/C181P142ThinF_IMG_20151127_160539_cell_189.png,smear,malaria,test
data/malaria/raw/cell_images/Parasitized/C176P137NThinF_IMG_20151201_114035_cell_127.png,smear,malaria,test
data/malaria/raw/cell_images/Parasitized/C138P99ThinF_IMG_20151005_173453_cell_113.png,smear,malaria,test
data/malaria/raw/cell_images/Uninfected/C64P25N_ThinF_IMG_20150818_153517_cell_24.png,smear,malaria,test
data/malaria/raw/cell_images/Parasitized/C137P98ThinF_IMG_20151005_155704_cell_51.png,smear,malaria,test
data/malaria/raw/cell_images/Parasitized/C184P145ThinF_IMG_20151203_104440_cell_44.png,smear,malaria,test
data/malaria/raw/cell_images/Parasitized/C68P29N_ThinF_IMG_20150819_134625_cell_14.png,smear,malaria,test
data/malaria/raw/cell_images/Uninfected/C153P114ThinF_IMG_20151115_135746_cell_62.png,smear,malaria,test
data/malaria/raw/cell_images/Uninfected/C45P6ThinF_IMG_20151130_160241_cell_48.png,smear,malaria,test
data/malaria/raw/cell_images/Parasitized/C120P81ThinF_IMG_20151002_125443_cell_135.png,smear,malaria,test
data/malaria/raw/cell_images/Uninfected/C127P88ThinF_IMG_20151004_112301_cell_75.png,smear,malaria,test
data/malaria/raw/cell_images/Uninfected/C64P25N_ThinF_IMG_20150818_153401_cell_70.png,smear,malaria,test
data/malaria/raw/cell_images/Parasitized/C119P80ThinF_IMG_20151002_124345_cell_144.png,smear,malaria,test
data/malaria/raw/cell_images/Parasitized/C97P58ThinF_IMG_20150917_145555_cell_177.png,smear,malaria,test
data/malaria/raw/cell_images/Uninfected/C108P69ThinF_IMG_20150924_225511_cell_10.png,smear,malaria,test
data/malaria/raw/cell_images/Uninfected/C185P146ThinF_IMG_20151203_111121_cell_135.png,smear,malaria,test
data/malaria/raw/cell_images/Parasitized/C116P77ThinF_IMG_20150930_171558_cell_131.png,smear,malaria,test
data/malaria/raw/cell_images/Uninfected/C168P129ThinF_IMG_20151118_160516_cell_37.png,smear,malaria,test
data/malaria/raw/cell_images/Uninfected/C127P88ThinF_IMG_20151004_111755_cell_41.png,smear,malaria,test
data/malaria/raw/cell_images/Parasitized/C91P52ThinF_IMG_20150821_125154_cell_211.png,smear,malaria,test
data/malaria/raw/cell_images/Uninfected/C64P25N_ThinF_IMG_20150818_152921_cell_33.png,smear,malaria,test
data/malaria/raw/cell_images/Parasitized/C80P41ThinF_IMG_20150817_110834_cell_147.png,smear,malaria,test
data/malaria/raw/cell_images/Uninfected/C50P11thinF_IMG_20150724_120716_cell_140.png,smear,malaria,test
data/malaria/raw/cell_images/Parasitized/C116P77ThinF_IMG_20150930_172112_cell_77.png,smear,malaria,test
data/malaria/raw/cell_images/Parasitized/C93P54ThinF_IMG_20150821_163815_cell_221.png,smear,malaria,test
data/malaria/raw/cell_images/Uninfected/C116P77ThinF_IMG_20150930_171954_cell_29.png,smear,malaria,test
data/malaria/raw/cell_images/Uninfected/C71P32_ThinF_IMG_20150813_162016_cell_23.png,smear,malaria,test
data/malaria/raw/cell_images/Parasitized/C68P29N_ThinF_IMG_20150819_134712_cell_5.png,smear,malaria,test
data/malaria/raw/cell_images/Uninfected/C133P94ThinF_IMG_20151004_154717_cell_43.png,smear,malaria,test
data/malaria/raw/cell_images/Parasitized/C129P90ThinF_IMG_20151004_133921_cell_108.png,smear,malaria,test
data/malaria/raw/cell_images/Uninfected/C132P93ThinF_IMG_20151004_151701_cell_78.png,smear,malaria,test
data/malaria/raw/cell_images/Uninfected/C203ThinF_IMG_20151029_102123_cell_51.png,smear,malaria,test
data/malaria/raw/cell_images/Uninfected/C220ThinF_IMG_20151106_153947_cell_231.png,smear,malaria,test
data/malaria/raw/cell_images/Parasitized/C174P135NThinF_IMG_20151127_135311_cell_211.png,smear,malaria,test
data/malaria/raw/cell_images/Parasitized/C123P84ThinF_IMG_20151002_151432_cell_160.png,smear,malaria,test
data/malaria/raw/cell_images/Parasitized/C84P45ThinF_IMG_20150818_102507_cell_96.png,smear,malaria,test
data/malaria/raw/cell_images/Uninfected/C206ThinF_IMG_20151029_141047_cell_73.png,smear,malaria,test
data/malaria/raw/cell_images/Parasitized/C129P90ThinF_IMG_20151004_133329_cell_99.png,smear,malaria,test
data/malaria/raw/cell_images/Uninfected/C87P48ThinF_IMG_20150820_132642_cell_85.png,smear,malaria,test
data/malaria/raw/cell_images/Uninfected/C189P150ThinF_IMG_20151203_141615_cell_37.png,smear,malaria,test
data/malaria/raw/cell_images/Uninfected/C238NThinF_IMG_20151207_114444_cell_127.png,smear,malaria,test
data/malaria/raw/cell_images/Parasitized/C45P6ThinF_IMG_20151130_160409_cell_195.png,smear,malaria,test
data/malaria/raw/cell_images/Parasitized/C70P31_ThinF_IMG_20150819_141436_cell_106.png,smear,malaria,test
data/malaria/raw/cell_images/Uninfected/C116P77ThinF_IMG_20150930_171739_cell_54.png,smear,malaria,test
data/malaria/raw/cell_images/Parasitized/C101P62ThinF_IMG_20150923_170344_cell_73.png,smear,malaria,test
data/malaria/raw/cell_images/Parasitized/C182P143NThinF_IMG_20151201_172057_cell_182.png,smear,malaria,test
data/malaria/raw/cell_images/Parasitized/C136P97ThinF_IMG_20151005_142437_cell_131.png,smear,malaria,test
data/malaria/raw/cell_images/Uninfected/C141P102ThinF_IMG_20151005_214208_cell_57.png,smear,malaria,test
data/malaria/raw/cell_images/Uninfected/C45P6ThinF_IMG_20151130_160409_cell_17.png,smear,malaria,test
data/malaria/raw/cell_images/Uninfected/C172P133ThinF_IMG_20151119_155156_cell_23.png,smear,malaria,test
data/malaria/raw/cell_images/Parasitized/C186P147NThinF_IMG_20151203_150808_cell_132.png,smear,malaria,test
data/malaria/raw/cell_images/Parasitized/C159P120ThinF_IMG_20151115_190642_cell_199.png,smear,malaria,test
data/malaria/raw/cell_images/Uninfected/C131P92ThinF_IMG_20151004_145302_cell_89.png,smear,malaria,test
data/malaria/raw/cell_images/Uninfected/C47P8thinOriginalOlympusCX21_IMG_20150717_174222_cell_24.png,smear,malaria,test
data/malaria/raw/cell_images/Uninfected/C115P76ThinF_IMG_20150930_163156_cell_197.png,smear,malaria,test
data/malaria/raw/cell_images/Uninfected/C87P48ThinF_IMG_20150820_132642_cell_119.png,smear,malaria,test
data/malaria/raw/cell_images/Uninfected/C135P96ThinF_IMG_20151005_124031_cell_144.png,smear,malaria,test
data/malaria/raw/cell_images/Uninfected/C229ThinF_IMG_20151112_144534_cell_125.png,smear,malaria,test
data/malaria/raw/cell_images/Uninfected/C187P148NThinF_IMG_20151203_153036_cell_19.png,smear,malaria,test
data/malaria/raw/cell_images/Parasitized/C167P128ReThinF_IMG_20151201_105707_cell_241.png,smear,malaria,test
data/malaria/raw/cell_images/Parasitized/C70P31_ThinF_IMG_20150819_142239_cell_12.png,smear,malaria,test
data/malaria/raw/cell_images/Uninfected/C173P134NThinF_IMG_20151130_115733_cell_126.png,smear,malaria,test
data/malaria/raw/cell_images/Parasitized/C98P59ThinF_IMG_20150917_153938_cell_177.png,smear,malaria,test
data/malaria/raw/cell_images/Parasitized/C131P92ThinF_IMG_20151004_145224_cell_130.png,smear,malaria,test
data/malaria/raw/cell_images/Uninfected/C172P133ThinF_IMG_20151119_154936_cell_119.png,smear,malaria,test
data/malaria/raw/cell_images/Uninfected/C156P117ThinF_IMG_20151115_154022_cell_121.png,smear,malaria,test
data/malaria/raw/cell_images/Uninfected/C217ThinF_IMG_20151106_142147_cell_201.png,smear,malaria,test
data/malaria/raw/cell_images/Parasitized/C107P68ThinF_IMG_20150924_222535_cell_141.png,smear,malaria,test
data/malaria/raw/cell_images/Uninfected/C189P150ThinF_IMG_20151203_141455_cell_62.png,smear,malaria,test
data/malaria/raw/cell_images/Uninfected/C141P102ThinF_IMG_20151005_214615_cell_134.png,smear,malaria,test
data/malaria/raw/cell_images/Uninfected/C85P46ThinF_IMG_20150820_105748_cell_92.png,smear,malaria,test
data/malaria/raw/cell_images/Uninfected/C66P27N_ThinF_IMG_20150818_164702_cell_32.png,smear,malaria,test
data/malaria/raw/cell_images/Parasitized/C176P137NThinF_IMG_20151201_121808_cell_119.png,smear,malaria,test
data/malaria/raw/cell_images/Uninfected/C104P65ThinF_IMG_20150918_172053_cell_31.png,smear,malaria,test
data/malaria/raw/cell_images/Parasitized/C183P144NThinF_IMG_20151201_223758_cell_140.png,smear,malaria,test
data/malaria/raw/cell_images/Parasitized/C111P72ThinF_IMG_20150930_113210_cell_171.png,smear,malaria,test
data/malaria/raw/cell_images/Uninfected/C158P119ThinF_IMG_20151115_183157_cell_154.png,smear,malaria,test
data/malaria/raw/cell_images/Parasitized/C145P106ThinF_IMG_20151016_155121_cell_192.png,smear,malaria,test
data/malaria/raw/cell_images/Uninfected/C121P82ThinF_IMG_20151002_134014_cell_63.png,smear,malaria,test
data/malaria/raw/cell_images/Parasitized/C136P97ThinF_IMG_20151005_144449_cell_16.png,smear,malaria,test
data/malaria/raw/cell_images/Uninfected/C207ThinF_IMG_20151029_143711_cell_119.png,smear,malaria,test
data/malaria/raw/cell_images/Parasitized/C154P115ThinF_IMG_20151115_141407_cell_228.png,smear,malaria,test
data/malaria/raw/cell_images/Uninfected/C240ThinF_IMG_20151127_115223_cell_121.png,smear,malaria,test
data/malaria/raw/cell_images/Uninfected/C154P115ThinF_IMG_20151115_141507_cell_191.png,smear,malaria,test
data/malaria/raw/cell_images/Parasitized/C184P145ThinF_IMG_20151203_102405_cell_181.png,smear,malaria,test
data/malaria/raw/cell_images/Parasitized/C187P148NThinF_IMG_20151203_153410_cell_149.png,smear,malaria,test
data/malaria/raw/cell_images/Uninfected/C171P132ThinF_IMG_20151119_153851_cell_39.png,smear,malaria,test
data/malaria/raw/cell_images/Parasitized/C75P36_ThinF_IMG_20150815_163225_cell_171.png,smear,malaria,test
data/malaria/raw/cell_images/Parasitized/C119P80ThinF_IMG_20151002_123043_cell_165.png,smear,malaria,test
data/malaria/raw/cell_images/Uninfected/C215ThinF_IMG_20151106_133043_cell_161.png,smear,malaria,test
data/malaria/raw/cell_images/Uninfected/C145P106ThinF_IMG_20151016_154309_cell_29.png,smear,malaria,test
data/malaria/raw/cell_images/Parasitized/C99P60ThinF_IMG_20150918_141857_cell_1.png,smear,malaria,test
data/malaria/raw/cell_images/Parasitized/C85P46ThinF_IMG_20150820_105301_cell_257.png,smear,malaria,test
data/malaria/raw/cell_images/Parasitized/C182P143NThinF_IMG_20151201_172216_cell_141.png,smear,malaria,test
data/malaria/raw/cell_images/Uninfected/C173P134NThinF_IMG_20151130_125408_cell_94.png,smear,malaria,test
data/malaria/raw/cell_images/Parasitized/C187P148NThinF_IMG_20151203_153713_cell_196.png,smear,malaria,test
data/malaria/raw/cell_images/Uninfected/C142P103ThinF_IMG_20151005_221931_cell_14.png,smear,malaria,test
data/malaria/raw/cell_images/Uninfected/C118P79ThinF_IMG_20151002_104831_cell_134.png,smear,malaria,test
data/malaria/raw/cell_images/Parasitized/C137P98ThinF_IMG_20151005_163946_cell_1.png,smear,malaria,test
data/malaria/raw/cell_images/Uninfected/C179P140ThinF_IMG_20151127_153436_cell_115.png,smear,malaria,test
data/malaria/raw/cell_images/Parasitized/C97P58ThinF_IMG_20150917_152225_cell_2.png,smear,malaria,test
data/malaria/raw/cell_images/Parasitized/C48P9thinF_IMG_20150721_164304_cell_17.png,smear,malaria,test
data/malaria/raw/cell_images/Parasitized/C128P89ThinF_IMG_20151004_130549_cell_143.png,smear,malaria,test
data/malaria/raw/cell_images/Parasitized/C39P4thinF_original_IMG_20150622_105803_cell_89.png,smear,malaria,test
data/malaria/raw/cell_images/Uninfected/C228ThinF_IMG_20151112_142109_cell_208.png,smear,malaria,test
data/malaria/raw/cell_images/Parasitized/C180P141NThinF_IMG_20151201_165423_cell_157.png,smear,malaria,test
data/malaria/raw/cell_images/Parasitized/C59P20thinF_IMG_20150803_115303_cell_34.png,smear,malaria,test
data/malaria/raw/cell_images/Parasitized/C136P97ThinF_IMG_20151005_141321_cell_95.png,smear,malaria,test
data/malaria/raw/cell_images/Uninfected/C154P115ThinF_IMG_20151115_141507_cell_16.png,smear,malaria,test
data/malaria/raw/cell_images/Parasitized/C100P61ThinF_IMG_20150918_150041_cell_146.png,smear,malaria,test
data/malaria/raw/cell_images/Uninfected/C229ThinF_IMG_20151112_144222_cell_207.png,smear,malaria,test
data/malaria/raw/cell_images/Uninfected/C118P79ThinF_IMG_20151002_104831_cell_64.png,smear,malaria,test
data/malaria/raw/cell_images/Uninfected/C12NThinF_IMG_20150614_125703_cell_48.png,smear,malaria,test
data/malaria/raw/cell_images/Uninfected/C133P94ThinF_IMG_20151004_154351_cell_81.png,smear,malaria,test
data/malaria/raw/cell_images/Parasitized/C64P25N_ThinF_IMG_20150818_152921_cell_182.png,smear,malaria,test
data/malaria/raw/cell_images/Uninfected/C98P59ThinF_IMG_20150917_154452_cell_44.png,smear,malaria,test
data/malaria/raw/cell_images/Parasitized/C59P20thinF_IMG_20150803_112733_cell_216.png,smear,malaria,test
data/malaria/raw/cell_images/Parasitized/C117P78ThinF_IMG_20150930_221048_cell_99.png,smear,malaria,test
data/malaria/raw/cell_images/Uninfected/C73P34_ThinF_IMG_20150815_111501_cell_66.png,smear,malaria,test
data/malaria/raw/cell_images/Uninfected/C219ThinF_IMG_20151106_145856_cell_77.png,smear,malaria,test
data/malaria/raw/cell_images/Uninfected/C94P55ThinF_IMG_20150821_165118_cell_68.png,smear,malaria,test
data/malaria/raw/cell_images/Parasitized/C133P94ThinF_IMG_20151004_155012_cell_12.png,smear,malaria,test
data/malaria/raw/cell_images/Uninfected/C47P8thinOriginalOlympusCX21_IMG_20150717_172748_cell_105.png,smear,malaria,test
data/malaria/raw/cell_images/Uninfected/C151P112ThinF_IMG_20151115_121843_cell_222.png,smear,malaria,test
data/malaria/raw/cell_images/Uninfected/C172P133ThinF_IMG_20151119_155343_cell_38.png,smear,malaria,test
data/malaria/raw/cell_images/Parasitized/C84P45ThinF_IMG_20150818_102800_cell_7.png,smear,malaria,test
data/malaria/raw/cell_images/Uninfected/C110P71ThinF_IMG_20150930_105729_cell_129.png,smear,malaria,test
data/malaria/raw/cell_images/Uninfected/C154P115ThinF_IMG_20151115_141837_cell_161.png,smear,malaria,test
data/malaria/raw/cell_images/Parasitized/C179P140ThinF_IMG_20151127_153436_cell_180.png,smear,malaria,test
data/malaria/raw/cell_images/Uninfected/C103P64ThinF_IMG_20150918_165510_cell_14.png,smear,malaria,test
data/malaria/raw/cell_images/Parasitized/C176P137NThinF_IMG_20151201_121303_cell_118.png,smear,malaria,test
data/malaria/raw/cell_images/Uninfected/C145P106ThinF_IMG_20151016_154844_cell_72.png,smear,malaria,test
data/malaria/raw/cell_images/Parasitized/C140P101ThinF_IMG_20151005_205922_cell_189.png,smear,malaria,test
data/malaria/raw/cell_images/Parasitized/C68P29N_ThinF_IMG_20150819_133447_cell_151.png,smear,malaria,test
data/malaria/raw/cell_images/Uninfected/C205ThinF_IMG_20151106_152003_cell_222.png,smear,malaria,test
data/malaria/raw/cell_images/Uninfected/C136P97ThinF_IMG_20151005_144727_cell_84.png,smear,malaria,test
data/malaria/raw/cell_images/Uninfected/C211ThinF_IMG_20151029_164451_cell_231.png,smear,malaria,test
data/malaria/raw/cell_images/Parasitized/C50P11thinF_IMG_20150724_115603_cell_155.png,smear,malaria,test
data/malaria/raw/cell_images/Uninfected/C151P112ThinF_IMG_20151115_121843_cell_50.png,smear,malaria,test
data/malaria/raw/cell_images/Uninfected/C54P15thinF_IMG_20150728_113006_cell_55.png,smear,malaria,test
data/malaria/raw/cell_images/Uninfected/C210ThinF_IMG_20151029_162934_cell_11.png,smear,malaria,test
data/malaria/raw/cell_images/Parasitized/C145P106ThinF_IMG_20151016_154309_cell_148.png,smear,malaria,test
data/malaria/raw/cell_images/Uninfected/C120P81ThinF_IMG_20151002_130407_cell_35.png,smear,malaria,test
data/malaria/raw/cell_images/Parasitized/C183P144NThinF_IMG_20151201_222917_cell_141.png,smear,malaria,test
data/malaria/raw/cell_images/Uninfected/C214ThinF_IMG_20151106_114526_cell_136.png,smear,malaria,test
data/malaria/raw/cell_images/Parasitized/C101P62ThinF_IMG_20150918_155731_cell_70.png,smear,malaria,test
data/malaria/raw/cell_images/Uninfected/C135P96ThinF_IMG_20151005_124444_cell_40.png,smear,malaria,test
data/malaria/raw/cell_images/Uninfected/C57P18thinF_IMG_20150729_110134_cell_80.png,smear,malaria,test
data/malaria/raw/cell_images/Parasitized/C182P143NThinF_IMG_20151201_172524_cell_180.png,smear,malaria,test
data/malaria/raw/cell_images/Parasitized/C68P29N_ThinF_IMG_20150819_134326_cell_113.png,smear,malaria,test
data/malaria/raw/cell_images/Parasitized/C137P98ThinF_IMG_20151005_163251_cell_65.png,smear,malaria,test
data/malaria/raw/cell_images/Uninfected/C180P141NThinF_IMG_20151201_164714_cell_42.png,smear,malaria,test
data/malaria/raw/cell_images/Parasitized/C48P9thinF_IMG_20150721_160406_cell_218.png,smear,malaria,test
data/malaria/raw/cell_images/Parasitized/C66P27N_ThinF_IMG_20150818_163419_cell_205.png,smear,malaria,test
data/malaria/raw/cell_images/Parasitized/C33P1thinF_IMG_20150619_115808a_cell_206.png,smear,malaria,test
data/malaria/raw/cell_images/Parasitized/C136P97ThinF_IMG_20151005_142627_cell_11.png,smear,malaria,test
data/malaria/raw/cell_images/Parasitized/C99P60ThinF_IMG_20150918_141314_cell_115.png,smear,malaria,test
data/malaria/raw/cell_images/Parasitized/C97P58ThinF_IMG_20150917_152032_cell_166.png,smear,malaria,test
data/malaria/raw/cell_images/Parasitized/C184P145ThinF_IMG_20151203_104153_cell_180.png,smear,malaria,test
data/malaria/raw/cell_images/Parasitized/C46P7ThinF_IMG_20151130_205828_cell_147.png,smear,malaria,test
data/malaria/raw/cell_images/Parasitized/C182P143NThinF_IMG_20151201_171950_cell_169.png,smear,malaria,test
data/malaria/raw/cell_images/Parasitized/C100P61ThinF_IMG_20150918_145042_cell_166.png,smear,malaria,test
data/malaria/raw/cell_images/Uninfected/C203ThinF_IMG_20151029_102123_cell_6.png,smear,malaria,test
data/malaria/raw/cell_images/Parasitized/C184P145ThinF_IMG_20151203_102721_cell_23.png,smear,malaria,test
data/malaria/raw/cell_images/Uninfected/C152P113ThinF_IMG_20151115_125038_cell_137.png,smear,malaria,test
data/malaria/raw/cell_images/Uninfected/C202ThinF_IMG_20151015_152200_cell_226.png,smear,malaria,test
data/malaria/raw/cell_images/Uninfected/C121P82ThinF_IMG_20151002_134014_cell_30.png,smear,malaria,test
data/malaria/raw/cell_images/Parasitized/C180P141NThinF_IMG_20151201_170021_cell_19.png,smear,malaria,test
data/malaria/raw/cell_images/Parasitized/C99P60ThinF_IMG_20150918_141520_cell_103.png,smear,malaria,test
data/malaria/raw/cell_images/Parasitized/C137P98ThinF_IMG_20151005_163251_cell_67.png,smear,malaria,test
data/malaria/raw/cell_images/Parasitized/C130P91ThinF_IMG_20151004_142109_cell_140.png,smear,malaria,test
data/malaria/raw/cell_images/Uninfected/C114P75ThinF_IMG_20150930_150555_cell_87.png,smear,malaria,test
data/malaria/raw/cell_images/Parasitized/C176P137NThinF_IMG_20151201_122444_cell_127.png,smear,malaria,test
data/malaria/raw/cell_images/Parasitized/C180P141NThinF_IMG_20151201_165528_cell_148.png,smear,malaria,test
data/malaria/raw/cell_images/Uninfected/C63P24N_ThinF_IMG_20150818_142948_cell_162.png,smear,malaria,test
data/malaria/raw/cell_images/Parasitized/C46P7ThinF_IMG_20151130_205558_cell_158.png,smear,malaria,test
data/malaria/raw/cell_images/Uninfected/C37BP2_thinF_IMG_20150620_133205a_cell_38.png,smear,malaria,test
data/malaria/raw/cell_images/Uninfected/C80P41ThinF_IMG_20150817_110957_cell_4.png,smear,malaria,test
data/malaria/raw/cell_images/Parasitized/C97P58ThinF_IMG_20150917_151903_cell_14.png,smear,malaria,test
data/malaria/raw/cell_images/Parasitized/C184P145ThinF_IMG_20151203_102721_cell_7.png,smear,malaria,test
data/malaria/raw/cell_images/Uninfected/C236ThinF_IMG_20151127_102428_cell_126.png,smear,malaria,test
data/malaria/raw/cell_images/Parasitized/C184P145ThinF_IMG_20151203_102543_cell_148.png,smear,malaria,test
data/malaria/raw/cell_images/Parasitized/C118P79ThinF_IMG_20151002_105018_cell_156.png,smear,malaria,test
data/malaria/raw/cell_images/Uninfected/C78P39ThinF_IMG_20150606_103630_cell_69.png,smear,malaria,test
data/malaria/raw/cell_images/Uninfected/C155P116ThinF_IMG_20151115_143051_cell_69.png,smear,malaria,test
data/malaria/raw/cell_images/Uninfected/C68P29N_ThinF_IMG_20150819_134504_cell_95.png,smear,malaria,test
data/malaria/raw/cell_images/Parasitized/C80P41ThinF_IMG_20150817_111943_cell_17.png,smear,malaria,test
data/malaria/raw/cell_images/Uninfected/C173P134NThinF_IMG_20151130_125501_cell_158.png,smear,malaria,test
data/malaria/raw/cell_images/Uninfected/C171P132ThinF_IMG_20151119_153347_cell_143.png,smear,malaria,test
data/malaria/raw/cell_images/Parasitized/C156P117ThinF_IMG_20151115_154022_cell_278.png,smear,malaria,test
data/malaria/raw/cell_images/Uninfected/C233ThinF_IMG_20151112_160129_cell_104.png,smear,malaria,test
data/malaria/raw/cell_images/Parasitized/C63P24N_ThinF_IMG_20150818_143544_cell_167.png,smear,malaria,test
data/malaria/raw/cell_images/Parasitized/C123P84ThinF_IMG_20151002_151851_cell_178.png,smear,malaria,test
data/malaria/raw/cell_images/Parasitized/C97P58ThinF_IMG_20150917_151512_cell_177.png,smear,malaria,test
data/malaria/raw/cell_images/Uninfected/C155P116ThinF_IMG_20151115_143156_cell_26.png,smear,malaria,test
data/malaria/raw/cell_images/Uninfected/C216ThinF_IMG_20151106_134733_cell_105.png,smear,malaria,test
data/malaria/raw/cell_images/Uninfected/C117P78ThinF_IMG_20150930_214629_cell_94.png,smear,malaria,test
data/malaria/raw/cell_images/Uninfected/C82P43ThinF_IMG_20150817_124418_cell_39.png,smear,malaria,test
data/malaria/raw/cell_images/Uninfected/C135P96ThinF_IMG_20151005_124031_cell_70.png,smear,malaria,test
data/malaria/raw/cell_images/Parasitized/C68P29N_ThinF_IMG_20150819_134712_cell_56.png,smear,malaria,test
data/malaria/raw/cell_images/Parasitized/C68P29N_ThinF_IMG_20150819_133447_cell_178.png,smear,malaria,test
data/malaria/raw/cell_images/Uninfected/C212ThinF_IMG_20151106_105941_cell_247.png,smear,malaria,test
data/malaria/raw/cell_images/Uninfected/C154P115ThinF_IMG_20151115_141621_cell_47.png,smear,malaria,test
data/malaria/raw/cell_images/Uninfected/C179P140ThinF_IMG_20151127_153420_cell_161.png,smear,malaria,test
data/malaria/raw/cell_images/Uninfected/C67P28N_ThinF_IMG_20150819_133000_cell_53.png,smear,malaria,test
data/malaria/raw/cell_images/Uninfected/C78P39ThinF_IMG_20150606_104936_cell_117.png,smear,malaria,test
data/malaria/raw/cell_images/Uninfected/C1_thinF_IMG_20150604_104919_cell_224.png,smear,malaria,test
data/malaria/raw/cell_images/Uninfected/C182P143NThinF_IMG_20151201_171836_cell_109.png,smear,malaria,test
data/malaria/raw/cell_images/Parasitized/C116P77ThinF_IMG_20150930_171844_cell_97.png,smear,malaria,test
data/malaria/raw/cell_images/Parasitized/C39P4thinF_original_IMG_20150622_105253_cell_101.png,smear,malaria,test
data/malaria/raw/cell_images/Uninfected/C53P14thinF_IMG_20150726_114918_cell_19.png,smear,malaria,test
data/malaria/raw/cell_images/Uninfected/C208ThinF_IMG_20151029_155436_cell_125.png,smear,malaria,test
data/malaria/raw/cell_images/Parasitized/C184P145ThinF_IMG_20151203_102405_cell_152.png,smear,malaria,test
data/malaria/raw/cell_images/Parasitized/C99P60ThinF_IMG_20150918_141129_cell_110.png,smear,malaria,test
data/malaria/raw/cell_images/Uninfected/C128P89ThinF_IMG_20151004_131753_cell_49.png,smear,malaria,test
data/malaria/raw/cell_images/Parasitized/C39P4thinF_original_IMG_20150622_105554_cell_24.png,smear,malaria,test
data/malaria/raw/cell_images/Parasitized/C145P106ThinF_IMG_20151016_154309_cell_151.png,smear,malaria,test
data/malaria/raw/cell_images/Uninfected/C116P77ThinF_IMG_20150930_171739_cell_32.png,smear,malaria,test
data/malaria/raw/cell_images/Uninfected/C115P76ThinF_IMG_20150930_162038_cell_183.png,smear,malaria,test
data/malaria/raw/cell_images/Uninfected/C213ThinF_IMG_20151106_112422_cell_180.png,smear,malaria,test
data/malaria/raw/cell_images/Uninfected/C171P132ThinF_IMG_20151119_153851_cell_26.png,smear,malaria,test
data/malaria/raw/cell_images/Parasitized/C183P144NThinF_IMG_20151201_222119_cell_139.png,smear,malaria,test
data/malaria/raw/cell_images/Parasitized/C103P64ThinF_IMG_20150918_164250_cell_173.png,smear,malaria,test
data/malaria/raw/cell_images/Uninfected/C129P90ThinF_IMG_20151004_133329_cell_36.png,smear,malaria,test
data/malaria/raw/cell_images/Parasitized/C149P110ThinF_IMG_20151115_114729_cell_266.png,smear,malaria,test
data/malaria/raw/cell_images/Uninfected/C107P68ThinF_IMG_20150924_222233_cell_66.png,smear,malaria,test
data/malaria/raw/cell_images/Parasitized/C119P80ThinF_IMG_20151002_123043_cell_154.png,smear,malaria,test
data/malaria/raw/cell_images/Uninfected/C76P37ThinF_IMG_20150815_171454_cell_209.png,smear,malaria,test
data/malaria/raw/cell_images/Uninfected/C138P99ThinF_IMG_20151005_171116_cell_59.png,smear,malaria,test
data/malaria/raw/cell_images/Uninfected/C61P22N_ThinF_IMG_20150818_112252_cell_96.png,smear,malaria,test
data/malaria/raw/cell_images/Uninfected/C135P96ThinF_IMG_20151005_123441_cell_131.png,smear,malaria,test
data/malaria/raw/cell_images/Uninfected/C107P68ThinF_IMG_20150924_222535_cell_84.png,smear,malaria,test
data/malaria/raw/cell_images/Uninfected/C73P34_ThinF_IMG_20150815_111501_cell_81.png,smear,malaria,test
data/malaria/raw/cell_images/Uninfected/C208ThinF_IMG_20151029_155554_cell_46.png,smear,malaria,test
data/malaria/raw/cell_images/Parasitized/C180P141NThinF_IMG_20151201_165601_cell_162.png,smear,malaria,test
data/malaria/raw/cell_images/Uninfected/C213ThinF_IMG_20151106_112422_cell_134.png,smear,malaria,test
data/malaria/raw/cell_images/Parasitized/C39P4thinF_original_IMG_20150622_105253_cell_102.png,smear,malaria,test
data/malaria/raw/cell_images/Uninfected/C239ThinF_IMG_20151127_113253_cell_61.png,smear,malaria,test
data/malaria/raw/cell_images/Parasitized/C167P128ReThinF_IMG_20151201_105707_cell_226.png,smear,malaria,test
data/malaria/raw/cell_images/Parasitized/C118P79ThinF_IMG_20151002_110002_cell_5.png,smear,malaria,test
data/malaria/raw/cell_images/Parasitized/C74P35_ThinF_IMG_20150815_114555_cell_131.png,smear,malaria,test
data/malaria/raw/cell_images/Uninfected/C209ThinF_IMG_20151029_160721_cell_229.png,smear,malaria,test
data/malaria/raw/cell_images/Parasitized/C57P18thinF_IMG_20150729_110305_cell_221.png,smear,malaria,test
data/malaria/raw/cell_images/Parasitized/C70P31_ThinF_IMG_20150819_141436_cell_109.png,smear,malaria,test
data/malaria/raw/cell_images/Parasitized/C48P9thinF_IMG_20150721_164129_cell_25.png,smear,malaria,test
data/malaria/raw/cell_images/Uninfected/C237ThinF_IMG_20151127_104748_cell_43.png,smear,malaria,test
data/malaria/raw/cell_images/Parasitized/C137P98ThinF_IMG_20151005_163251_cell_69.png,smear,malaria,test
data/malaria/raw/cell_images/Parasitized/C80P41ThinF_IMG_20150817_111802_cell_9.png,smear,malaria,test
data/malaria/raw/cell_images/Uninfected/C55P16thinF_IMG_20150728_123510_cell_129.png,smear,malaria,test
data/malaria/raw/cell_images/Uninfected/C230ThinF_IMG_20151112_150647_cell_73.png,smear,malaria,test
data/malaria/raw/cell_images/Uninfected/C119P80ThinF_IMG_20151002_123043_cell_130.png,smear,malaria,test
data/malaria/raw/cell_images/Parasitized/C48P9thinF_IMG_20150721_161243_cell_161.png,smear,malaria,test
data/malaria/raw/cell_images/Parasitized/C90P51ThinF_IMG_20150821_115846_cell_238.png,smear,malaria,test
data/malaria/raw/cell_images/Uninfected/C121P82ThinF_IMG_20151002_134953_cell_37.png,smear,malaria,test
data/malaria/raw/cell_images/Uninfected/C178P139NThinF_IMG_20151201_155012_cell_88.png,smear,malaria,test
data/malaria/raw/cell_images/Parasitized/C48P9thinF_IMG_20150721_164129_cell_23.png,smear,malaria,test
data/malaria/raw/cell_images/Uninfected/C63P24N_ThinF_IMG_20150818_142948_cell_74.png,smear,malaria,test
data/malaria/raw/cell_images/Uninfected/C48P9thinF_IMG_20150721_161243_cell_39.png,smear,malaria,test
data/malaria/raw/cell_images/Parasitized/C182P143NThinF_IMG_20151201_172607_cell_5.png,smear,malaria,test
data/malaria/raw/cell_images/Uninfected/C143P104ThinF_IMG_20151005_225454_cell_46.png,smear,malaria,test
data/malaria/raw/cell_images/Uninfected/C72P33_ThinF_IMG_20150815_105823_cell_223.png,smear,malaria,test
data/malaria/raw/cell_images/Parasitized/C120P81ThinF_IMG_20151002_125443_cell_148.png,smear,malaria,test
data/malaria/raw/cell_images/Parasitized/C184P145ThinF_IMG_20151203_104030_cell_8.png,smear,malaria,test
data/malaria/raw/cell_images/Uninfected/C186P147NThinF_IMG_20151203_150808_cell_66.png,smear,malaria,test
data/malaria/raw/cell_images/Uninfected/C33P1thinF_IMG_20150619_121300a_cell_46.png,smear,malaria,test
data/malaria/raw/cell_images/Uninfected/C123P84ThinF_IMG_20151002_150931_cell_161.png,smear,malaria,test
data/malaria/raw/cell_images/Uninfected/C130P91ThinF_IMG_20151004_141428_cell_60.png,smear,malaria,test
data/malaria/raw/cell_images/Uninfected/C69P30N_ThinF_IMG_20150819_140143_cell_148.png,smear,malaria,test
data/malaria/raw/cell_images/Uninfected/C127P88ThinF_IMG_20151004_111220_cell_65.png,smear,malaria,test
data/malaria/raw/cell_images/Uninfected/C220ThinF_IMG_20151106_153947_cell_254.png,smear,malaria,test
data/malaria/raw/cell_images/Parasitized/C137P98ThinF_IMG_20151005_163901_cell_75.png,smear,malaria,test
data/malaria/raw/cell_images/Parasitized/C78P39ThinF_IMG_20150606_103459_cell_167.png,smear,malaria,test
data/malaria/raw/cell_images/Uninfected/C182P143NThinF_IMG_20151201_171836_cell_79.png,smear,malaria,test
data/malaria/raw/cell_images/Parasitized/C70P31_ThinF_IMG_20150819_142703_cell_3.png,smear,malaria,test
data/malaria/raw/cell_images/Parasitized/C93P54ThinF_IMG_20150821_162641_cell_222.png,smear,malaria,test
data/malaria/raw/cell_images/Parasitized/C186P147NThinF_IMG_20151203_150408_cell_166.png,smear,malaria,test
data/malaria/raw/cell_images/Parasitized/C46P7ThinF_IMG_20151130_205756_cell_130.png,smear,malaria,test
data/malaria/raw/cell_images/Parasitized/C81P42ThinF_IMG_20150817_121113_cell_178.png,smear,malaria,test
data/malaria/raw/cell_images/Parasitized/C39P4thinF_original_IMG_20150622_110352_cell_86.png,smear,malaria,test
data/malaria/raw/cell_images/Parasitized/C59P20thinF_IMG_20150803_113139_cell_17.png,smear,malaria,test
data/malaria/raw/cell_images/Uninfected/C166P127ThinF_IMG_20151117_194932_cell_104.png,smear,malaria,test
data/malaria/raw/cell_images/Uninfected/C100P61ThinF_IMG_20150918_145609_cell_48.png,smear,malaria,test
data/malaria/raw/cell_images/Uninfected/C61P22N_ThinF_IMG_20150818_112704_cell_116.png,smear,malaria,test
data/malaria/raw/cell_images/Parasitized/C180P141NThinF_IMG_20151201_165659_cell_41.png,smear,malaria,test
data/malaria/raw/cell_images/Parasitized/C84P45ThinF_IMG_20150818_101257_cell_76.png,smear,malaria,test
data/malaria/raw/cell_images/Parasitized/C186P147NThinF_IMG_20151203_150557_cell_187.png,smear,malaria,test
data/malaria/raw/cell_images/Parasitized/C89P50ThinF_IMG_20150820_162504_cell_197.png,smear,malaria,test
data/malaria/raw/cell_images/Uninfected/C139P100ThinF_IMG_20151005_182822_cell_83.png,smear,malaria,test
data/malaria/raw/cell_images/Parasitized/C130P91ThinF_IMG_20151004_141825_cell_133.png,smear,malaria,test
data/malaria/raw/cell_images/Parasitized/C99P60ThinF_IMG_20150918_141620_cell_43.png,smear,malaria,test
data/raw/Negative/Clear/143.jpg,smear,sickle_cell,train
data/raw/Negative/Clear/44.jpg,smear,sickle_cell,train
data/raw/Negative/Clear/29.jpg,smear,sickle_cell,train
data/raw/Positive/Unlabelled/170.jpg,smear,sickle_cell,train
data/raw/Positive/Unlabelled/65.jpg,smear,sickle_cell,train
data/raw/Positive/Unlabelled/221.jpg,smear,sickle_cell,train
data/raw/Positive/Unlabelled/355.jpg,smear,sickle_cell,train
data/raw/Positive/Unlabelled/349.jpg,smear,sickle_cell,train
data/raw/Positive/Unlabelled/135.jpg,smear,sickle_cell,train
data/raw/Positive/Unlabelled/378.jpg,smear,sickle_cell,train
data/raw/Positive/Unlabelled/118.jpg,smear,sickle_cell,train
data/raw/Positive/Unlabelled/12.jpg,smear,sickle_cell,train
data/raw/Negative/Clear/86.jpg,smear,sickle_cell,train
data/raw/Negative/Clear/48.jpg,smear,sickle_cell,train
data/raw/Positive/Unlabelled/28.jpg,smear,sickle_cell,train
data/raw/Positive/Unlabelled/203.jpg,smear,sickle_cell,train
data/raw/Positive/Unlabelled/277.jpg,smear,sickle_cell,train
data/raw/Positive/Unlabelled/197.jpg,smear,sickle_cell,train
data/raw/Negative/Clear/50.jpg,smear,sickle_cell,train
data/raw/Negative/Clear/89.jpg,smear,sickle_cell,train
data/raw/Positive/Unlabelled/238.jpg,smear,sickle_cell,train
data/raw/Negative/Clear/132.jpg,smear,sickle_cell,train
data/raw/Positive/Unlabelled/42.jpg,smear,sickle_cell,train
data/raw/Negative/Clear/17.jpg,smear,sickle_cell,train
data/raw/Positive/Unlabelled/291.jpg,smear,sickle_cell,train
data/raw/Positive/Unlabelled/94.jpg,smear,sickle_cell,train
data/raw/Positive/Unlabelled/305.jpg,smear,sickle_cell,train
data/raw/Positive/Unlabelled/410.jpg,smear,sickle_cell,train
data/raw/Positive/Unlabelled/306.jpg,smear,sickle_cell,train
data/raw/Positive/Unlabelled/1.jpg,smear,sickle_cell,train
data/raw/Positive/Unlabelled/409.jpg,smear,sickle_cell,train
data/raw/Positive/Unlabelled/275.jpg,smear,sickle_cell,train
data/raw/Positive/Unlabelled/354.jpg,smear,sickle_cell,train
data/raw/Positive/Unlabelled/422.jpg,smear,sickle_cell,train
data/raw/Negative/Clear/134.jpg,smear,sickle_cell,train
data/raw/Positive/Unlabelled/371.jpg,smear,sickle_cell,train
data/raw/Positive/Unlabelled/340.jpg,smear,sickle_cell,train
data/raw/Positive/Unlabelled/189.jpg,smear,sickle_cell,train
data/raw/Negative/Clear/125.jpg,smear,sickle_cell,train
data/raw/Positive/Unlabelled/397.jpg,smear,sickle_cell,train
data/raw/Negative/Clear/78.jpg,smear,sickle_cell,train
data/raw/Positive/Unlabelled/162.jpg,smear,sickle_cell,train
data/raw/Negative/Clear/12.jpg,smear,sickle_cell,train
data/raw/Negative/Clear/67.jpg,smear,sickle_cell,train
data/raw/Positive/Unlabelled/7.jpg,smear,sickle_cell,train
data/raw/Positive/Unlabelled/61.jpg,smear,sickle_cell,train
data/raw/Positive/Unlabelled/211.jpg,smear,sickle_cell,train
data/raw/Positive/Unlabelled/320.jpg,smear,sickle_cell,train
data/raw/Negative/Clear/18.jpg,smear,sickle_cell,train
data/raw/Positive/Unlabelled/35.jpg,smear,sickle_cell,train
data/raw/Negative/Clear/40.jpg,smear,sickle_cell,train
data/raw/Positive/Unlabelled/356.jpg,smear,sickle_cell,train
data/raw/Positive/Unlabelled/330.jpg,smear,sickle_cell,train
data/raw/Positive/Unlabelled/336.jpg,smear,sickle_cell,train
data/raw/Positive/Unlabelled/334.jpg,smear,sickle_cell,train
data/raw/Positive/Unlabelled/323.jpg,smear,sickle_cell,train
data/raw/Positive/Unlabelled/131.jpg,smear,sickle_cell,train
data/raw/Negative/Clear/139.jpg,smear,sickle_cell,train
data/raw/Positive/Unlabelled/184.jpg,smear,sickle_cell,train
data/raw/Positive/Unlabelled/313.jpg,smear,sickle_cell,train
data/raw/Positive/Unlabelled/281.jpg,smear,sickle_cell,train
data/raw/Positive/Unlabelled/182.jpg,smear,sickle_cell,train
data/raw/Positive/Unlabelled/268.jpg,smear,sickle_cell,train
data/raw/Positive/Unlabelled/200.jpg,smear,sickle_cell,train
data/raw/Positive/Unlabelled/398.jpg,smear,sickle_cell,train
data/raw/Positive/Unlabelled/78.jpg,smear,sickle_cell,train
data/raw/Positive/Unlabelled/81.jpg,smear,sickle_cell,train
data/raw/Negative/Clear/131.jpg,smear,sickle_cell,train
data/raw/Positive/Unlabelled/231.jpg,smear,sickle_cell,train
data/raw/Negative/Clear/61.jpg,smear,sickle_cell,train
data/raw/Positive/Unlabelled/294.jpg,smear,sickle_cell,train
data/raw/Positive/Unlabelled/150.jpg,smear,sickle_cell,train
data/raw/Positive/Unlabelled/62.jpg,smear,sickle_cell,train
data/raw/Positive/Unlabelled/15.jpg,smear,sickle_cell,train
data/raw/Positive/Unlabelled/212.jpg,smear,sickle_cell,train
data/raw/Negative/Clear/82.jpg,smear,sickle_cell,train
data/raw/Positive/Unlabelled/269.jpg,smear,sickle_cell,train
data/raw/Positive/Unlabelled/390.jpg,smear,sickle_cell,train
data/raw/Negative/Clear/64.jpg,smear,sickle_cell,train
data/raw/Positive/Unlabelled/16.jpg,smear,sickle_cell,train
data/raw/Positive/Unlabelled/147.jpg,smear,sickle_cell,train
data/raw/Negative/Clear/42.jpg,smear,sickle_cell,train
data/raw/Positive/Unlabelled/156.jpg,smear,sickle_cell,train
data/raw/Negative/Clear/99.jpg,smear,sickle_cell,train
data/raw/Positive/Unlabelled/262.jpg,smear,sickle_cell,train
data/raw/Positive/Unlabelled/72.jpg,smear,sickle_cell,train
data/raw/Positive/Unlabelled/4.jpg,smear,sickle_cell,train
data/raw/Positive/Unlabelled/228.jpg,smear,sickle_cell,train
data/raw/Positive/Unlabelled/214.jpg,smear,sickle_cell,train
data/raw/Positive/Unlabelled/265.jpg,smear,sickle_cell,train
data/raw/Positive/Unlabelled/236.jpg,smear,sickle_cell,train
data/raw/Negative/Clear/46.jpg,smear,sickle_cell,train
data/raw/Positive/Unlabelled/316.jpg,smear,sickle_cell,train
data/raw/Negative/Clear/65.jpg,smear,sickle_cell,train
data/raw/Positive/Unlabelled/352.jpg,smear,sickle_cell,train
data/raw/Positive/Unlabelled/63.jpg,smear,sickle_cell,train
data/raw/Negative/Clear/109.jpg,smear,sickle_cell,train
data/raw/Positive/Unlabelled/288.jpg,smear,sickle_cell,train
data/raw/Positive/Unlabelled/296.jpg,smear,sickle_cell,train
data/raw/Positive/Unlabelled/59.jpg,smear,sickle_cell,train
data/raw/Negative/Clear/20.jpg,smear,sickle_cell,train
data/raw/Positive/Unlabelled/219.jpg,smear,sickle_cell,train
data/raw/Positive/Unlabelled/165.jpg,smear,sickle_cell,train
data/raw/Negative/Clear/45.jpg,smear,sickle_cell,train
data/raw/Positive/Unlabelled/155.jpg,smear,sickle_cell,train
data/raw/Positive/Unlabelled/309.jpg,smear,sickle_cell,train
data/raw/Negative/Clear/88.jpg,smear,sickle_cell,train
data/raw/Positive/Unlabelled/233.jpg,smear,sickle_cell,train
data/raw/Positive/Unlabelled/99.jpg,smear,sickle_cell,train
data/raw/Positive/Unlabelled/380.jpg,smear,sickle_cell,train
data/raw/Negative/Clear/129.jpg,smear,sickle_cell,train
data/raw/Negative/Clear/115.jpg,smear,sickle_cell,train
data/raw/Positive/Unlabelled/84.jpg,smear,sickle_cell,train
data/raw/Negative/Clear/112.jpg,smear,sickle_cell,train
data/raw/Positive/Unlabelled/350.jpg,smear,sickle_cell,train
data/raw/Positive/Unlabelled/33.jpg,smear,sickle_cell,train
data/raw/Positive/Unlabelled/163.jpg,smear,sickle_cell,train
data/raw/Negative/Clear/91.jpg,smear,sickle_cell,train
data/raw/Positive/Unlabelled/357.jpg,smear,sickle_cell,train
data/raw/Positive/Unlabelled/178.jpg,smear,sickle_cell,train
data/raw/Positive/Unlabelled/224.jpg,smear,sickle_cell,train
data/raw/Positive/Unlabelled/179.jpg,smear,sickle_cell,train
data/raw/Positive/Unlabelled/23.jpg,smear,sickle_cell,train
data/raw/Positive/Unlabelled/202.jpg,smear,sickle_cell,train
data/raw/Negative/Clear/83.jpg,smear,sickle_cell,train
data/raw/Positive/Unlabelled/49.jpg,smear,sickle_cell,train
data/raw/Negative/Clear/79.jpg,smear,sickle_cell,train
data/raw/Positive/Unlabelled/345.jpg,smear,sickle_cell,train
data/raw/Positive/Unlabelled/109.jpg,smear,sickle_cell,train
data/raw/Positive/Unlabelled/169.jpg,smear,sickle_cell,train
data/raw/Positive/Unlabelled/388.jpg,smear,sickle_cell,train
data/raw/Negative/Clear/120.jpg,smear,sickle_cell,train
data/raw/Positive/Unlabelled/152.jpg,smear,sickle_cell,train
data/raw/Positive/Unlabelled/66.jpg,smear,sickle_cell,train
data/raw/Negative/Clear/69.jpg,smear,sickle_cell,train
data/raw/Positive/Unlabelled/315.jpg,smear,sickle_cell,train
data/raw/Positive/Unlabelled/270.jpg,smear,sickle_cell,train
data/raw/Positive/Unlabelled/20.jpg,smear,sickle_cell,train
data/raw/Negative/Clear/100.jpg,smear,sickle_cell,train
data/raw/Positive/Unlabelled/253.jpg,smear,sickle_cell,train
data/raw/Positive/Unlabelled/79.jpg,smear,sickle_cell,train
data/raw/Negative/Clear/1.jpg,smear,sickle_cell,train
data/raw/Positive/Unlabelled/43.jpg,smear,sickle_cell,train
data/raw/Negative/Clear/116.jpg,smear,sickle_cell,train
data/raw/Positive/Unlabelled/261.jpg,smear,sickle_cell,train
data/raw/Positive/Unlabelled/52.jpg,smear,sickle_cell,train
data/raw/Positive/Unlabelled/37.jpg,smear,sickle_cell,train
data/raw/Positive/Unlabelled/39.jpg,smear,sickle_cell,train
data/raw/Positive/Unlabelled/175.jpg,smear,sickle_cell,train
data/raw/Positive/Unlabelled/166.jpg,smear,sickle_cell,train
data/raw/Positive/Unlabelled/144.jpg,smear,sickle_cell,train
data/raw/Positive/Unlabelled/358.jpg,smear,sickle_cell,train
data/raw/Positive/Unlabelled/331.jpg,smear,sickle_cell,train
data/raw/Positive/Unlabelled/13.jpg,smear,sickle_cell,train
data/raw/Positive/Unlabelled/298.jpg,smear,sickle_cell,train
data/raw/Positive/Unlabelled/280.jpg,smear,sickle_cell,train
data/raw/Positive/Unlabelled/148.jpg,smear,sickle_cell,train
data/raw/Negative/Clear/140.jpg,smear,sickle_cell,train
data/raw/Positive/Unlabelled/199.jpg,smear,sickle_cell,train
data/raw/Negative/Clear/101.jpg,smear,sickle_cell,train
data/raw/Positive/Unlabelled/217.jpg,smear,sickle_cell,train
data/raw/Positive/Unlabelled/412.jpg,smear,sickle_cell,train
data/raw/Positive/Unlabelled/154.jpg,smear,sickle_cell,train
data/raw/Positive/Unlabelled/58.jpg,smear,sickle_cell,train
data/raw/Negative/Clear/24.jpg,smear,sickle_cell,train
data/raw/Positive/Unlabelled/126.jpg,smear,sickle_cell,train
data/raw/Positive/Unlabelled/271.jpg,smear,sickle_cell,train
data/raw/Positive/Unlabelled/285.jpg,smear,sickle_cell,train
data/raw/Positive/Unlabelled/3.jpg,smear,sickle_cell,train
data/raw/Positive/Unlabelled/317.jpg,smear,sickle_cell,train
data/raw/Negative/Clear/73.jpg,smear,sickle_cell,train
data/raw/Negative/Clear/5.jpg,smear,sickle_cell,train
data/raw/Positive/Unlabelled/235.jpg,smear,sickle_cell,train
data/raw/Positive/Unlabelled/360.jpg,smear,sickle_cell,train
data/raw/Positive/Unlabelled/399.jpg,smear,sickle_cell,train
data/raw/Positive/Unlabelled/121.jpg,smear,sickle_cell,train
data/raw/Negative/Clear/35.jpg,smear,sickle_cell,train
data/raw/Positive/Unlabelled/287.jpg,smear,sickle_cell,train
data/raw/Positive/Unlabelled/60.jpg,smear,sickle_cell,train
data/raw/Positive/Unlabelled/133.jpg,smear,sickle_cell,train
data/raw/Negative/Clear/123.jpg,smear,sickle_cell,train
data/raw/Positive/Unlabelled/153.jpg,smear,sickle_cell,train
data/raw/Positive/Unlabelled/40.jpg,smear,sickle_cell,train
data/raw/Positive/Unlabelled/209.jpg,smear,sickle_cell,train
data/raw/Positive/Unlabelled/359.jpg,smear,sickle_cell,train
data/raw/Positive/Unlabelled/234.jpg,smear,sickle_cell,train
data/raw/Negative/Clear/6.jpg,smear,sickle_cell,train
data/raw/Negative/Clear/85.jpg,smear,sickle_cell,train
data/raw/Positive/Unlabelled/36.jpg,smear,sickle_cell,train
data/raw/Positive/Unlabelled/311.jpg,smear,sickle_cell,train
data/raw/Positive/Unlabelled/69.jpg,smear,sickle_cell,train
data/raw/Positive/Unlabelled/370.jpg,smear,sickle_cell,train
data/raw/Negative/Clear/105.jpg,smear,sickle_cell,train
data/raw/Positive/Unlabelled/206.jpg,smear,sickle_cell,train
data/raw/Positive/Unlabelled/290.jpg,smear,sickle_cell,train
data/raw/Positive/Unlabelled/116.jpg,smear,sickle_cell,train
data/raw/Positive/Unlabelled/324.jpg,smear,sickle_cell,train
data/raw/Negative/Clear/57.jpg,smear,sickle_cell,train
data/raw/Positive/Unlabelled/83.jpg,smear,sickle_cell,train
data/raw/Positive/Unlabelled/70.jpg,smear,sickle_cell,train
data/raw/Negative/Clear/144.jpg,smear,sickle_cell,train
data/raw/Negative/Clear/43.jpg,smear,sickle_cell,train
data/raw/Positive/Unlabelled/307.jpg,smear,sickle_cell,train
data/raw/Positive/Unlabelled/106.jpg,smear,sickle_cell,train
data/raw/Positive/Unlabelled/239.jpg,smear,sickle_cell,train
data/raw/Positive/Unlabelled/180.jpg,smear,sickle_cell,train
data/raw/Positive/Unlabelled/376.jpg,smear,sickle_cell,train
data/raw/Positive/Unlabelled/391.jpg,smear,sickle_cell,train
data/raw/Positive/Unlabelled/168.jpg,smear,sickle_cell,train
data/raw/Negative/Clear/52.jpg,smear,sickle_cell,train
data/raw/Positive/Unlabelled/77.jpg,smear,sickle_cell,train
data/raw/Negative/Clear/28.jpg,smear,sickle_cell,train
data/raw/Positive/Unlabelled/256.jpg,smear,sickle_cell,train
data/raw/Positive/Unlabelled/411.jpg,smear,sickle_cell,train
data/raw/Positive/Unlabelled/138.jpg,smear,sickle_cell,train
data/raw/Positive/Unlabelled/274.jpg,smear,sickle_cell,train
data/raw/Positive/Unlabelled/5.jpg,smear,sickle_cell,train
data/raw/Negative/Clear/90.jpg,smear,sickle_cell,train
data/raw/Negative/Clear/133.jpg,smear,sickle_cell,train
data/raw/Positive/Unlabelled/421.jpg,smear,sickle_cell,train
data/raw/Positive/Unlabelled/85.jpg,smear,sickle_cell,train
data/raw/Negative/Clear/137.jpg,smear,sickle_cell,train
data/raw/Positive/Unlabelled/158.jpg,smear,sickle_cell,train
data/raw/Positive/Unlabelled/191.jpg,smear,sickle_cell,train
data/raw/Negative/Clear/51.jpg,smear,sickle_cell,train
data/raw/Positive/Unlabelled/17.jpg,smear,sickle_cell,train
data/raw/Positive/Unlabelled/51.jpg,smear,sickle_cell,train
data/raw/Positive/Unlabelled/88.jpg,smear,sickle_cell,train
data/raw/Positive/Unlabelled/128.jpg,smear,sickle_cell,train
data/raw/Negative/Clear/47.jpg,smear,sickle_cell,train
data/raw/Positive/Unlabelled/32.jpg,smear,sickle_cell,train
data/raw/Negative/Clear/8.jpg,smear,sickle_cell,train
data/raw/Positive/Unlabelled/100.jpg,smear,sickle_cell,train
data/raw/Negative/Clear/19.jpg,smear,sickle_cell,train
data/raw/Negative/Clear/147.jpg,smear,sickle_cell,train
data/raw/Positive/Unlabelled/348.jpg,smear,sickle_cell,train
data/raw/Positive/Unlabelled/101.jpg,smear,sickle_cell,train
data/raw/Negative/Clear/145.jpg,smear,sickle_cell,train
data/raw/Negative/Clear/108.jpg,smear,sickle_cell,train
data/raw/Positive/Unlabelled/50.jpg,smear,sickle_cell,train
data/raw/Positive/Unlabelled/272.jpg,smear,sickle_cell,train
data/raw/Positive/Unlabelled/215.jpg,smear,sickle_cell,train
data/raw/Positive/Unlabelled/127.jpg,smear,sickle_cell,train
data/raw/Positive/Unlabelled/97.jpg,smear,sickle_cell,train
data/raw/Positive/Unlabelled/223.jpg,smear,sickle_cell,train
data/raw/Positive/Unlabelled/406.jpg,smear,sickle_cell,train
data/raw/Positive/Unlabelled/322.jpg,smear,sickle_cell,train
data/raw/Positive/Unlabelled/314.jpg,smear,sickle_cell,train
data/raw/Positive/Unlabelled/279.jpg,smear,sickle_cell,train
data/raw/Negative/Clear/84.jpg,smear,sickle_cell,train
data/raw/Negative/Clear/102.jpg,smear,sickle_cell,train
data/raw/Positive/Unlabelled/27.jpg,smear,sickle_cell,train
data/raw/Positive/Unlabelled/120.jpg,smear,sickle_cell,train
data/raw/Positive/Unlabelled/56.jpg,smear,sickle_cell,train
data/raw/Positive/Unlabelled/140.jpg,smear,sickle_cell,train
data/raw/Positive/Unlabelled/145.jpg,smear,sickle_cell,train
data/raw/Positive/Unlabelled/304.jpg,smear,sickle_cell,train
data/raw/Positive/Unlabelled/343.jpg,smear,sickle_cell,train
data/raw/Positive/Unlabelled/198.jpg,smear,sickle_cell,train
data/raw/Negative/Clear/3.jpg,smear,sickle_cell,train
data/raw/Negative/Clear/37.jpg,smear,sickle_cell,train
data/raw/Positive/Unlabelled/375.jpg,smear,sickle_cell,train
data/raw/Negative/Clear/68.jpg,smear,sickle_cell,train
data/raw/Positive/Unlabelled/204.jpg,smear,sickle_cell,train
data/raw/Negative/Clear/118.jpg,smear,sickle_cell,train
data/raw/Positive/Unlabelled/188.jpg,smear,sickle_cell,train
data/raw/Negative/Clear/70.jpg,smear,sickle_cell,train
data/raw/Positive/Unlabelled/260.jpg,smear,sickle_cell,train
data/raw/Positive/Unlabelled/364.jpg,smear,sickle_cell,train
data/raw/Positive/Unlabelled/276.jpg,smear,sickle_cell,train
data/raw/Negative/Clear/77.jpg,smear,sickle_cell,train
data/raw/Negative/Clear/71.jpg,smear,sickle_cell,train
data/raw/Positive/Unlabelled/418.jpg,smear,sickle_cell,train
data/raw/Negative/Clear/2.jpg,smear,sickle_cell,train
data/raw/Positive/Unlabelled/403.jpg,smear,sickle_cell,train
data/raw/Positive/Unlabelled/173.jpg,smear,sickle_cell,train
data/raw/Negative/Clear/62.jpg,smear,sickle_cell,train
data/raw/Negative/Clear/14.jpg,smear,sickle_cell,train
data/raw/Negative/Clear/38.jpg,smear,sickle_cell,train
data/raw/Positive/Unlabelled/25.jpg,smear,sickle_cell,train
data/raw/Positive/Unlabelled/38.jpg,smear,sickle_cell,train
data/raw/Positive/Unlabelled/30.jpg,smear,sickle_cell,train
data/raw/Positive/Unlabelled/73.jpg,smear,sickle_cell,train
data/raw/Positive/Unlabelled/218.jpg,smear,sickle_cell,train
data/raw/Positive/Unlabelled/151.jpg,smear,sickle_cell,train
data/raw/Positive/Unlabelled/194.jpg,smear,sickle_cell,train
data/raw/Negative/Clear/130.jpg,smear,sickle_cell,train
data/raw/Positive/Unlabelled/124.jpg,smear,sickle_cell,train
data/raw/Positive/Unlabelled/157.jpg,smear,sickle_cell,train
data/raw/Positive/Unlabelled/34.jpg,smear,sickle_cell,train
data/raw/Positive/Unlabelled/402.jpg,smear,sickle_cell,train
data/raw/Positive/Unlabelled/75.jpg,smear,sickle_cell,train
data/raw/Positive/Unlabelled/132.jpg,smear,sickle_cell,train
data/raw/Negative/Clear/141.jpg,smear,sickle_cell,train
data/raw/Positive/Unlabelled/46.jpg,smear,sickle_cell,train
data/raw/Positive/Unlabelled/86.jpg,smear,sickle_cell,train
data/raw/Positive/Unlabelled/207.jpg,smear,sickle_cell,train
data/raw/Negative/Clear/146.jpg,smear,sickle_cell,train
data/raw/Negative/Clear/36.jpg,smear,sickle_cell,train
data/raw/Negative/Clear/30.jpg,smear,sickle_cell,train
data/raw/Positive/Unlabelled/333.jpg,smear,sickle_cell,train
data/raw/Positive/Unlabelled/383.jpg,smear,sickle_cell,train
data/raw/Positive/Unlabelled/196.jpg,smear,sickle_cell,train
data/raw/Negative/Clear/27.jpg,smear,sickle_cell,train
data/raw/Negative/Clear/124.jpg,smear,sickle_cell,train
data/raw/Positive/Unlabelled/346.jpg,smear,sickle_cell,train
data/raw/Negative/Clear/117.jpg,smear,sickle_cell,train
data/raw/Positive/Unlabelled/229.jpg,smear,sickle_cell,train
data/raw/Positive/Unlabelled/385.jpg,smear,sickle_cell,train
data/raw/Positive/Unlabelled/250.jpg,smear,sickle_cell,train
data/raw/Positive/Unlabelled/299.jpg,smear,sickle_cell,train
data/raw/Negative/Clear/114.jpg,smear,sickle_cell,train
data/raw/Positive/Unlabelled/26.jpg,smear,sickle_cell,train
data/raw/Negative/Clear/49.jpg,smear,sickle_cell,train
data/raw/Positive/Unlabelled/6.jpg,smear,sickle_cell,train
data/raw/Positive/Unlabelled/286.jpg,smear,sickle_cell,train
data/raw/Positive/Unlabelled/67.jpg,smear,sickle_cell,train
data/raw/Negative/Clear/110.jpg,smear,sickle_cell,train
data/raw/Positive/Unlabelled/22.jpg,smear,sickle_cell,train
data/raw/Positive/Unlabelled/297.jpg,smear,sickle_cell,train
data/raw/Positive/Unlabelled/111.jpg,smear,sickle_cell,train
data/raw/Positive/Unlabelled/414.jpg,smear,sickle_cell,train
data/raw/Positive/Unlabelled/283.jpg,smear,sickle_cell,train
data/raw/Positive/Unlabelled/96.jpg,smear,sickle_cell,train
data/raw/Positive/Unlabelled/220.jpg,smear,sickle_cell,train
data/raw/Positive/Unlabelled/319.jpg,smear,sickle_cell,train
data/raw/Negative/Clear/122.jpg,smear,sickle_cell,train
data/raw/Negative/Clear/23.jpg,smear,sickle_cell,train
data/raw/Negative/Clear/106.jpg,smear,sickle_cell,train
data/raw/Positive/Unlabelled/419.jpg,smear,sickle_cell,train
data/raw/Positive/Unlabelled/362.jpg,smear,sickle_cell,train
data/raw/Positive/Unlabelled/237.jpg,smear,sickle_cell,train
data/raw/Negative/Clear/41.jpg,smear,sickle_cell,train
data/raw/Positive/Unlabelled/80.jpg,smear,sickle_cell,train
data/raw/Positive/Unlabelled/176.jpg,smear,sickle_cell,train
data/raw/Positive/Unlabelled/55.jpg,smear,sickle_cell,train
data/raw/Negative/Clear/58.jpg,smear,sickle_cell,train
data/raw/Positive/Unlabelled/57.jpg,smear,sickle_cell,train
data/raw/Positive/Unlabelled/53.jpg,smear,sickle_cell,train
data/raw/Negative/Clear/93.jpg,smear,sickle_cell,train
data/raw/Negative/Clear/16.jpg,smear,sickle_cell,train
data/raw/Positive/Unlabelled/310.jpg,smear,sickle_cell,train
data/raw/Positive/Unlabelled/171.jpg,smear,sickle_cell,train
data/raw/Positive/Unlabelled/240.jpg,smear,sickle_cell,train
data/raw/Negative/Clear/39.jpg,smear,sickle_cell,train
data/raw/Positive/Unlabelled/374.jpg,smear,sickle_cell,train
data/raw/Positive/Unlabelled/142.jpg,smear,sickle_cell,train
data/raw/Positive/Unlabelled/95.jpg,smear,sickle_cell,train
data/raw/Positive/Unlabelled/381.jpg,smear,sickle_cell,train
data/raw/Positive/Unlabelled/342.jpg,smear,sickle_cell,train
data/raw/Positive/Unlabelled/181.jpg,smear,sickle_cell,train
data/raw/Positive/Unlabelled/68.jpg,smear,sickle_cell,train
data/raw/Negative/Clear/135.jpg,smear,sickle_cell,train
data/raw/Positive/Unlabelled/160.jpg,smear,sickle_cell,train
data/raw/Positive/Unlabelled/263.jpg,smear,sickle_cell,train
data/raw/Positive/Unlabelled/267.jpg,smear,sickle_cell,train
data/raw/Positive/Unlabelled/71.jpg,smear,sickle_cell,train
data/raw/Negative/Clear/11.jpg,smear,sickle_cell,train
data/raw/Positive/Unlabelled/302.jpg,smear,sickle_cell,train
data/raw/Positive/Unlabelled/326.jpg,smear,sickle_cell,train
data/raw/Negative/Clear/60.jpg,smear,sickle_cell,train
data/raw/Negative/Clear/87.jpg,smear,sickle_cell,train
data/raw/Positive/Unlabelled/74.jpg,smear,sickle_cell,train
data/raw/Negative/Clear/103.jpg,smear,sickle_cell,train
data/raw/Positive/Unlabelled/29.jpg,smear,sickle_cell,train
data/raw/Positive/Unlabelled/161.jpg,smear,sickle_cell,train
data/raw/Positive/Unlabelled/14.jpg,smear,sickle_cell,train
data/raw/Positive/Unlabelled/351.jpg,smear,sickle_cell,train
data/raw/Positive/Unlabelled/393.jpg,smear,sickle_cell,train
data/raw/Positive/Unlabelled/2.jpg,smear,sickle_cell,train
data/raw/Positive/Unlabelled/208.jpg,smear,sickle_cell,train
data/raw/Positive/Unlabelled/363.jpg,smear,sickle_cell,train
data/raw/Negative/Clear/127.jpg,smear,sickle_cell,train
data/raw/Positive/Unlabelled/102.jpg,smear,sickle_cell,train
data/raw/Negative/Clear/21.jpg,smear,sickle_cell,train
data/raw/Positive/Unlabelled/31.jpg,smear,sickle_cell,train
data/raw/Positive/Unlabelled/241.jpg,smear,sickle_cell,train
data/raw/Negative/Clear/53.jpg,smear,sickle_cell,train
data/raw/Positive/Unlabelled/264.jpg,smear,sickle_cell,train
data/raw/Negative/Clear/59.jpg,smear,sickle_cell,train
data/raw/Positive/Unlabelled/213.jpg,smear,sickle_cell,train
data/raw/Positive/Unlabelled/245.jpg,smear,sickle_cell,train
data/raw/Positive/Unlabelled/347.jpg,smear,sickle_cell,train
data/raw/Positive/Unlabelled/190.jpg,smear,sickle_cell,train
data/raw/Positive/Unlabelled/48.jpg,smear,sickle_cell,train
data/raw/Negative/Clear/92.jpg,smear,sickle_cell,train
data/raw/Negative/Clear/33.jpg,smear,sickle_cell,train
data/raw/Positive/Unlabelled/225.jpg,smear,sickle_cell,train
data/raw/Positive/Unlabelled/19.jpg,smear,sickle_cell,train
data/raw/Positive/Unlabelled/252.jpg,smear,sickle_cell,train
data/raw/Positive/Unlabelled/130.jpg,smear,sickle_cell,train
data/raw/Positive/Unlabelled/377.jpg,smear,sickle_cell,train
data/raw/Negative/Clear/10.jpg,smear,sickle_cell,train
data/raw/Positive/Unlabelled/372.jpg,smear,sickle_cell,train
data/raw/Negative/Clear/7.jpg,smear,sickle_cell,train
data/raw/Positive/Unlabelled/379.jpg,smear,sickle_cell,train
data/raw/Positive/Unlabelled/82.jpg,smear,sickle_cell,train
data/raw/Positive/Unlabelled/44.jpg,smear,sickle_cell,train
data/raw/Positive/Unlabelled/134.jpg,smear,sickle_cell,val
data/raw/Negative/Clear/32.jpg,smear,sickle_cell,val
data/raw/Positive/Unlabelled/295.jpg,smear,sickle_cell,val
data/raw/Negative/Clear/94.jpg,smear,sickle_cell,val
data/raw/Positive/Unlabelled/8.jpg,smear,sickle_cell,val
data/raw/Negative/Clear/55.jpg,smear,sickle_cell,val
data/raw/Positive/Unlabelled/325.jpg,smear,sickle_cell,val
data/raw/Positive/Unlabelled/146.jpg,smear,sickle_cell,val
data/raw/Positive/Unlabelled/174.jpg,smear,sickle_cell,val
data/raw/Positive/Unlabelled/420.jpg,smear,sickle_cell,val
data/raw/Negative/Clear/9.jpg,smear,sickle_cell,val
data/raw/Positive/Unlabelled/301.jpg,smear,sickle_cell,val
data/raw/Positive/Unlabelled/244.jpg,smear,sickle_cell,val
data/raw/Positive/Unlabelled/18.jpg,smear,sickle_cell,val
data/raw/Positive/Unlabelled/407.jpg,smear,sickle_cell,val
data/raw/Positive/Unlabelled/21.jpg,smear,sickle_cell,val
data/raw/Negative/Clear/136.jpg,smear,sickle_cell,val
data/raw/Positive/Unlabelled/361.jpg,smear,sickle_cell,val
data/raw/Positive/Unlabelled/254.jpg,smear,sickle_cell,val
data/raw/Negative/Clear/34.jpg,smear,sickle_cell,val
data/raw/Positive/Unlabelled/312.jpg,smear,sickle_cell,val
data/raw/Positive/Unlabelled/143.jpg,smear,sickle_cell,val
data/raw/Negative/Clear/142.jpg,smear,sickle_cell,val
data/raw/Positive/Unlabelled/201.jpg,smear,sickle_cell,val
data/raw/Positive/Unlabelled/373.jpg,smear,sickle_cell,val
data/raw/Positive/Unlabelled/382.jpg,smear,sickle_cell,val
data/raw/Positive/Unlabelled/183.jpg,smear,sickle_cell,val
data/raw/Positive/Unlabelled/226.jpg,smear,sickle_cell,val
data/raw/Positive/Unlabelled/192.jpg,smear,sickle_cell,val
data/raw/Negative/Clear/81.jpg,smear,sickle_cell,val
data/raw/Positive/Unlabelled/89.jpg,smear,sickle_cell,val
data/raw/Positive/Unlabelled/341.jpg,smear,sickle_cell,val
data/raw/Negative/Clear/76.jpg,smear,sickle_cell,val
data/raw/Positive/Unlabelled/248.jpg,smear,sickle_cell,val
data/raw/Positive/Unlabelled/24.jpg,smear,sickle_cell,val
data/raw/Positive/Unlabelled/293.jpg,smear,sickle_cell,val
data/raw/Negative/Clear/72.jpg,smear,sickle_cell,val
data/raw/Positive/Unlabelled/230.jpg,smear,sickle_cell,val
data/raw/Positive/Unlabelled/404.jpg,smear,sickle_cell,val
data/raw/Positive/Unlabelled/64.jpg,smear,sickle_cell,val
data/raw/Positive/Unlabelled/114.jpg,smear,sickle_cell,val
data/raw/Positive/Unlabelled/387.jpg,smear,sickle_cell,val
data/raw/Negative/Clear/56.jpg,smear,sickle_cell,val
data/raw/Positive/Unlabelled/289.jpg,smear,sickle_cell,val
data/raw/Positive/Unlabelled/119.jpg,smear,sickle_cell,val
data/raw/Positive/Unlabelled/332.jpg,smear,sickle_cell,val
data/raw/Positive/Unlabelled/232.jpg,smear,sickle_cell,val
data/raw/Positive/Unlabelled/87.jpg,smear,sickle_cell,val
data/raw/Positive/Unlabelled/54.jpg,smear,sickle_cell,val
data/raw/Negative/Clear/96.jpg,smear,sickle_cell,val
data/raw/Positive/Unlabelled/329.jpg,smear,sickle_cell,val
data/raw/Positive/Unlabelled/186.jpg,smear,sickle_cell,val
data/raw/Positive/Unlabelled/76.jpg,smear,sickle_cell,val
data/raw/Positive/Unlabelled/110.jpg,smear,sickle_cell,val
data/raw/Positive/Unlabelled/369.jpg,smear,sickle_cell,val
data/raw/Negative/Clear/74.jpg,smear,sickle_cell,val
data/raw/Positive/Unlabelled/389.jpg,smear,sickle_cell,val
data/raw/Positive/Unlabelled/117.jpg,smear,sickle_cell,val
data/raw/Negative/Clear/63.jpg,smear,sickle_cell,val
data/raw/Negative/Clear/80.jpg,smear,sickle_cell,val
data/raw/Positive/Unlabelled/408.jpg,smear,sickle_cell,val
data/raw/Positive/Unlabelled/386.jpg,smear,sickle_cell,val
data/raw/Positive/Unlabelled/172.jpg,smear,sickle_cell,val
data/raw/Negative/Clear/107.jpg,smear,sickle_cell,val
data/raw/Negative/Clear/128.jpg,smear,sickle_cell,val
data/raw/Positive/Unlabelled/185.jpg,smear,sickle_cell,val
data/raw/Positive/Unlabelled/227.jpg,smear,sickle_cell,val
data/raw/Positive/Unlabelled/137.jpg,smear,sickle_cell,val
data/raw/Negative/Clear/25.jpg,smear,sickle_cell,val
data/raw/Positive/Unlabelled/365.jpg,smear,sickle_cell,val
data/raw/Positive/Unlabelled/284.jpg,smear,sickle_cell,val
data/raw/Positive/Unlabelled/339.jpg,smear,sickle_cell,val
data/raw/Positive/Unlabelled/139.jpg,smear,sickle_cell,val
data/raw/Positive/Unlabelled/300.jpg,smear,sickle_cell,val
data/raw/Positive/Unlabelled/91.jpg,smear,sickle_cell,val
data/raw/Negative/Clear/97.jpg,smear,sickle_cell,val
data/raw/Positive/Unlabelled/210.jpg,smear,sickle_cell,val
data/raw/Negative/Clear/26.jpg,smear,sickle_cell,val
data/raw/Positive/Unlabelled/242.jpg,smear,sickle_cell,val
data/raw/Negative/Clear/22.jpg,smear,sickle_cell,val
data/raw/Positive/Unlabelled/249.jpg,smear,sickle_cell,val
data/raw/Positive/Unlabelled/164.jpg,smear,sickle_cell,val
data/raw/Positive/Unlabelled/251.jpg,smear,sickle_cell,val
data/raw/Positive/Unlabelled/282.jpg,smear,sickle_cell,val
data/raw/Positive/Unlabelled/11.jpg,smear,sickle_cell,val
data/raw/Positive/Unlabelled/257.jpg,smear,sickle_cell,test
data/raw/Positive/Unlabelled/122.jpg,smear,sickle_cell,test
data/raw/Negative/Clear/4.jpg,smear,sickle_cell,test
data/raw/Positive/Unlabelled/258.jpg,smear,sickle_cell,test
data/raw/Positive/Unlabelled/108.jpg,smear,sickle_cell,test
data/raw/Negative/Clear/104.jpg,smear,sickle_cell,test
data/raw/Positive/Unlabelled/193.jpg,smear,sickle_cell,test
data/raw/Positive/Unlabelled/159.jpg,smear,sickle_cell,test
data/raw/Negative/Clear/66.jpg,smear,sickle_cell,test
data/raw/Positive/Unlabelled/337.jpg,smear,sickle_cell,test
data/raw/Positive/Unlabelled/195.jpg,smear,sickle_cell,test
data/raw/Positive/Unlabelled/400.jpg,smear,sickle_cell,test
data/raw/Positive/Unlabelled/205.jpg,smear,sickle_cell,test
data/raw/Negative/Clear/75.jpg,smear,sickle_cell,test
data/raw/Negative/Clear/31.jpg,smear,sickle_cell,test
data/raw/Positive/Unlabelled/10.jpg,smear,sickle_cell,test
data/raw/Positive/Unlabelled/247.jpg,smear,sickle_cell,test
data/raw/Positive/Unlabelled/187.jpg,smear,sickle_cell,test
data/raw/Positive/Unlabelled/9.jpg,smear,sickle_cell,test
data/raw/Positive/Unlabelled/115.jpg,smear,sickle_cell,test
data/raw/Positive/Unlabelled/405.jpg,smear,sickle_cell,test
data/raw/Negative/Clear/13.jpg,smear,sickle_cell,test
data/raw/Negative/Clear/15.jpg,smear,sickle_cell,test
data/raw/Positive/Unlabelled/41.jpg,smear,sickle_cell,test
data/raw/Positive/Unlabelled/129.jpg,smear,sickle_cell,test
data/raw/Negative/Clear/126.jpg,smear,sickle_cell,test
data/raw/Positive/Unlabelled/273.jpg,smear,sickle_cell,test
data/raw/Positive/Unlabelled/413.jpg,smear,sickle_cell,test
data/raw/Positive/Unlabelled/416.jpg,smear,sickle_cell,test
data/raw/Positive/Unlabelled/113.jpg,smear,sickle_cell,test
data/raw/Positive/Unlabelled/368.jpg,smear,sickle_cell,test
data/raw/Positive/Unlabelled/366.jpg,smear,sickle_cell,test
data/raw/Positive/Unlabelled/98.jpg,smear,sickle_cell,test
data/raw/Positive/Unlabelled/415.jpg,smear,sickle_cell,test
data/raw/Positive/Unlabelled/93.jpg,smear,sickle_cell,test
data/raw/Positive/Unlabelled/92.jpg,smear,sickle_cell,test
data/raw/Positive/Unlabelled/222.jpg,smear,sickle_cell,test
data/raw/Positive/Unlabelled/246.jpg,smear,sickle_cell,test
data/raw/Positive/Unlabelled/112.jpg,smear,sickle_cell,test
data/raw/Positive/Unlabelled/328.jpg,smear,sickle_cell,test
data/raw/Positive/Unlabelled/45.jpg,smear,sickle_cell,test
data/raw/Negative/Clear/119.jpg,smear,sickle_cell,test
data/raw/Positive/Unlabelled/149.jpg,smear,sickle_cell,test
data/raw/Positive/Unlabelled/278.jpg,smear,sickle_cell,test
data/raw/Positive/Unlabelled/216.jpg,smear,sickle_cell,test
data/raw/Positive/Unlabelled/104.jpg,smear,sickle_cell,test
data/raw/Positive/Unlabelled/401.jpg,smear,sickle_cell,test
data/raw/Positive/Unlabelled/327.jpg,smear,sickle_cell,test
data/raw/Negative/Clear/113.jpg,smear,sickle_cell,test
data/raw/Negative/Clear/54.jpg,smear,sickle_cell,test
data/raw/Positive/Unlabelled/167.jpg,smear,sickle_cell,test
data/raw/Positive/Unlabelled/136.jpg,smear,sickle_cell,test
data/raw/Positive/Unlabelled/105.jpg,smear,sickle_cell,test
data/raw/Positive/Unlabelled/125.jpg,smear,sickle_cell,test
data/raw/Positive/Unlabelled/367.jpg,smear,sickle_cell,test
data/raw/Negative/Clear/111.jpg,smear,sickle_cell,test
data/raw/Positive/Unlabelled/303.jpg,smear,sickle_cell,test
data/raw/Positive/Unlabelled/335.jpg,smear,sickle_cell,test
data/raw/Positive/Unlabelled/103.jpg,smear,sickle_cell,test
data/raw/Positive/Unlabelled/318.jpg,smear,sickle_cell,test
data/raw/Positive/Unlabelled/259.jpg,smear,sickle_cell,test
data/raw/Negative/Clear/95.jpg,smear,sickle_cell,test
data/raw/Negative/Clear/121.jpg,smear,sickle_cell,test
data/raw/Positive/Unlabelled/353.jpg,smear,sickle_cell,test
data/raw/Positive/Unlabelled/321.jpg,smear,sickle_cell,test
data/raw/Negative/Clear/98.jpg,smear,sickle_cell,test
data/raw/Positive/Unlabelled/107.jpg,smear,sickle_cell,test
data/raw/Positive/Unlabelled/384.jpg,smear,sickle_cell,test
data/raw/Positive/Unlabelled/395.jpg,smear,sickle_cell,test
data/raw/Positive/Unlabelled/394.jpg,smear,sickle_cell,test
data/raw/Positive/Unlabelled/338.jpg,smear,sickle_cell,test
data/raw/Positive/Unlabelled/266.jpg,smear,sickle_cell,test
data/raw/Positive/Unlabelled/392.jpg,smear,sickle_cell,test
data/raw/Positive/Unlabelled/396.jpg,smear,sickle_cell,test
data/raw/Positive/Unlabelled/344.jpg,smear,sickle_cell,test
data/raw/Positive/Unlabelled/292.jpg,smear,sickle_cell,test
data/raw/Negative/Clear/138.jpg,smear,sickle_cell,test
data/raw/Positive/Unlabelled/123.jpg,smear,sickle_cell,test
data/raw/Positive/Unlabelled/177.jpg,smear,sickle_cell,test
data/raw/Positive/Unlabelled/141.jpg,smear,sickle_cell,test
data/raw/Positive/Unlabelled/90.jpg,smear,sickle_cell,test
data/raw/Positive/Unlabelled/255.jpg,smear,sickle_cell,test
data/raw/Positive/Unlabelled/417.jpg,smear,sickle_cell,test
data/raw/Positive/Unlabelled/243.jpg,smear,sickle_cell,test
data/raw/Positive/Unlabelled/47.jpg,smear,sickle_cell,test
data/raw/Positive/Unlabelled/308.jpg,smear,sickle_cell,test
