path,label,source,split
data/guardrail/negatives/coco/0679.jpg,not_smear,coco,train
data/guardrail/negatives/coco/0822.jpg,not_smear,coco,train
data/guardrail/negatives/coco/0601.jpg,not_smear,coco,train
data/guardrail/negatives/coco/0855.jpg,not_smear,coco,train
data/guardrail/negatives/coco/0971.jpg,not_smear,coco,train
data/guardrail/negatives/coco/0636.jpg,not_smear,coco,train
data/guardrail/negatives/coco/0131.jpg,not_smear,coco,train
data/guardrail/negatives/coco/0595.jpg,not_smear,coco,train
data/guardrail/negatives/coco/0875.jpg,not_smear,coco,train
data/guardrail/negatives/coco/0745.jpg,not_smear,coco,train
data/guardrail/negatives/coco/0205.jpg,not_smear,coco,train
data/guardrail/negatives/coco/0443.jpg,not_smear,coco,train
data/guardrail/negatives/coco/0901.jpg,not_smear,coco,train
data/guardrail/negatives/coco/0357.jpg,not_smear,coco,train
data/guardrail/negatives/coco/0289.jpg,not_smear,coco,train
data/guardrail/negatives/coco/0050.jpg,not_smear,coco,train
data/guardrail/negatives/coco/0207.jpg,not_smear,coco,train
data/guardrail/negatives/coco/0168.jpg,not_smear,coco,train
data/guardrail/negatives/coco/0543.jpg,not_smear,coco,train
data/guardrail/negatives/coco/0806.jpg,not_smear,coco,train
data/guardrail/negatives/coco/0904.jpg,not_smear,coco,train
data/guardrail/negatives/coco/0588.jpg,not_smear,coco,train
data/guardrail/negatives/coco/0768.jpg,not_smear,coco,train
data/guardrail/negatives/coco/0017.jpg,not_smear,coco,train
data/guardrail/negatives/coco/0532.jpg,not_smear,coco,train
data/guardrail/negatives/coco/0699.jpg,not_smear,coco,train
data/guardrail/negatives/coco/0458.jpg,not_smear,coco,train
data/guardrail/negatives/coco/0259.jpg,not_smear,coco,train
data/guardrail/negatives/coco/0947.jpg,not_smear,coco,train
data/guardrail/negatives/coco/0799.jpg,not_smear,coco,train
data/guardrail/negatives/coco/0392.jpg,not_smear,coco,train
data/guardrail/negatives/coco/0963.jpg,not_smear,coco,train
data/guardrail/negatives/coco/0454.jpg,not_smear,coco,train
data/guardrail/negatives/coco/0233.jpg,not_smear,coco,train
data/guardrail/negatives/coco/0257.jpg,not_smear,coco,train
data/guardrail/negatives/coco/0596.jpg,not_smear,coco,train
data/guardrail/negatives/coco/0241.jpg,not_smear,coco,train
data/guardrail/negatives/coco/0249.jpg,not_smear,coco,train
data/guardrail/negatives/coco/0639.jpg,not_smear,coco,train
data/guardrail/negatives/coco/0931.jpg,not_smear,coco,train
data/guardrail/negatives/coco/0209.jpg,not_smear,coco,train
data/guardrail/negatives/coco/0216.jpg,not_smear,coco,train
data/guardrail/negatives/coco/0440.jpg,not_smear,coco,train
data/guardrail/negatives/coco/0348.jpg,not_smear,coco,train
data/guardrail/negatives/coco/0912.jpg,not_smear,coco,train
data/guardrail/negatives/coco/0493.jpg,not_smear,coco,train
data/guardrail/negatives/coco/0829.jpg,not_smear,coco,train
data/guardrail/negatives/coco/0606.jpg,not_smear,coco,train
data/guardrail/negatives/coco/0183.jpg,not_smear,coco,train
data/guardrail/negatives/coco/0442.jpg,not_smear,coco,train
data/guardrail/negatives/coco/0031.jpg,not_smear,coco,train
data/guardrail/negatives/coco/0624.jpg,not_smear,coco,train
data/guardrail/negatives/coco/0577.jpg,not_smear,coco,train
data/guardrail/negatives/coco/0838.jpg,not_smear,coco,train
data/guardrail/negatives/coco/0860.jpg,not_smear,coco,train
data/guardrail/negatives/coco/0248.jpg,not_smear,coco,train
data/guardrail/negatives/coco/0676.jpg,not_smear,coco,train
data/guardrail/negatives/coco/0059.jpg,not_smear,coco,train
data/guardrail/negatives/coco/0925.jpg,not_smear,coco,train
data/guardrail/negatives/coco/0706.jpg,not_smear,coco,train
data/guardrail/negatives/coco/0480.jpg,not_smear,coco,train
data/guardrail/negatives/coco/0294.jpg,not_smear,coco,train
data/guardrail/negatives/coco/0106.jpg,not_smear,coco,train
data/guardrail/negatives/coco/0645.jpg,not_smear,coco,train
data/guardrail/negatives/coco/0840.jpg,not_smear,coco,train
data/guardrail/negatives/coco/0088.jpg,not_smear,coco,train
data/guardrail/negatives/coco/0045.jpg,not_smear,coco,train
data/guardrail/negatives/coco/0982.jpg,not_smear,coco,train
data/guardrail/negatives/coco/0487.jpg,not_smear,coco,train
data/guardrail/negatives/coco/0166.jpg,not_smear,coco,train
data/guardrail/negatives/coco/0460.jpg,not_smear,coco,train
data/guardrail/negatives/coco/0655.jpg,not_smear,coco,train
data/guardrail/negatives/coco/0198.jpg,not_smear,coco,train
data/guardrail/negatives/coco/0220.jpg,not_smear,coco,train
data/guardrail/negatives/coco/0857.jpg,not_smear,coco,train
data/guardrail/negatives/coco/0082.jpg,not_smear,coco,train
data/guardrail/negatives/coco/0534.jpg,not_smear,coco,train
data/guardrail/negatives/coco/0680.jpg,not_smear,coco,train
data/guardrail/negatives/coco/0283.jpg,not_smear,coco,train
data/guardrail/negatives/coco/0247.jpg,not_smear,coco,train
data/guardrail/negatives/coco/0584.jpg,not_smear,coco,train
data/guardrail/negatives/coco/0304.jpg,not_smear,coco,train
data/guardrail/negatives/coco/0737.jpg,not_smear,coco,train
data/guardrail/negatives/coco/0419.jpg,not_smear,coco,train
data/guardrail/negatives/coco/0266.jpg,not_smear,coco,train
data/guardrail/negatives/coco/0668.jpg,not_smear,coco,train
data/guardrail/negatives/coco/0900.jpg,not_smear,coco,train
data/guardrail/negatives/coco/0633.jpg,not_smear,coco,train
data/guardrail/negatives/coco/0970.jpg,not_smear,coco,train
data/guardrail/negatives/coco/0502.jpg,not_smear,coco,train
data/guardrail/negatives/coco/0674.jpg,not_smear,coco,train
data/guardrail/negatives/coco/0599.jpg,not_smear,coco,train
data/guardrail/negatives/coco/0147.jpg,not_smear,coco,train
data/guardrail/negatives/coco/0385.jpg,not_smear,coco,train
data/guardrail/negatives/coco/0812.jpg,not_smear,coco,train
data/guardrail/negatives/coco/0797.jpg,not_smear,coco,train
data/guardrail/negatives/coco/0055.jpg,not_smear,coco,train
data/guardrail/negatives/coco/0615.jpg,not_smear,coco,train
data/guardrail/negatives/coco/0340.jpg,not_smear,coco,train
data/guardrail/negatives/coco/0316.jpg,not_smear,coco,train
data/guardrail/negatives/coco/0140.jpg,not_smear,coco,train
data/guardrail/negatives/coco/0564.jpg,not_smear,coco,train
data/guardrail/negatives/coco/0162.jpg,not_smear,coco,train
data/guardrail/negatives/coco/0345.jpg,not_smear,coco,train
data/guardrail/negatives/coco/0381.jpg,not_smear,coco,train
data/guardrail/negatives/coco/0950.jpg,not_smear,coco,train
data/guardrail/negatives/coco/0786.jpg,not_smear,coco,train
data/guardrail/negatives/coco/0816.jpg,not_smear,coco,train
data/guardrail/negatives/coco/0378.jpg,not_smear,coco,train
data/guardrail/negatives/coco/0412.jpg,not_smear,coco,train
data/guardrail/negatives/coco/0433.jpg,not_smear,coco,train
data/guardrail/negatives/coco/0064.jpg,not_smear,coco,train
data/guardrail/negatives/coco/0457.jpg,not_smear,coco,train
data/guardrail/negatives/coco/0917.jpg,not_smear,coco,train
data/guardrail/negatives/coco/0098.jpg,not_smear,coco,train
data/guardrail/negatives/coco/0704.jpg,not_smear,coco,train
data/guardrail/negatives/coco/0776.jpg,not_smear,coco,train
data/guardrail/negatives/coco/0087.jpg,not_smear,coco,train
data/guardrail/negatives/coco/0314.jpg,not_smear,coco,train
data/guardrail/negatives/coco/0176.jpg,not_smear,coco,train
data/guardrail/negatives/coco/0823.jpg,not_smear,coco,train
data/guardrail/negatives/coco/0029.jpg,not_smear,coco,train
data/guardrail/negatives/coco/0929.jpg,not_smear,coco,train
data/guardrail/negatives/coco/0566.jpg,not_smear,coco,train
data/guardrail/negatives/coco/0430.jpg,not_smear,coco,train
data/guardrail/negatives/coco/0226.jpg,not_smear,coco,train
data/guardrail/negatives/coco/0421.jpg,not_smear,coco,train
data/guardrail/negatives/coco/0020.jpg,not_smear,coco,train
data/guardrail/negatives/coco/0808.jpg,not_smear,coco,train
data/guardrail/negatives/coco/0422.jpg,not_smear,coco,train
data/guardrail/negatives/coco/0983.jpg,not_smear,coco,train
data/guardrail/negatives/coco/0368.jpg,not_smear,coco,train
data/guardrail/negatives/coco/0576.jpg,not_smear,coco,train
data/guardrail/negatives/coco/0333.jpg,not_smear,coco,train
data/guardrail/negatives/coco/0738.jpg,not_smear,coco,train
data/guardrail/negatives/coco/0264.jpg,not_smear,coco,train
data/guardrail/negatives/coco/0038.jpg,not_smear,coco,train
data/guardrail/negatives/coco/0927.jpg,not_smear,coco,train
data/guardrail/negatives/coco/0025.jpg,not_smear,coco,train
data/guardrail/negatives/coco/0148.jpg,not_smear,coco,train
data/guardrail/negatives/coco/0568.jpg,not_smear,coco,train
data/guardrail/negatives/coco/0741.jpg,not_smear,coco,train
data/guardrail/negatives/coco/0024.jpg,not_smear,coco,train
data/guardrail/negatives/coco/0033.jpg,not_smear,coco,train
data/guardrail/negatives/coco/0414.jpg,not_smear,coco,train
data/guardrail/negatives/coco/0688.jpg,not_smear,coco,train
data/guardrail/negatives/coco/0155.jpg,not_smear,coco,train
data/guardrail/negatives/coco/0662.jpg,not_smear,coco,train
data/guardrail/negatives/coco/0617.jpg,not_smear,coco,train
data/guardrail/negatives/coco/0751.jpg,not_smear,coco,train
data/guardrail/negatives/coco/0889.jpg,not_smear,coco,train
data/guardrail/negatives/coco/0516.jpg,not_smear,coco,train
data/guardrail/negatives/coco/0360.jpg,not_smear,coco,train
data/guardrail/negatives/coco/0612.jpg,not_smear,coco,train
data/guardrail/negatives/coco/0343.jpg,not_smear,coco,train
data/guardrail/negatives/coco/0349.jpg,not_smear,coco,train
data/guardrail/negatives/coco/0594.jpg,not_smear,coco,train
data/guardrail/negatives/coco/0160.jpg,not_smear,coco,train
data/guardrail/negatives/coco/0635.jpg,not_smear,coco,train
data/guardrail/negatives/coco/0161.jpg,not_smear,coco,train
data/guardrail/negatives/coco/0011.jpg,not_smear,coco,train
data/guardrail/negatives/coco/0921.jpg,not_smear,coco,train
data/guardrail/negatives/coco/0145.jpg,not_smear,coco,train
data/guardrail/negatives/coco/0760.jpg,not_smear,coco,train
data/guardrail/negatives/coco/0627.jpg,not_smear,coco,train
data/guardrail/negatives/coco/0905.jpg,not_smear,coco,train
data/guardrail/negatives/coco/0560.jpg,not_smear,coco,train
data/guardrail/negatives/coco/0334.jpg,not_smear,coco,train
data/guardrail/negatives/coco/0469.jpg,not_smear,coco,train
data/guardrail/negatives/coco/0890.jpg,not_smear,coco,train
data/guardrail/negatives/coco/0675.jpg,not_smear,coco,train
data/guardrail/negatives/coco/0427.jpg,not_smear,coco,train
data/guardrail/negatives/coco/0518.jpg,not_smear,coco,train
data/guardrail/negatives/coco/0919.jpg,not_smear,coco,train
data/guardrail/negatives/coco/0935.jpg,not_smear,coco,train
data/guardrail/negatives/coco/0531.jpg,not_smear,coco,train
data/guardrail/negatives/coco/0570.jpg,not_smear,coco,train
data/guardrail/negatives/coco/0883.jpg,not_smear,coco,train
data/guardrail/negatives/coco/0238.jpg,not_smear,coco,train
data/guardrail/negatives/coco/0268.jpg,not_smear,coco,train
data/guardrail/negatives/coco/0061.jpg,not_smear,coco,train
data/guardrail/negatives/coco/0821.jpg,not_smear,coco,train
data/guardrail/negatives/coco/0544.jpg,not_smear,coco,train
data/guardrail/negatives/coco/0702.jpg,not_smear,coco,train
data/guardrail/negatives/coco/0872.jpg,not_smear,coco,train
data/guardrail/negatives/coco/0795.jpg,not_smear,coco,train
data/guardrail/negatives/coco/0026.jpg,not_smear,coco,train
data/guardrail/negatives/coco/0554.jpg,not_smear,coco,train
data/guardrail/negatives/coco/0517.jpg,not_smear,coco,train
data/guardrail/negatives/coco/0049.jpg,not_smear,coco,train
data/guardrail/negatives/coco/0221.jpg,not_smear,coco,train
data/guardrail/negatives/coco/0318.jpg,not_smear,coco,train
data/guardrail/negatives/coco/0906.jpg,not_smear,coco,train
data/guardrail/negatives/coco/0279.jpg,not_smear,coco,train
data/guardrail/negatives/coco/0696.jpg,not_smear,coco,train
data/guardrail/negatives/coco/0097.jpg,not_smear,coco,train
data/guardrail/negatives/coco/0810.jpg,not_smear,coco,train
data/guardrail/negatives/coco/0365.jpg,not_smear,coco,train
data/guardrail/negatives/coco/0167.jpg,not_smear,coco,train
data/guardrail/negatives/coco/0317.jpg,not_smear,coco,train
data/guardrail/negatives/coco/0122.jpg,not_smear,coco,train
data/guardrail/negatives/coco/0119.jpg,not_smear,coco,train
data/guardrail/negatives/coco/0586.jpg,not_smear,coco,train
data/guardrail/negatives/coco/0019.jpg,not_smear,coco,train
data/guardrail/negatives/coco/0299.jpg,not_smear,coco,train
data/guardrail/negatives/coco/0801.jpg,not_smear,coco,train
data/guardrail/negatives/coco/0323.jpg,not_smear,coco,train
data/guardrail/negatives/coco/0047.jpg,not_smear,coco,train
data/guardrail/negatives/coco/0100.jpg,not_smear,coco,train
data/guardrail/negatives/coco/0856.jpg,not_smear,coco,train
data/guardrail/negatives/coco/0916.jpg,not_smear,coco,train
data/guardrail/negatives/coco/0496.jpg,not_smear,coco,train
data/guardrail/negatives/coco/0102.jpg,not_smear,coco,train
data/guardrail/negatives/coco/0951.jpg,not_smear,coco,train
data/guardrail/negatives/coco/0445.jpg,not_smear,coco,train
data/guardrail/negatives/coco/0870.jpg,not_smear,coco,train
data/guardrail/negatives/coco/0488.jpg,not_smear,coco,train
data/guardrail/negatives/coco/0637.jpg,not_smear,coco,train
data/guardrail/negatives/coco/0023.jpg,not_smear,coco,train
data/guardrail/negatives/coco/0608.jpg,not_smear,coco,train
data/guardrail/negatives/coco/0267.jpg,not_smear,coco,train
data/guardrail/negatives/coco/0713.jpg,not_smear,coco,train
data/guardrail/negatives/coco/0538.jpg,not_smear,coco,train
data/guardrail/negatives/coco/0181.jpg,not_smear,coco,train
data/guardrail/negatives/coco/0946.jpg,not_smear,coco,train
data/guardrail/negatives/coco/0239.jpg,not_smear,coco,train
data/guardrail/negatives/coco/0722.jpg,not_smear,coco,train
data/guardrail/negatives/coco/0066.jpg,not_smear,coco,train
data/guardrail/negatives/coco/0835.jpg,not_smear,coco,train
data/guardrail/negatives/coco/0991.jpg,not_smear,coco,train
data/guardrail/negatives/coco/0141.jpg,not_smear,coco,train
data/guardrail/negatives/coco/0406.jpg,not_smear,coco,train
data/guardrail/negatives/coco/0535.jpg,not_smear,coco,train
data/guardrail/negatives/coco/0956.jpg,not_smear,coco,train
data/guardrail/negatives/coco/0530.jpg,not_smear,coco,train
data/guardrail/negatives/coco/0528.jpg,not_smear,coco,train
data/guardrail/negatives/coco/0629.jpg,not_smear,coco,train
data/guardrail/negatives/coco/0862.jpg,not_smear,coco,train
data/guardrail/negatives/coco/0994.jpg,not_smear,coco,train
data/guardrail/negatives/coco/0128.jpg,not_smear,coco,train
data/guardrail/negatives/coco/0501.jpg,not_smear,coco,train
data/guardrail/negatives/coco/0192.jpg,not_smear,coco,train
data/guardrail/negatives/coco/0395.jpg,not_smear,coco,train
data/guardrail/negatives/coco/0302.jpg,not_smear,coco,train
data/guardrail/negatives/coco/0783.jpg,not_smear,coco,train
data/guardrail/negatives/coco/0585.jpg,not_smear,coco,train
data/guardrail/negatives/coco/0887.jpg,not_smear,coco,train
data/guardrail/negatives/coco/0571.jpg,not_smear,coco,train
data/guardrail/negatives/coco/0556.jpg,not_smear,coco,train
data/guardrail/negatives/coco/0322.jpg,not_smear,coco,train
data/guardrail/negatives/coco/0597.jpg,not_smear,coco,train
data/guardrail/negatives/coco/0177.jpg,not_smear,coco,train
data/guardrail/negatives/coco/0651.jpg,not_smear,coco,train
data/guardrail/negatives/coco/0200.jpg,not_smear,coco,train
data/guardrail/negatives/coco/0793.jpg,not_smear,coco,train
data/guardrail/negatives/coco/0894.jpg,not_smear,coco,train
data/guardrail/negatives/coco/0210.jpg,not_smear,coco,train
data/guardrail/negatives/coco/0260.jpg,not_smear,coco,train
data/guardrail/negatives/coco/0153.jpg,not_smear,coco,train
data/guardrail/negatives/coco/0968.jpg,not_smear,coco,train
data/guardrail/negatives/coco/0240.jpg,not_smear,coco,train
data/guardrail/negatives/coco/0337.jpg,not_smear,coco,train
data/guardrail/negatives/coco/0464.jpg,not_smear,coco,train
data/guardrail/negatives/coco/0213.jpg,not_smear,coco,train
data/guardrail/negatives/coco/0450.jpg,not_smear,coco,train
data/guardrail/negatives/coco/0356.jpg,not_smear,coco,train
data/guardrail/negatives/coco/0328.jpg,not_smear,coco,train
data/guardrail/negatives/coco/0558.jpg,not_smear,coco,train
data/guardrail/negatives/coco/0583.jpg,not_smear,coco,train
data/guardrail/negatives/coco/0974.jpg,not_smear,coco,train
data/guardrail/negatives/coco/0764.jpg,not_smear,coco,train
data/guardrail/negatives/coco/0015.jpg,not_smear,coco,train
data/guardrail/negatives/coco/0080.jpg,not_smear,coco,train
data/guardrail/negatives/coco/0371.jpg,not_smear,coco,train
data/guardrail/negatives/coco/0037.jpg,not_smear,coco,train
data/guardrail/negatives/coco/0609.jpg,not_smear,coco,train
data/guardrail/negatives/coco/0027.jpg,not_smear,coco,train
data/guardrail/negatives/coco/0836.jpg,not_smear,coco,train
data/guardrail/negatives/coco/0524.jpg,not_smear,coco,train
data/guardrail/negatives/coco/0984.jpg,not_smear,coco,train
data/guardrail/negatives/coco/0975.jpg,not_smear,coco,train
data/guardrail/negatives/coco/0290.jpg,not_smear,coco,train
data/guardrail/negatives/coco/0813.jpg,not_smear,coco,train
data/guardrail/negatives/coco/0326.jpg,not_smear,coco,train
data/guardrail/negatives/coco/0461.jpg,not_smear,coco,train
data/guardrail/negatives/coco/0462.jpg,not_smear,coco,train
data/guardrail/negatives/coco/0107.jpg,not_smear,coco,train
data/guardrail/negatives/coco/0426.jpg,not_smear,coco,train
data/guardrail/negatives/coco/0489.jpg,not_smear,coco,train
data/guardrail/negatives/coco/0643.jpg,not_smear,coco,train
data/guardrail/negatives/coco/0607.jpg,not_smear,coco,train
data/guardrail/negatives/coco/0510.jpg,not_smear,coco,train
data/guardrail/negatives/coco/0150.jpg,not_smear,coco,train
data/guardrail/negatives/coco/0687.jpg,not_smear,coco,train
data/guardrail/negatives/coco/0877.jpg,not_smear,coco,train
data/guardrail/negatives/coco/0834.jpg,not_smear,coco,train
data/guardrail/negatives/coco/0030.jpg,not_smear,coco,train
data/guardrail/negatives/coco/0529.jpg,not_smear,coco,train
data/guardrail/negatives/coco/0068.jpg,not_smear,coco,train
data/guardrail/negatives/coco/0989.jpg,not_smear,coco,train
data/guardrail/negatives/coco/0285.jpg,not_smear,coco,train
data/guardrail/negatives/coco/0842.jpg,not_smear,coco,train
data/guardrail/negatives/coco/0961.jpg,not_smear,coco,train
data/guardrail/negatives/coco/0104.jpg,not_smear,coco,train
data/guardrail/negatives/coco/0550.jpg,not_smear,coco,train
data/guardrail/negatives/coco/0511.jpg,not_smear,coco,train
data/guardrail/negatives/coco/0610.jpg,not_smear,coco,train
data/guardrail/negatives/coco/0620.jpg,not_smear,coco,train
data/guardrail/negatives/coco/0683.jpg,not_smear,coco,train
data/guardrail/negatives/coco/0692.jpg,not_smear,coco,train
data/guardrail/negatives/coco/0476.jpg,not_smear,coco,train
data/guardrail/negatives/coco/0551.jpg,not_smear,coco,train
data/guardrail/negatives/coco/0868.jpg,not_smear,coco,train
data/guardrail/negatives/coco/0455.jpg,not_smear,coco,train
data/guardrail/negatives/coco/0324.jpg,not_smear,coco,train
data/guardrail/negatives/coco/0732.jpg,not_smear,coco,train
data/guardrail/negatives/coco/0936.jpg,not_smear,coco,train
data/guardrail/negatives/coco/0778.jpg,not_smear,coco,train
data/guardrail/negatives/coco/0962.jpg,not_smear,coco,train
data/guardrail/negatives/coco/0988.jpg,not_smear,coco,train
data/guardrail/negatives/coco/0736.jpg,not_smear,coco,train
data/guardrail/negatives/coco/0871.jpg,not_smear,coco,train
data/guardrail/negatives/coco/0281.jpg,not_smear,coco,train
data/guardrail/negatives/coco/0214.jpg,not_smear,coco,train
data/guardrail/negatives/coco/0397.jpg,not_smear,coco,train
data/guardrail/negatives/coco/0667.jpg,not_smear,coco,train
data/guardrail/negatives/coco/0475.jpg,not_smear,coco,train
data/guardrail/negatives/coco/0473.jpg,not_smear,coco,train
data/guardrail/negatives/coco/0325.jpg,not_smear,coco,train
data/guardrail/negatives/coco/0470.jpg,not_smear,coco,train
data/guardrail/negatives/coco/0854.jpg,not_smear,coco,train
data/guardrail/negatives/coco/0246.jpg,not_smear,coco,train
data/guardrail/negatives/coco/0477.jpg,not_smear,coco,train
data/guardrail/negatives/coco/0729.jpg,not_smear,coco,train
data/guardrail/negatives/coco/0981.jpg,not_smear,coco,train
data/guardrail/negatives/coco/0402.jpg,not_smear,coco,train
data/guardrail/negatives/coco/0587.jpg,not_smear,coco,train
data/guardrail/negatives/coco/0923.jpg,not_smear,coco,train
data/guardrail/negatives/coco/0065.jpg,not_smear,coco,train
data/guardrail/negatives/coco/0802.jpg,not_smear,coco,train
data/guardrail/negatives/coco/0562.jpg,not_smear,coco,train
data/guardrail/negatives/coco/0074.jpg,not_smear,coco,train
data/guardrail/negatives/coco/0142.jpg,not_smear,coco,train
data/guardrail/negatives/coco/0447.jpg,not_smear,coco,train
data/guardrail/negatives/coco/0295.jpg,not_smear,coco,train
data/guardrail/negatives/coco/0519.jpg,not_smear,coco,train
data/guardrail/negatives/coco/0034.jpg,not_smear,coco,train
data/guardrail/negatives/coco/0244.jpg,not_smear,coco,train
data/guardrail/negatives/coco/0228.jpg,not_smear,coco,train
data/guardrail/negatives/coco/0199.jpg,not_smear,coco,train
data/guardrail/negatives/coco/0757.jpg,not_smear,coco,train
data/guardrail/negatives/coco/0578.jpg,not_smear,coco,train
data/guardrail/negatives/coco/0858.jpg,not_smear,coco,train
data/guardrail/negatives/coco/0401.jpg,not_smear,coco,train
data/guardrail/negatives/coco/0957.jpg,not_smear,coco,train
data/guardrail/negatives/coco/0548.jpg,not_smear,coco,train
data/guardrail/negatives/coco/0386.jpg,not_smear,coco,train
data/guardrail/negatives/coco/0711.jpg,not_smear,coco,train
data/guardrail/negatives/coco/0580.jpg,not_smear,coco,train
data/guardrail/negatives/coco/0338.jpg,not_smear,coco,train
data/guardrail/negatives/coco/0734.jpg,not_smear,coco,train
data/guardrail/negatives/coco/0138.jpg,not_smear,coco,train
data/guardrail/negatives/coco/0671.jpg,not_smear,coco,train
data/guardrail/negatives/coco/0178.jpg,not_smear,coco,train
data/guardrail/negatives/coco/0400.jpg,not_smear,coco,train
data/guardrail/negatives/coco/0319.jpg,not_smear,coco,train
data/guardrail/negatives/coco/0154.jpg,not_smear,coco,train
data/guardrail/negatives/coco/0396.jpg,not_smear,coco,train
data/guardrail/negatives/coco/0341.jpg,not_smear,coco,train
data/guardrail/negatives/coco/0590.jpg,not_smear,coco,train
data/guardrail/negatives/coco/0669.jpg,not_smear,coco,train
data/guardrail/negatives/coco/0347.jpg,not_smear,coco,train
data/guardrail/negatives/coco/0775.jpg,not_smear,coco,train
data/guardrail/negatives/coco/0451.jpg,not_smear,coco,train
data/guardrail/negatives/coco/0171.jpg,not_smear,coco,train
data/guardrail/negatives/coco/0864.jpg,not_smear,coco,train
data/guardrail/negatives/coco/0219.jpg,not_smear,coco,train
data/guardrail/negatives/coco/0091.jpg,not_smear,coco,train
data/guardrail/negatives/coco/0077.jpg,not_smear,coco,train
data/guardrail/negatives/coco/0309.jpg,not_smear,coco,train
data/guardrail/negatives/coco/0881.jpg,not_smear,coco,train
data/guardrail/negatives/coco/0727.jpg,not_smear,coco,train
data/guardrail/negatives/coco/0184.jpg,not_smear,coco,train
data/guardrail/negatives/coco/0060.jpg,not_smear,coco,train
data/guardrail/negatives/coco/0602.jpg,not_smear,coco,train
data/guardrail/negatives/coco/0315.jpg,not_smear,coco,train
data/guardrail/negatives/coco/0709.jpg,not_smear,coco,train
data/guardrail/negatives/coco/0182.jpg,not_smear,coco,train
data/guardrail/negatives/coco/0498.jpg,not_smear,coco,train
data/guardrail/negatives/coco/0472.jpg,not_smear,coco,train
data/guardrail/negatives/coco/0408.jpg,not_smear,coco,train
data/guardrail/negatives/coco/0815.jpg,not_smear,coco,train
data/guardrail/negatives/coco/0828.jpg,not_smear,coco,train
data/guardrail/negatives/coco/0660.jpg,not_smear,coco,train
data/guardrail/negatives/coco/0057.jpg,not_smear,coco,train
data/guardrail/negatives/coco/0366.jpg,not_smear,coco,train
data/guardrail/negatives/coco/0721.jpg,not_smear,coco,train
data/guardrail/negatives/coco/0467.jpg,not_smear,coco,train
data/guardrail/negatives/coco/0750.jpg,not_smear,coco,train
data/guardrail/negatives/coco/0876.jpg,not_smear,coco,train
data/guardrail/negatives/coco/0992.jpg,not_smear,coco,train
data/guardrail/negatives/coco/0335.jpg,not_smear,coco,train
data/guardrail/negatives/coco/0965.jpg,not_smear,coco,train
data/guardrail/negatives/coco/0075.jpg,not_smear,coco,train
data/guardrail/negatives/coco/0998.jpg,not_smear,coco,train
data/guardrail/negatives/coco/0484.jpg,not_smear,coco,train
data/guardrail/negatives/coco/0116.jpg,not_smear,coco,train
data/guardrail/negatives/coco/0012.jpg,not_smear,coco,train
data/guardrail/negatives/coco/0656.jpg,not_smear,coco,train
data/guardrail/negatives/coco/0804.jpg,not_smear,coco,train
data/guardrail/negatives/coco/0072.jpg,not_smear,coco,train
data/guardrail/negatives/coco/0212.jpg,not_smear,coco,train
data/guardrail/negatives/coco/0261.jpg,not_smear,coco,train
data/guardrail/negatives/coco/0953.jpg,not_smear,coco,train
data/guardrail/negatives/coco/0614.jpg,not_smear,coco,train
data/guardrail/negatives/coco/0824.jpg,not_smear,coco,train
data/guardrail/negatives/coco/0553.jpg,not_smear,coco,train
data/guardrail/negatives/coco/0928.jpg,not_smear,coco,train
data/guardrail/negatives/coco/0574.jpg,not_smear,coco,train
data/guardrail/negatives/coco/0063.jpg,not_smear,coco,train
data/guardrail/negatives/coco/0424.jpg,not_smear,coco,train
data/guardrail/negatives/coco/0826.jpg,not_smear,coco,train
data/guardrail/negatives/coco/0542.jpg,not_smear,coco,train
data/guardrail/negatives/coco/0354.jpg,not_smear,coco,train
data/guardrail/negatives/coco/0886.jpg,not_smear,coco,train
data/guardrail/negatives/coco/0028.jpg,not_smear,coco,train
data/guardrail/negatives/coco/0124.jpg,not_smear,coco,train
data/guardrail/negatives/coco/0079.jpg,not_smear,coco,train
data/guardrail/negatives/coco/0903.jpg,not_smear,coco,train
data/guardrail/negatives/coco/0941.jpg,not_smear,coco,train
data/guardrail/negatives/coco/0665.jpg,not_smear,coco,train
data/guardrail/negatives/coco/0495.jpg,not_smear,coco,train
data/guardrail/negatives/coco/0508.jpg,not_smear,coco,train
data/guardrail/negatives/coco/0922.jpg,not_smear,coco,train
data/guardrail/negatives/coco/0766.jpg,not_smear,coco,train
data/guardrail/negatives/coco/0879.jpg,not_smear,coco,train
data/guardrail/negatives/coco/0944.jpg,not_smear,coco,train
data/guardrail/negatives/coco/0071.jpg,not_smear,coco,train
data/guardrail/negatives/coco/0664.jpg,not_smear,coco,train
data/guardrail/negatives/coco/0897.jpg,not_smear,coco,train
data/guardrail/negatives/coco/0800.jpg,not_smear,coco,train
data/guardrail/negatives/coco/0691.jpg,not_smear,coco,train
data/guardrail/negatives/coco/0173.jpg,not_smear,coco,train
data/guardrail/negatives/coco/0492.jpg,not_smear,coco,train
data/guardrail/negatives/coco/0376.jpg,not_smear,coco,train
data/guardrail/negatives/coco/0277.jpg,not_smear,coco,train
data/guardrail/negatives/coco/0987.jpg,not_smear,coco,train
data/guardrail/negatives/coco/0803.jpg,not_smear,coco,train
data/guardrail/negatives/coco/0004.jpg,not_smear,coco,train
data/guardrail/negatives/coco/0405.jpg,not_smear,coco,train
data/guardrail/negatives/coco/0463.jpg,not_smear,coco,train
data/guardrail/negatives/coco/0307.jpg,not_smear,coco,train
data/guardrail/negatives/coco/0321.jpg,not_smear,coco,train
data/guardrail/negatives/coco/0486.jpg,not_smear,coco,train
data/guardrail/negatives/coco/0137.jpg,not_smear,coco,train
data/guardrail/negatives/coco/0634.jpg,not_smear,coco,train
data/guardrail/negatives/coco/0394.jpg,not_smear,coco,train
data/guardrail/negatives/coco/0918.jpg,not_smear,coco,train
data/guardrail/negatives/coco/0067.jpg,not_smear,coco,train
data/guardrail/negatives/coco/0874.jpg,not_smear,coco,train
data/guardrail/negatives/coco/0670.jpg,not_smear,coco,train
data/guardrail/negatives/coco/0425.jpg,not_smear,coco,train
data/guardrail/negatives/coco/0390.jpg,not_smear,coco,train
data/guardrail/negatives/coco/0844.jpg,not_smear,coco,train
data/guardrail/negatives/coco/0423.jpg,not_smear,coco,train
data/guardrail/negatives/coco/0056.jpg,not_smear,coco,train
data/guardrail/negatives/coco/0985.jpg,not_smear,coco,train
data/guardrail/negatives/coco/0618.jpg,not_smear,coco,train
data/guardrail/negatives/coco/0718.jpg,not_smear,coco,train
data/guardrail/negatives/coco/0478.jpg,not_smear,coco,train
data/guardrail/negatives/coco/0720.jpg,not_smear,coco,train
data/guardrail/negatives/coco/0846.jpg,not_smear,coco,train
data/guardrail/negatives/coco/0413.jpg,not_smear,coco,train
data/guardrail/negatives/coco/0384.jpg,not_smear,coco,train
data/guardrail/negatives/coco/0686.jpg,not_smear,coco,train
data/guardrail/negatives/coco/0070.jpg,not_smear,coco,train
data/guardrail/negatives/coco/0771.jpg,not_smear,coco,train
data/guardrail/negatives/coco/0715.jpg,not_smear,coco,train
data/guardrail/negatives/coco/0051.jpg,not_smear,coco,train
data/guardrail/negatives/coco/0898.jpg,not_smear,coco,train
data/guardrail/negatives/coco/0330.jpg,not_smear,coco,train
data/guardrail/negatives/coco/0465.jpg,not_smear,coco,train
data/guardrail/negatives/coco/0232.jpg,not_smear,coco,train
data/guardrail/negatives/coco/0125.jpg,not_smear,coco,train
data/guardrail/negatives/coco/0863.jpg,not_smear,coco,train
data/guardrail/negatives/coco/0852.jpg,not_smear,coco,train
data/guardrail/negatives/coco/0073.jpg,not_smear,coco,train
data/guardrail/negatives/coco/0035.jpg,not_smear,coco,train
data/guardrail/negatives/coco/0505.jpg,not_smear,coco,train
data/guardrail/negatives/coco/0657.jpg,not_smear,coco,train
data/guardrail/negatives/coco/0626.jpg,not_smear,coco,train
data/guardrail/negatives/coco/0201.jpg,not_smear,coco,train
data/guardrail/negatives/coco/0647.jpg,not_smear,coco,train
data/guardrail/negatives/coco/0593.jpg,not_smear,coco,train
data/guardrail/negatives/coco/0453.jpg,not_smear,coco,train
data/guardrail/negatives/coco/0083.jpg,not_smear,coco,train
data/guardrail/negatives/coco/0158.jpg,not_smear,coco,train
data/guardrail/negatives/coco/0572.jpg,not_smear,coco,train
data/guardrail/negatives/coco/0144.jpg,not_smear,coco,train
data/guardrail/negatives/coco/0331.jpg,not_smear,coco,train
data/guardrail/negatives/coco/0949.jpg,not_smear,coco,train
data/guardrail/negatives/coco/0811.jpg,not_smear,coco,train
data/guardrail/negatives/coco/0482.jpg,not_smear,coco,train
data/guardrail/negatives/coco/0251.jpg,not_smear,coco,train
data/guardrail/negatives/coco/0791.jpg,not_smear,coco,train
data/guardrail/negatives/coco/0096.jpg,not_smear,coco,train
data/guardrail/negatives/coco/0090.jpg,not_smear,coco,train
data/guardrail/negatives/coco/0663.jpg,not_smear,coco,train
data/guardrail/negatives/coco/0772.jpg,not_smear,coco,train
data/guardrail/negatives/coco/0094.jpg,not_smear,coco,train
data/guardrail/negatives/coco/0235.jpg,not_smear,coco,train
data/guardrail/negatives/coco/0908.jpg,not_smear,coco,train
data/guardrail/negatives/coco/0773.jpg,not_smear,coco,train
data/guardrail/negatives/coco/0943.jpg,not_smear,coco,train
data/guardrail/negatives/coco/0893.jpg,not_smear,coco,train
data/guardrail/negatives/coco/0557.jpg,not_smear,coco,train
data/guardrail/negatives/coco/0561.jpg,not_smear,coco,train
data/guardrail/negatives/coco/0746.jpg,not_smear,coco,train
data/guardrail/negatives/coco/0237.jpg,not_smear,coco,train
data/guardrail/negatives/coco/0853.jpg,not_smear,coco,train
data/guardrail/negatives/coco/0758.jpg,not_smear,coco,train
data/guardrail/negatives/coco/0788.jpg,not_smear,coco,train
data/guardrail/negatives/coco/0208.jpg,not_smear,coco,train
data/guardrail/negatives/coco/0728.jpg,not_smear,coco,train
data/guardrail/negatives/coco/0539.jpg,not_smear,coco,train
data/guardrail/negatives/coco/0569.jpg,not_smear,coco,train
data/guardrail/negatives/coco/0452.jpg,not_smear,coco,train
data/guardrail/negatives/coco/0990.jpg,not_smear,coco,train
data/guardrail/negatives/coco/0263.jpg,not_smear,coco,train
data/guardrail/negatives/coco/0391.jpg,not_smear,coco,train
data/guardrail/negatives/coco/0638.jpg,not_smear,coco,train
data/guardrail/negatives/coco/0016.jpg,not_smear,coco,train
data/guardrail/negatives/coco/0262.jpg,not_smear,coco,train
data/guardrail/negatives/coco/0180.jpg,not_smear,coco,train
data/guardrail/negatives/coco/0666.jpg,not_smear,coco,train
data/guardrail/negatives/coco/0224.jpg,not_smear,coco,train
data/guardrail/negatives/coco/0847.jpg,not_smear,coco,train
data/guardrail/negatives/coco/0932.jpg,not_smear,coco,train
data/guardrail/negatives/coco/0848.jpg,not_smear,coco,train
data/guardrail/negatives/coco/0592.jpg,not_smear,coco,train
data/guardrail/negatives/coco/0301.jpg,not_smear,coco,train
data/guardrail/negatives/coco/0418.jpg,not_smear,coco,train
data/guardrail/negatives/coco/0555.jpg,not_smear,coco,train
data/guardrail/negatives/coco/0270.jpg,not_smear,coco,train
data/guardrail/negatives/coco/0085.jpg,not_smear,coco,train
data/guardrail/negatives/coco/0769.jpg,not_smear,coco,train
data/guardrail/negatives/coco/0377.jpg,not_smear,coco,train
data/guardrail/negatives/coco/0613.jpg,not_smear,coco,train
data/guardrail/negatives/coco/0001.jpg,not_smear,coco,train
data/guardrail/negatives/coco/0118.jpg,not_smear,coco,train
data/guardrail/negatives/coco/0907.jpg,not_smear,coco,train
data/guardrail/negatives/coco/0642.jpg,not_smear,coco,train
data/guardrail/negatives/coco/0254.jpg,not_smear,coco,train
data/guardrail/negatives/coco/0685.jpg,not_smear,coco,train
data/guardrail/negatives/coco/0276.jpg,not_smear,coco,train
data/guardrail/negatives/coco/0952.jpg,not_smear,coco,train
data/guardrail/negatives/coco/0284.jpg,not_smear,coco,train
data/guardrail/negatives/coco/0151.jpg,not_smear,coco,train
data/guardrail/negatives/coco/0040.jpg,not_smear,coco,train
data/guardrail/negatives/coco/0298.jpg,not_smear,coco,train
data/guardrail/negatives/coco/0716.jpg,not_smear,coco,train
data/guardrail/negatives/coco/0622.jpg,not_smear,coco,train
data/guardrail/negatives/coco/0641.jpg,not_smear,coco,train
data/guardrail/negatives/coco/0229.jpg,not_smear,coco,train
data/guardrail/negatives/coco/0175.jpg,not_smear,coco,train
data/guardrail/negatives/coco/0777.jpg,not_smear,coco,train
data/guardrail/negatives/coco/0653.jpg,not_smear,coco,train
data/guardrail/negatives/coco/0274.jpg,not_smear,coco,train
data/guardrail/negatives/coco/0303.jpg,not_smear,coco,train
data/guardrail/negatives/coco/0225.jpg,not_smear,coco,train
data/guardrail/negatives/coco/0310.jpg,not_smear,coco,train
data/guardrail/negatives/coco/0265.jpg,not_smear,coco,train
data/guardrail/negatives/coco/0697.jpg,not_smear,coco,train
data/guardrail/negatives/coco/0604.jpg,not_smear,coco,train
data/guardrail/negatives/coco/0466.jpg,not_smear,coco,train
data/guardrail/negatives/coco/0591.jpg,not_smear,coco,train
data/guardrail/negatives/coco/0960.jpg,not_smear,coco,train
data/guardrail/negatives/coco/0223.jpg,not_smear,coco,train
data/guardrail/negatives/coco/0163.jpg,not_smear,coco,train
data/guardrail/negatives/coco/0003.jpg,not_smear,coco,train
data/guardrail/negatives/coco/0188.jpg,not_smear,coco,train
data/guardrail/negatives/coco/0211.jpg,not_smear,coco,train
data/guardrail/negatives/coco/0278.jpg,not_smear,coco,train
data/guardrail/negatives/coco/0710.jpg,not_smear,coco,train
data/guardrail/negatives/coco/0399.jpg,not_smear,coco,train
data/guardrail/negatives/coco/0575.jpg,not_smear,coco,train
data/guardrail/negatives/coco/0640.jpg,not_smear,coco,train
data/guardrail/negatives/coco/0521.jpg,not_smear,coco,train
data/guardrail/negatives/coco/0448.jpg,not_smear,coco,train
data/guardrail/negatives/coco/0942.jpg,not_smear,coco,train
data/guardrail/negatives/coco/0628.jpg,not_smear,coco,train
data/guardrail/negatives/coco/0997.jpg,not_smear,coco,train
data/guardrail/negatives/coco/0920.jpg,not_smear,coco,train
data/guardrail/negatives/coco/0506.jpg,not_smear,coco,train
data/guardrail/negatives/coco/0407.jpg,not_smear,coco,train
data/guardrail/negatives/coco/0792.jpg,not_smear,coco,train
data/guardrail/negatives/coco/0689.jpg,not_smear,coco,train
data/guardrail/negatives/coco/0579.jpg,not_smear,coco,train
data/guardrail/negatives/coco/0046.jpg,not_smear,coco,train
data/guardrail/negatives/coco/0744.jpg,not_smear,coco,train
data/guardrail/negatives/coco/0132.jpg,not_smear,coco,train
data/guardrail/negatives/coco/0708.jpg,not_smear,coco,train
data/guardrail/negatives/coco/0170.jpg,not_smear,coco,train
data/guardrail/negatives/coco/0022.jpg,not_smear,coco,train
data/guardrail/negatives/coco/0515.jpg,not_smear,coco,train
data/guardrail/negatives/coco/0891.jpg,not_smear,coco,train
data/guardrail/negatives/coco/0429.jpg,not_smear,coco,train
data/guardrail/negatives/coco/0866.jpg,not_smear,coco,train
data/guardrail/negatives/coco/0069.jpg,not_smear,coco,train
data/guardrail/negatives/coco/0446.jpg,not_smear,coco,train
data/guardrail/negatives/coco/0869.jpg,not_smear,coco,train
data/guardrail/negatives/coco/0933.jpg,not_smear,coco,train
data/guardrail/negatives/coco/0374.jpg,not_smear,coco,train
data/guardrail/negatives/coco/0355.jpg,not_smear,coco,train
data/guardrail/negatives/coco/0573.jpg,not_smear,coco,train
data/guardrail/negatives/coco/0661.jpg,not_smear,coco,train
data/guardrail/negatives/coco/0774.jpg,not_smear,coco,train
data/guardrail/negatives/coco/0678.jpg,not_smear,coco,train
data/guardrail/negatives/coco/0707.jpg,not_smear,coco,train
data/guardrail/negatives/coco/0770.jpg,not_smear,coco,train
data/guardrail/negatives/coco/0044.jpg,not_smear,coco,train
data/guardrail/negatives/coco/0825.jpg,not_smear,coco,train
data/guardrail/negatives/coco/0546.jpg,not_smear,coco,train
data/guardrail/negatives/coco/0206.jpg,not_smear,coco,train
data/guardrail/negatives/coco/0725.jpg,not_smear,coco,train
data/guardrail/negatives/coco/0308.jpg,not_smear,coco,train
data/guardrail/negatives/coco/0351.jpg,not_smear,coco,train
data/guardrail/negatives/coco/0559.jpg,not_smear,coco,train
data/guardrail/negatives/coco/0888.jpg,not_smear,coco,train
data/guardrail/negatives/coco/0101.jpg,not_smear,coco,train
data/guardrail/negatives/coco/0456.jpg,not_smear,coco,train
data/guardrail/negatives/coco/0197.jpg,not_smear,coco,train
data/guardrail/negatives/coco/0195.jpg,not_smear,coco,train
data/guardrail/negatives/coco/0600.jpg,not_smear,coco,train
data/guardrail/negatives/coco/0042.jpg,not_smear,coco,train
data/guardrail/negatives/coco/0712.jpg,not_smear,coco,train
data/guardrail/negatives/coco/0616.jpg,not_smear,coco,train
data/guardrail/negatives/coco/0652.jpg,not_smear,coco,train
data/guardrail/negatives/coco/0108.jpg,not_smear,coco,train
data/guardrail/negatives/coco/0955.jpg,not_smear,coco,train
data/guardrail/negatives/coco/0393.jpg,not_smear,coco,train
data/guardrail/negatives/coco/0598.jpg,not_smear,coco,train
data/guardrail/negatives/coco/0215.jpg,not_smear,coco,train
data/guardrail/negatives/coco/0967.jpg,not_smear,coco,train
data/guardrail/negatives/coco/0243.jpg,not_smear,coco,train
data/guardrail/negatives/coco/0380.jpg,not_smear,coco,train
data/guardrail/negatives/coco/0619.jpg,not_smear,coco,train
data/guardrail/negatives/coco/0934.jpg,not_smear,coco,train
data/guardrail/negatives/coco/0603.jpg,not_smear,coco,train
data/guardrail/negatives/coco/0370.jpg,not_smear,coco,train
data/guardrail/negatives/coco/0369.jpg,not_smear,coco,train
data/guardrail/negatives/coco/0785.jpg,not_smear,coco,train
data/guardrail/negatives/coco/0133.jpg,not_smear,coco,train
data/guardrail/negatives/coco/0565.jpg,not_smear,coco,train
data/guardrail/negatives/coco/0861.jpg,not_smear,coco,train
data/guardrail/negatives/coco/0099.jpg,not_smear,coco,train
data/guardrail/negatives/coco/0114.jpg,not_smear,coco,train
data/guardrail/negatives/coco/0684.jpg,not_smear,coco,train
data/guardrail/negatives/coco/0342.jpg,not_smear,coco,train
data/guardrail/negatives/coco/0779.jpg,not_smear,coco,train
data/guardrail/negatives/coco/0830.jpg,not_smear,coco,train
data/guardrail/negatives/coco/0258.jpg,not_smear,coco,train
data/guardrail/negatives/coco/0189.jpg,not_smear,coco,train
data/guardrail/negatives/coco/0831.jpg,not_smear,coco,train
data/guardrail/negatives/coco/0832.jpg,not_smear,coco,train
data/guardrail/negatives/coco/0896.jpg,not_smear,coco,train
data/guardrail/negatives/coco/0286.jpg,not_smear,coco,train
data/guardrail/negatives/coco/0483.jpg,not_smear,coco,train
data/guardrail/negatives/coco/0937.jpg,not_smear,coco,train
data/guardrail/negatives/coco/0217.jpg,not_smear,coco,train
data/guardrail/negatives/coco/0329.jpg,not_smear,coco,train
data/guardrail/negatives/coco/0752.jpg,not_smear,coco,train
data/guardrail/negatives/coco/0000.jpg,not_smear,coco,train
data/guardrail/negatives/coco/0790.jpg,not_smear,coco,train
data/guardrail/negatives/coco/0809.jpg,not_smear,coco,train
data/guardrail/negatives/coco/0048.jpg,not_smear,coco,train
data/guardrail/negatives/coco/0327.jpg,not_smear,coco,train
data/guardrail/negatives/coco/0252.jpg,not_smear,coco,train
data/guardrail/negatives/coco/0977.jpg,not_smear,coco,train
data/guardrail/negatives/coco/0359.jpg,not_smear,coco,train
data/guardrail/negatives/coco/0733.jpg,not_smear,coco,train
data/guardrail/negatives/coco/0372.jpg,not_smear,coco,train
data/guardrail/negatives/coco/0807.jpg,not_smear,coco,train
data/guardrail/negatives/coco/0762.jpg,not_smear,coco,train
data/guardrail/negatives/coco/0311.jpg,not_smear,coco,train
data/guardrail/negatives/coco/0754.jpg,not_smear,coco,train
data/guardrail/negatives/coco/0659.jpg,not_smear,coco,train
data/guardrail/negatives/coco/0437.jpg,not_smear,coco,train
data/guardrail/negatives/coco/0522.jpg,not_smear,coco,train
data/guardrail/negatives/coco/0062.jpg,not_smear,coco,train
data/guardrail/negatives/coco/0780.jpg,not_smear,coco,train
data/guardrail/negatives/coco/0705.jpg,not_smear,coco,train
data/guardrail/negatives/coco/0344.jpg,not_smear,coco,train
data/guardrail/negatives/coco/0227.jpg,not_smear,coco,train
data/guardrail/negatives/coco/0236.jpg,not_smear,coco,train
data/guardrail/negatives/coco/0648.jpg,not_smear,coco,train
data/guardrail/negatives/coco/0313.jpg,not_smear,coco,train
data/guardrail/negatives/coco/0537.jpg,not_smear,coco,train
data/guardrail/negatives/coco/0417.jpg,not_smear,coco,train
data/guardrail/negatives/coco/0389.jpg,not_smear,coco,train
data/guardrail/negatives/coco/0882.jpg,not_smear,coco,val
data/guardrail/negatives/coco/0093.jpg,not_smear,coco,val
data/guardrail/negatives/coco/0204.jpg,not_smear,coco,val
data/guardrail/negatives/coco/0915.jpg,not_smear,coco,val
data/guardrail/negatives/coco/0018.jpg,not_smear,coco,val
data/guardrail/negatives/coco/0436.jpg,not_smear,coco,val
data/guardrail/negatives/coco/0149.jpg,not_smear,coco,val
data/guardrail/negatives/coco/0196.jpg,not_smear,coco,val
data/guardrail/negatives/coco/0280.jpg,not_smear,coco,val
data/guardrail/negatives/coco/0039.jpg,not_smear,coco,val
data/guardrail/negatives/coco/0410.jpg,not_smear,coco,val
data/guardrail/negatives/coco/0135.jpg,not_smear,coco,val
data/guardrail/negatives/coco/0123.jpg,not_smear,coco,val
data/guardrail/negatives/coco/0959.jpg,not_smear,coco,val
data/guardrail/negatives/coco/0152.jpg,not_smear,coco,val
data/guardrail/negatives/coco/0948.jpg,not_smear,coco,val
data/guardrail/negatives/coco/0644.jpg,not_smear,coco,val
data/guardrail/negatives/coco/0605.jpg,not_smear,coco,val
data/guardrail/negatives/coco/0193.jpg,not_smear,coco,val
data/guardrail/negatives/coco/0185.jpg,not_smear,coco,val
data/guardrail/negatives/coco/0625.jpg,not_smear,coco,val
data/guardrail/negatives/coco/0969.jpg,not_smear,coco,val
data/guardrail/negatives/coco/0996.jpg,not_smear,coco,val
data/guardrail/negatives/coco/0105.jpg,not_smear,coco,val
data/guardrail/negatives/coco/0976.jpg,not_smear,coco,val
data/guardrail/negatives/coco/0485.jpg,not_smear,coco,val
data/guardrail/negatives/coco/0781.jpg,not_smear,coco,val
data/guardrail/negatives/coco/0740.jpg,not_smear,coco,val
data/guardrail/negatives/coco/0892.jpg,not_smear,coco,val
data/guardrail/negatives/coco/0837.jpg,not_smear,coco,val
data/guardrail/negatives/coco/0717.jpg,not_smear,coco,val
data/guardrail/negatives/coco/0269.jpg,not_smear,coco,val
data/guardrail/negatives/coco/0117.jpg,not_smear,coco,val
data/guardrail/negatives/coco/0287.jpg,not_smear,coco,val
data/guardrail/negatives/coco/0873.jpg,not_smear,coco,val
data/guardrail/negatives/coco/0191.jpg,not_smear,coco,val
data/guardrail/negatives/coco/0523.jpg,not_smear,coco,val
data/guardrail/negatives/coco/0156.jpg,not_smear,coco,val
data/guardrail/negatives/coco/0850.jpg,not_smear,coco,val
data/guardrail/negatives/coco/0253.jpg,not_smear,coco,val
data/guardrail/negatives/coco/0749.jpg,not_smear,coco,val
data/guardrail/negatives/coco/0084.jpg,not_smear,coco,val
data/guardrail/negatives/coco/0497.jpg,not_smear,coco,val
data/guardrail/negatives/coco/0288.jpg,not_smear,coco,val
data/guardrail/negatives/coco/0296.jpg,not_smear,coco,val
data/guardrail/negatives/coco/0926.jpg,not_smear,coco,val
data/guardrail/negatives/coco/0798.jpg,not_smear,coco,val
data/guardrail/negatives/coco/0008.jpg,not_smear,coco,val
data/guardrail/negatives/coco/0611.jpg,not_smear,coco,val
data/guardrail/negatives/coco/0439.jpg,not_smear,coco,val
data/guardrail/negatives/coco/0350.jpg,not_smear,coco,val
data/guardrail/negatives/coco/0979.jpg,not_smear,coco,val
data/guardrail/negatives/coco/0053.jpg,not_smear,coco,val
data/guardrail/negatives/coco/0242.jpg,not_smear,coco,val
data/guardrail/negatives/coco/0899.jpg,not_smear,coco,val
data/guardrail/negatives/coco/0013.jpg,not_smear,coco,val
data/guardrail/negatives/coco/0512.jpg,not_smear,coco,val
data/guardrail/negatives/coco/0352.jpg,not_smear,coco,val
data/guardrail/negatives/coco/0820.jpg,not_smear,coco,val
data/guardrail/negatives/coco/0993.jpg,not_smear,coco,val
data/guardrail/negatives/coco/0021.jpg,not_smear,coco,val
data/guardrail/negatives/coco/0110.jpg,not_smear,coco,val
data/guardrail/negatives/coco/0112.jpg,not_smear,coco,val
data/guardrail/negatives/coco/0134.jpg,not_smear,coco,val
data/guardrail/negatives/coco/0398.jpg,not_smear,coco,val
data/guardrail/negatives/coco/0759.jpg,not_smear,coco,val
data/guardrail/negatives/coco/0743.jpg,not_smear,coco,val
data/guardrail/negatives/coco/0513.jpg,not_smear,coco,val
data/guardrail/negatives/coco/0409.jpg,not_smear,coco,val
data/guardrail/negatives/coco/0332.jpg,not_smear,coco,val
data/guardrail/negatives/coco/0130.jpg,not_smear,coco,val
data/guardrail/negatives/coco/0910.jpg,not_smear,coco,val
data/guardrail/negatives/coco/0698.jpg,not_smear,coco,val
data/guardrail/negatives/coco/0880.jpg,not_smear,coco,val
data/guardrail/negatives/coco/0563.jpg,not_smear,coco,val
data/guardrail/negatives/coco/0500.jpg,not_smear,coco,val
data/guardrail/negatives/coco/0819.jpg,not_smear,coco,val
data/guardrail/negatives/coco/0121.jpg,not_smear,coco,val
data/guardrail/negatives/coco/0272.jpg,not_smear,coco,val
data/guardrail/negatives/coco/0681.jpg,not_smear,coco,val
data/guardrail/negatives/coco/0490.jpg,not_smear,coco,val
data/guardrail/negatives/coco/0794.jpg,not_smear,coco,val
data/guardrail/negatives/coco/0682.jpg,not_smear,coco,val
data/guardrail/negatives/coco/0164.jpg,not_smear,coco,val
data/guardrail/negatives/coco/0032.jpg,not_smear,coco,val
data/guardrail/negatives/coco/0339.jpg,not_smear,coco,val
data/guardrail/negatives/coco/0938.jpg,not_smear,coco,val
data/guardrail/negatives/coco/0431.jpg,not_smear,coco,val
data/guardrail/negatives/coco/0814.jpg,not_smear,coco,val
data/guardrail/negatives/coco/0885.jpg,not_smear,coco,val
data/guardrail/negatives/coco/0041.jpg,not_smear,coco,val
data/guardrail/negatives/coco/0291.jpg,not_smear,coco,val
data/guardrail/negatives/coco/0914.jpg,not_smear,coco,val
data/guardrail/negatives/coco/0113.jpg,not_smear,coco,val
data/guardrail/negatives/coco/0203.jpg,not_smear,coco,val
data/guardrail/negatives/coco/0726.jpg,not_smear,coco,val
data/guardrail/negatives/coco/0367.jpg,not_smear,coco,val
data/guardrail/negatives/coco/0839.jpg,not_smear,coco,val
data/guardrail/negatives/coco/0444.jpg,not_smear,coco,val
data/guardrail/negatives/coco/0765.jpg,not_smear,coco,val
data/guardrail/negatives/coco/0841.jpg,not_smear,coco,val
data/guardrail/negatives/coco/0143.jpg,not_smear,coco,val
data/guardrail/negatives/coco/0165.jpg,not_smear,coco,val
data/guardrail/negatives/coco/0805.jpg,not_smear,coco,val
data/guardrail/negatives/coco/0818.jpg,not_smear,coco,val
data/guardrail/negatives/coco/0973.jpg,not_smear,coco,val
data/guardrail/negatives/coco/0111.jpg,not_smear,coco,val
data/guardrail/negatives/coco/0275.jpg,not_smear,coco,val
data/guardrail/negatives/coco/0549.jpg,not_smear,coco,val
data/guardrail/negatives/coco/0186.jpg,not_smear,coco,val
data/guardrail/negatives/coco/0966.jpg,not_smear,coco,val
data/guardrail/negatives/coco/0373.jpg,not_smear,coco,val
data/guardrail/negatives/coco/0867.jpg,not_smear,coco,val
data/guardrail/negatives/coco/0383.jpg,not_smear,coco,val
data/guardrail/negatives/coco/0404.jpg,not_smear,coco,val
data/guardrail/negatives/coco/0481.jpg,not_smear,coco,val
data/guardrail/negatives/coco/0231.jpg,not_smear,coco,val
data/guardrail/negatives/coco/0256.jpg,not_smear,coco,val
data/guardrail/negatives/coco/0672.jpg,not_smear,coco,val
data/guardrail/negatives/coco/0787.jpg,not_smear,coco,val
data/guardrail/negatives/coco/0995.jpg,not_smear,coco,val
data/guardrail/negatives/coco/0911.jpg,not_smear,coco,val
data/guardrail/negatives/coco/0849.jpg,not_smear,coco,val
data/guardrail/negatives/coco/0126.jpg,not_smear,coco,val
data/guardrail/negatives/coco/0420.jpg,not_smear,coco,val
data/guardrail/negatives/coco/0157.jpg,not_smear,coco,val
data/guardrail/negatives/coco/0884.jpg,not_smear,coco,val
data/guardrail/negatives/coco/0541.jpg,not_smear,coco,val
data/guardrail/negatives/coco/0939.jpg,not_smear,coco,val
data/guardrail/negatives/coco/0202.jpg,not_smear,coco,val
data/guardrail/negatives/coco/0503.jpg,not_smear,coco,val
data/guardrail/negatives/coco/0441.jpg,not_smear,coco,val
data/guardrail/negatives/coco/0103.jpg,not_smear,coco,val
data/guardrail/negatives/coco/0999.jpg,not_smear,coco,val
data/guardrail/negatives/coco/0363.jpg,not_smear,coco,val
data/guardrail/negatives/coco/0411.jpg,not_smear,coco,val
data/guardrail/negatives/coco/0190.jpg,not_smear,coco,val
data/guardrail/negatives/coco/0739.jpg,not_smear,coco,val
data/guardrail/negatives/coco/0358.jpg,not_smear,coco,val
data/guardrail/negatives/coco/0005.jpg,not_smear,coco,val
data/guardrail/negatives/coco/0109.jpg,not_smear,coco,val
data/guardrail/negatives/coco/0972.jpg,not_smear,coco,val
data/guardrail/negatives/coco/0305.jpg,not_smear,coco,val
data/guardrail/negatives/coco/0336.jpg,not_smear,coco,val
data/guardrail/negatives/coco/0471.jpg,not_smear,coco,val
data/guardrail/negatives/coco/0630.jpg,not_smear,coco,val
data/guardrail/negatives/coco/0006.jpg,not_smear,coco,val
data/guardrail/negatives/coco/0364.jpg,not_smear,coco,val
data/guardrail/negatives/coco/0986.jpg,not_smear,coco,val
data/guardrail/negatives/coco/0499.jpg,not_smear,coco,val
data/guardrail/negatives/coco/0632.jpg,not_smear,coco,test
data/guardrail/negatives/coco/0474.jpg,not_smear,coco,test
data/guardrail/negatives/coco/0036.jpg,not_smear,coco,test
data/guardrail/negatives/coco/0845.jpg,not_smear,coco,test
data/guardrail/negatives/coco/0924.jpg,not_smear,coco,test
data/guardrail/negatives/coco/0658.jpg,not_smear,coco,test
data/guardrail/negatives/coco/0954.jpg,not_smear,coco,test
data/guardrail/negatives/coco/0222.jpg,not_smear,coco,test
data/guardrail/negatives/coco/0403.jpg,not_smear,coco,test
data/guardrail/negatives/coco/0582.jpg,not_smear,coco,test
data/guardrail/negatives/coco/0646.jpg,not_smear,coco,test
data/guardrail/negatives/coco/0755.jpg,not_smear,coco,test
data/guardrail/negatives/coco/0002.jpg,not_smear,coco,test
data/guardrail/negatives/coco/0218.jpg,not_smear,coco,test
data/guardrail/negatives/coco/0271.jpg,not_smear,coco,test
data/guardrail/negatives/coco/0300.jpg,not_smear,coco,test
data/guardrail/negatives/coco/0494.jpg,not_smear,coco,test
data/guardrail/negatives/coco/0306.jpg,not_smear,coco,test
data/guardrail/negatives/coco/0297.jpg,not_smear,coco,test
data/guardrail/negatives/coco/0120.jpg,not_smear,coco,test
data/guardrail/negatives/coco/0784.jpg,not_smear,coco,test
data/guardrail/negatives/coco/0552.jpg,not_smear,coco,test
data/guardrail/negatives/coco/0913.jpg,not_smear,coco,test
data/guardrail/negatives/coco/0980.jpg,not_smear,coco,test
data/guardrail/negatives/coco/0695.jpg,not_smear,coco,test
data/guardrail/negatives/coco/0346.jpg,not_smear,coco,test
data/guardrail/negatives/coco/0115.jpg,not_smear,coco,test
data/guardrail/negatives/coco/0382.jpg,not_smear,coco,test
data/guardrail/negatives/coco/0174.jpg,not_smear,coco,test
data/guardrail/negatives/coco/0388.jpg,not_smear,coco,test
data/guardrail/negatives/coco/0507.jpg,not_smear,coco,test
data/guardrail/negatives/coco/0432.jpg,not_smear,coco,test
data/guardrail/negatives/coco/0052.jpg,not_smear,coco,test
data/guardrail/negatives/coco/0361.jpg,not_smear,coco,test
data/guardrail/negatives/coco/0526.jpg,not_smear,coco,test
data/guardrail/negatives/coco/0136.jpg,not_smear,coco,test
data/guardrail/negatives/coco/0859.jpg,not_smear,coco,test
data/guardrail/negatives/coco/0375.jpg,not_smear,coco,test
data/guardrail/negatives/coco/0076.jpg,not_smear,coco,test
data/guardrail/negatives/coco/0179.jpg,not_smear,coco,test
data/guardrail/negatives/coco/0230.jpg,not_smear,coco,test
data/guardrail/negatives/coco/0536.jpg,not_smear,coco,test
data/guardrail/negatives/coco/0782.jpg,not_smear,coco,test
data/guardrail/negatives/coco/0690.jpg,not_smear,coco,test
data/guardrail/negatives/coco/0172.jpg,not_smear,coco,test
data/guardrail/negatives/coco/0459.jpg,not_smear,coco,test
data/guardrail/negatives/coco/0621.jpg,not_smear,coco,test
data/guardrail/negatives/coco/0043.jpg,not_smear,coco,test
data/guardrail/negatives/coco/0978.jpg,not_smear,coco,test
data/guardrail/negatives/coco/0700.jpg,not_smear,coco,test
data/guardrail/negatives/coco/0540.jpg,not_smear,coco,test
data/guardrail/negatives/coco/0843.jpg,not_smear,coco,test
data/guardrail/negatives/coco/0677.jpg,not_smear,coco,test
data/guardrail/negatives/coco/0756.jpg,not_smear,coco,test
data/guardrail/negatives/coco/0250.jpg,not_smear,coco,test
data/guardrail/negatives/coco/0353.jpg,not_smear,coco,test
data/guardrail/negatives/coco/0767.jpg,not_smear,coco,test
data/guardrail/negatives/coco/0547.jpg,not_smear,coco,test
data/guardrail/negatives/coco/0719.jpg,not_smear,coco,test
data/guardrail/negatives/coco/0435.jpg,not_smear,coco,test
data/guardrail/negatives/coco/0731.jpg,not_smear,coco,test
data/guardrail/negatives/coco/0007.jpg,not_smear,coco,test
data/guardrail/negatives/coco/0763.jpg,not_smear,coco,test
data/guardrail/negatives/coco/0851.jpg,not_smear,coco,test
data/guardrail/negatives/coco/0194.jpg,not_smear,coco,test
data/guardrail/negatives/coco/0631.jpg,not_smear,coco,test
data/guardrail/negatives/coco/0014.jpg,not_smear,coco,test
data/guardrail/negatives/coco/0415.jpg,not_smear,coco,test
data/guardrail/negatives/coco/0127.jpg,not_smear,coco,test
data/guardrail/negatives/coco/0714.jpg,not_smear,coco,test
data/guardrail/negatives/coco/0545.jpg,not_smear,coco,test
data/guardrail/negatives/coco/0909.jpg,not_smear,coco,test
data/guardrail/negatives/coco/0930.jpg,not_smear,coco,test
data/guardrail/negatives/coco/0701.jpg,not_smear,coco,test
data/guardrail/negatives/coco/0527.jpg,not_smear,coco,test
data/guardrail/negatives/coco/0509.jpg,not_smear,coco,test
data/guardrail/negatives/coco/0491.jpg,not_smear,coco,test
data/guardrail/negatives/coco/0139.jpg,not_smear,coco,test
data/guardrail/negatives/coco/0748.jpg,not_smear,coco,test
data/guardrail/negatives/coco/0520.jpg,not_smear,coco,test
data/guardrail/negatives/coco/0693.jpg,not_smear,coco,test
data/guardrail/negatives/coco/0434.jpg,not_smear,coco,test
data/guardrail/negatives/coco/0010.jpg,not_smear,coco,test
data/guardrail/negatives/coco/0895.jpg,not_smear,coco,test
data/guardrail/negatives/coco/0827.jpg,not_smear,coco,test
data/guardrail/negatives/coco/0504.jpg,not_smear,coco,test
data/guardrail/negatives/coco/0567.jpg,not_smear,coco,test
data/guardrail/negatives/coco/0292.jpg,not_smear,coco,test
data/guardrail/negatives/coco/0761.jpg,not_smear,coco,test
data/guardrail/negatives/coco/0086.jpg,not_smear,coco,test
data/guardrail/negatives/coco/0058.jpg,not_smear,coco,test
data/guardrail/negatives/coco/0589.jpg,not_smear,coco,test
data/guardrail/negatives/coco/0169.jpg,not_smear,coco,test
data/guardrail/negatives/coco/0095.jpg,not_smear,coco,test
data/guardrail/negatives/coco/0245.jpg,not_smear,coco,test
data/guardrail/negatives/coco/0747.jpg,not_smear,coco,test
data/guardrail/negatives/coco/0078.jpg,not_smear,coco,test
data/guardrail/negatives/coco/0081.jpg,not_smear,coco,test
data/guardrail/negatives/coco/0649.jpg,not_smear,coco,test
data/guardrail/negatives/coco/0092.jpg,not_smear,coco,test
data/guardrail/negatives/coco/0865.jpg,not_smear,coco,test
data/guardrail/negatives/coco/0320.jpg,not_smear,coco,test
data/guardrail/negatives/coco/0789.jpg,not_smear,coco,test
data/guardrail/negatives/coco/0416.jpg,not_smear,coco,test
data/guardrail/negatives/coco/0958.jpg,not_smear,coco,test
data/guardrail/negatives/coco/0089.jpg,not_smear,coco,test
data/guardrail/negatives/coco/0878.jpg,not_smear,coco,test
data/guardrail/negatives/coco/0650.jpg,not_smear,coco,test
data/guardrail/negatives/coco/0312.jpg,not_smear,coco,test
data/guardrail/negatives/coco/0234.jpg,not_smear,coco,test
data/guardrail/negatives/coco/0833.jpg,not_smear,coco,test
data/guardrail/negatives/coco/0945.jpg,not_smear,coco,test
data/guardrail/negatives/coco/0902.jpg,not_smear,coco,test
data/guardrail/negatives/coco/0735.jpg,not_smear,coco,test
data/guardrail/negatives/coco/0964.jpg,not_smear,coco,test
data/guardrail/negatives/coco/0533.jpg,not_smear,coco,test
data/guardrail/negatives/coco/0438.jpg,not_smear,coco,test
data/guardrail/negatives/coco/0282.jpg,not_smear,coco,test
data/guardrail/negatives/coco/0293.jpg,not_smear,coco,test
data/guardrail/negatives/coco/0514.jpg,not_smear,coco,test
data/guardrail/negatives/coco/0479.jpg,not_smear,coco,test
data/guardrail/negatives/coco/0817.jpg,not_smear,coco,test
data/guardrail/negatives/coco/0362.jpg,not_smear,coco,test
data/guardrail/negatives/coco/0449.jpg,not_smear,coco,test
data/guardrail/negatives/coco/0187.jpg,not_smear,coco,test
data/guardrail/negatives/coco/0468.jpg,not_smear,coco,test
data/guardrail/negatives/coco/0723.jpg,not_smear,coco,test
data/guardrail/negatives/coco/0428.jpg,not_smear,coco,test
data/guardrail/negatives/coco/0623.jpg,not_smear,coco,test
data/guardrail/negatives/coco/0694.jpg,not_smear,coco,test
data/guardrail/negatives/coco/0255.jpg,not_smear,coco,test
data/guardrail/negatives/coco/0796.jpg,not_smear,coco,test
data/guardrail/negatives/coco/0724.jpg,not_smear,coco,test
data/guardrail/negatives/coco/0379.jpg,not_smear,coco,test
data/guardrail/negatives/coco/0654.jpg,not_smear,coco,test
data/guardrail/negatives/coco/0742.jpg,not_smear,coco,test
data/guardrail/negatives/coco/0940.jpg,not_smear,coco,test
data/guardrail/negatives/coco/0054.jpg,not_smear,coco,test
data/guardrail/negatives/coco/0273.jpg,not_smear,coco,test
data/guardrail/negatives/coco/0753.jpg,not_smear,coco,test
data/guardrail/negatives/coco/0581.jpg,not_smear,coco,test
data/guardrail/negatives/coco/0387.jpg,not_smear,coco,test
data/guardrail/negatives/coco/0146.jpg,not_smear,coco,test
data/guardrail/negatives/coco/0129.jpg,not_smear,coco,test
data/guardrail/negatives/coco/0673.jpg,not_smear,coco,test
data/guardrail/negatives/coco/0159.jpg,not_smear,coco,test
data/guardrail/negatives/coco/0730.jpg,not_smear,coco,test
data/guardrail/negatives/coco/0525.jpg,not_smear,coco,test
data/guardrail/negatives/coco/0703.jpg,not_smear,coco,test
data/guardrail/negatives/coco/0009.jpg,not_smear,coco,test
data/guardrail/negatives/documents/0194.jpg,not_smear,documents,train
data/guardrail/negatives/documents/0028.jpg,not_smear,documents,train
data/guardrail/negatives/documents/0152.jpg,not_smear,documents,train
data/guardrail/negatives/documents/0171.jpg,not_smear,documents,train
data/guardrail/negatives/documents/0130.jpg,not_smear,documents,train
data/guardrail/negatives/documents/0182.jpg,not_smear,documents,train
data/guardrail/negatives/documents/0129.jpg,not_smear,documents,train
data/guardrail/negatives/documents/0098.jpg,not_smear,documents,train
data/guardrail/negatives/documents/0055.jpg,not_smear,documents,train
data/guardrail/negatives/documents/0170.jpg,not_smear,documents,train
data/guardrail/negatives/documents/0166.jpg,not_smear,documents,train
data/guardrail/negatives/documents/0155.jpg,not_smear,documents,train
data/guardrail/negatives/documents/0127.jpg,not_smear,documents,train
data/guardrail/negatives/documents/0030.jpg,not_smear,documents,train
data/guardrail/negatives/documents/0022.jpg,not_smear,documents,train
data/guardrail/negatives/documents/0061.jpg,not_smear,documents,train
data/guardrail/negatives/documents/0003.jpg,not_smear,documents,train
data/guardrail/negatives/documents/0091.jpg,not_smear,documents,train
data/guardrail/negatives/documents/0188.jpg,not_smear,documents,train
data/guardrail/negatives/documents/0114.jpg,not_smear,documents,train
data/guardrail/negatives/documents/0059.jpg,not_smear,documents,train
data/guardrail/negatives/documents/0032.jpg,not_smear,documents,train
data/guardrail/negatives/documents/0143.jpg,not_smear,documents,train
data/guardrail/negatives/documents/0126.jpg,not_smear,documents,train
data/guardrail/negatives/documents/0060.jpg,not_smear,documents,train
data/guardrail/negatives/documents/0140.jpg,not_smear,documents,train
data/guardrail/negatives/documents/0025.jpg,not_smear,documents,train
data/guardrail/negatives/documents/0177.jpg,not_smear,documents,train
data/guardrail/negatives/documents/0096.jpg,not_smear,documents,train
data/guardrail/negatives/documents/0149.jpg,not_smear,documents,train
data/guardrail/negatives/documents/0151.jpg,not_smear,documents,train
data/guardrail/negatives/documents/0062.jpg,not_smear,documents,train
data/guardrail/negatives/documents/0031.jpg,not_smear,documents,train
data/guardrail/negatives/documents/0176.jpg,not_smear,documents,train
data/guardrail/negatives/documents/0080.jpg,not_smear,documents,train
data/guardrail/negatives/documents/0077.jpg,not_smear,documents,train
data/guardrail/negatives/documents/0100.jpg,not_smear,documents,train
data/guardrail/negatives/documents/0075.jpg,not_smear,documents,train
data/guardrail/negatives/documents/0161.jpg,not_smear,documents,train
data/guardrail/negatives/documents/0006.jpg,not_smear,documents,train
data/guardrail/negatives/documents/0072.jpg,not_smear,documents,train
data/guardrail/negatives/documents/0192.jpg,not_smear,documents,train
data/guardrail/negatives/documents/0106.jpg,not_smear,documents,train
data/guardrail/negatives/documents/0049.jpg,not_smear,documents,train
data/guardrail/negatives/documents/0043.jpg,not_smear,documents,train
data/guardrail/negatives/documents/0113.jpg,not_smear,documents,train
data/guardrail/negatives/documents/0138.jpg,not_smear,documents,train
data/guardrail/negatives/documents/0160.jpg,not_smear,documents,train
data/guardrail/negatives/documents/0079.jpg,not_smear,documents,train
data/guardrail/negatives/documents/0056.jpg,not_smear,documents,train
data/guardrail/negatives/documents/0034.jpg,not_smear,documents,train
data/guardrail/negatives/documents/0010.jpg,not_smear,documents,train
data/guardrail/negatives/documents/0122.jpg,not_smear,documents,train
data/guardrail/negatives/documents/0035.jpg,not_smear,documents,train
data/guardrail/negatives/documents/0068.jpg,not_smear,documents,train
data/guardrail/negatives/documents/0142.jpg,not_smear,documents,train
data/guardrail/negatives/documents/0082.jpg,not_smear,documents,train
data/guardrail/negatives/documents/0183.jpg,not_smear,documents,train
data/guardrail/negatives/documents/0011.jpg,not_smear,documents,train
data/guardrail/negatives/documents/0007.jpg,not_smear,documents,train
data/guardrail/negatives/documents/0119.jpg,not_smear,documents,train
data/guardrail/negatives/documents/0083.jpg,not_smear,documents,train
data/guardrail/negatives/documents/0104.jpg,not_smear,documents,train
data/guardrail/negatives/documents/0146.jpg,not_smear,documents,train
data/guardrail/negatives/documents/0065.jpg,not_smear,documents,train
data/guardrail/negatives/documents/0157.jpg,not_smear,documents,train
data/guardrail/negatives/documents/0067.jpg,not_smear,documents,train
data/guardrail/negatives/documents/0193.jpg,not_smear,documents,train
data/guardrail/negatives/documents/0141.jpg,not_smear,documents,train
data/guardrail/negatives/documents/0135.jpg,not_smear,documents,train
data/guardrail/negatives/documents/0168.jpg,not_smear,documents,train
data/guardrail/negatives/documents/0158.jpg,not_smear,documents,train
data/guardrail/negatives/documents/0178.jpg,not_smear,documents,train
data/guardrail/negatives/documents/0038.jpg,not_smear,documents,train
data/guardrail/negatives/documents/0128.jpg,not_smear,documents,train
data/guardrail/negatives/documents/0046.jpg,not_smear,documents,train
data/guardrail/negatives/documents/0144.jpg,not_smear,documents,train
data/guardrail/negatives/documents/0131.jpg,not_smear,documents,train
data/guardrail/negatives/documents/0073.jpg,not_smear,documents,train
data/guardrail/negatives/documents/0088.jpg,not_smear,documents,train
data/guardrail/negatives/documents/0026.jpg,not_smear,documents,train
data/guardrail/negatives/documents/0044.jpg,not_smear,documents,train
data/guardrail/negatives/documents/0136.jpg,not_smear,documents,train
data/guardrail/negatives/documents/0048.jpg,not_smear,documents,train
data/guardrail/negatives/documents/0185.jpg,not_smear,documents,train
data/guardrail/negatives/documents/0156.jpg,not_smear,documents,train
data/guardrail/negatives/documents/0159.jpg,not_smear,documents,train
data/guardrail/negatives/documents/0053.jpg,not_smear,documents,train
data/guardrail/negatives/documents/0024.jpg,not_smear,documents,train
data/guardrail/negatives/documents/0197.jpg,not_smear,documents,train
data/guardrail/negatives/documents/0004.jpg,not_smear,documents,train
data/guardrail/negatives/documents/0012.jpg,not_smear,documents,train
data/guardrail/negatives/documents/0147.jpg,not_smear,documents,train
data/guardrail/negatives/documents/0181.jpg,not_smear,documents,train
data/guardrail/negatives/documents/0169.jpg,not_smear,documents,train
data/guardrail/negatives/documents/0173.jpg,not_smear,documents,train
data/guardrail/negatives/documents/0191.jpg,not_smear,documents,train
data/guardrail/negatives/documents/0057.jpg,not_smear,documents,train
data/guardrail/negatives/documents/0000.jpg,not_smear,documents,train
data/guardrail/negatives/documents/0125.jpg,not_smear,documents,train
data/guardrail/negatives/documents/0172.jpg,not_smear,documents,train
data/guardrail/negatives/documents/0033.jpg,not_smear,documents,train
data/guardrail/negatives/documents/0052.jpg,not_smear,documents,train
data/guardrail/negatives/documents/0086.jpg,not_smear,documents,train
data/guardrail/negatives/documents/0196.jpg,not_smear,documents,train
data/guardrail/negatives/documents/0014.jpg,not_smear,documents,train
data/guardrail/negatives/documents/0112.jpg,not_smear,documents,train
data/guardrail/negatives/documents/0063.jpg,not_smear,documents,train
data/guardrail/negatives/documents/0133.jpg,not_smear,documents,train
data/guardrail/negatives/documents/0058.jpg,not_smear,documents,train
data/guardrail/negatives/documents/0019.jpg,not_smear,documents,train
data/guardrail/negatives/documents/0001.jpg,not_smear,documents,train
data/guardrail/negatives/documents/0040.jpg,not_smear,documents,train
data/guardrail/negatives/documents/0117.jpg,not_smear,documents,train
data/guardrail/negatives/documents/0094.jpg,not_smear,documents,train
data/guardrail/negatives/documents/0118.jpg,not_smear,documents,train
data/guardrail/negatives/documents/0095.jpg,not_smear,documents,train
data/guardrail/negatives/documents/0093.jpg,not_smear,documents,train
data/guardrail/negatives/documents/0105.jpg,not_smear,documents,train
data/guardrail/negatives/documents/0198.jpg,not_smear,documents,train
data/guardrail/negatives/documents/0132.jpg,not_smear,documents,train
data/guardrail/negatives/documents/0018.jpg,not_smear,documents,train
data/guardrail/negatives/documents/0078.jpg,not_smear,documents,train
data/guardrail/negatives/documents/0074.jpg,not_smear,documents,train
data/guardrail/negatives/documents/0085.jpg,not_smear,documents,train
data/guardrail/negatives/documents/0167.jpg,not_smear,documents,train
data/guardrail/negatives/documents/0180.jpg,not_smear,documents,train
data/guardrail/negatives/documents/0137.jpg,not_smear,documents,train
data/guardrail/negatives/documents/0002.jpg,not_smear,documents,train
data/guardrail/negatives/documents/0099.jpg,not_smear,documents,train
data/guardrail/negatives/documents/0090.jpg,not_smear,documents,train
data/guardrail/negatives/documents/0111.jpg,not_smear,documents,train
data/guardrail/negatives/documents/0041.jpg,not_smear,documents,train
data/guardrail/negatives/documents/0165.jpg,not_smear,documents,train
data/guardrail/negatives/documents/0123.jpg,not_smear,documents,train
data/guardrail/negatives/documents/0148.jpg,not_smear,documents,train
data/guardrail/negatives/documents/0089.jpg,not_smear,documents,train
data/guardrail/negatives/documents/0050.jpg,not_smear,documents,train
data/guardrail/negatives/documents/0042.jpg,not_smear,documents,train
data/guardrail/negatives/documents/0150.jpg,not_smear,documents,val
data/guardrail/negatives/documents/0189.jpg,not_smear,documents,val
data/guardrail/negatives/documents/0109.jpg,not_smear,documents,val
data/guardrail/negatives/documents/0023.jpg,not_smear,documents,val
data/guardrail/negatives/documents/0175.jpg,not_smear,documents,val
data/guardrail/negatives/documents/0047.jpg,not_smear,documents,val
data/guardrail/negatives/documents/0066.jpg,not_smear,documents,val
data/guardrail/negatives/documents/0162.jpg,not_smear,documents,val
data/guardrail/negatives/documents/0134.jpg,not_smear,documents,val
data/guardrail/negatives/documents/0107.jpg,not_smear,documents,val
data/guardrail/negatives/documents/0115.jpg,not_smear,documents,val
data/guardrail/negatives/documents/0076.jpg,not_smear,documents,val
data/guardrail/negatives/documents/0020.jpg,not_smear,documents,val
data/guardrail/negatives/documents/0103.jpg,not_smear,documents,val
data/guardrail/negatives/documents/0070.jpg,not_smear,documents,val
data/guardrail/negatives/documents/0017.jpg,not_smear,documents,val
data/guardrail/negatives/documents/0036.jpg,not_smear,documents,val
data/guardrail/negatives/documents/0021.jpg,not_smear,documents,val
data/guardrail/negatives/documents/0045.jpg,not_smear,documents,val
data/guardrail/negatives/documents/0064.jpg,not_smear,documents,val
data/guardrail/negatives/documents/0069.jpg,not_smear,documents,val
data/guardrail/negatives/documents/0108.jpg,not_smear,documents,val
data/guardrail/negatives/documents/0005.jpg,not_smear,documents,val
data/guardrail/negatives/documents/0164.jpg,not_smear,documents,val
data/guardrail/negatives/documents/0013.jpg,not_smear,documents,val
data/guardrail/negatives/documents/0174.jpg,not_smear,documents,val
data/guardrail/negatives/documents/0184.jpg,not_smear,documents,val
data/guardrail/negatives/documents/0195.jpg,not_smear,documents,val
data/guardrail/negatives/documents/0092.jpg,not_smear,documents,val
data/guardrail/negatives/documents/0015.jpg,not_smear,documents,val
data/guardrail/negatives/documents/0097.jpg,not_smear,documents,test
data/guardrail/negatives/documents/0153.jpg,not_smear,documents,test
data/guardrail/negatives/documents/0008.jpg,not_smear,documents,test
data/guardrail/negatives/documents/0145.jpg,not_smear,documents,test
data/guardrail/negatives/documents/0190.jpg,not_smear,documents,test
data/guardrail/negatives/documents/0186.jpg,not_smear,documents,test
data/guardrail/negatives/documents/0163.jpg,not_smear,documents,test
data/guardrail/negatives/documents/0037.jpg,not_smear,documents,test
data/guardrail/negatives/documents/0120.jpg,not_smear,documents,test
data/guardrail/negatives/documents/0039.jpg,not_smear,documents,test
data/guardrail/negatives/documents/0139.jpg,not_smear,documents,test
data/guardrail/negatives/documents/0009.jpg,not_smear,documents,test
data/guardrail/negatives/documents/0116.jpg,not_smear,documents,test
data/guardrail/negatives/documents/0071.jpg,not_smear,documents,test
data/guardrail/negatives/documents/0029.jpg,not_smear,documents,test
data/guardrail/negatives/documents/0121.jpg,not_smear,documents,test
data/guardrail/negatives/documents/0179.jpg,not_smear,documents,test
data/guardrail/negatives/documents/0054.jpg,not_smear,documents,test
data/guardrail/negatives/documents/0124.jpg,not_smear,documents,test
data/guardrail/negatives/documents/0154.jpg,not_smear,documents,test
data/guardrail/negatives/documents/0087.jpg,not_smear,documents,test
data/guardrail/negatives/documents/0081.jpg,not_smear,documents,test
data/guardrail/negatives/documents/0016.jpg,not_smear,documents,test
data/guardrail/negatives/documents/0084.jpg,not_smear,documents,test
data/guardrail/negatives/documents/0102.jpg,not_smear,documents,test
data/guardrail/negatives/documents/0051.jpg,not_smear,documents,test
data/guardrail/negatives/documents/0110.jpg,not_smear,documents,test
data/guardrail/negatives/documents/0101.jpg,not_smear,documents,test
data/guardrail/negatives/documents/0027.jpg,not_smear,documents,test
data/guardrail/negatives/documents/0187.jpg,not_smear,documents,test
data/guardrail/negatives/dtd/0346.jpg,not_smear,dtd,train
data/guardrail/negatives/dtd/0189.jpg,not_smear,dtd,train
data/guardrail/negatives/dtd/0427.jpg,not_smear,dtd,train
data/guardrail/negatives/dtd/0240.jpg,not_smear,dtd,train
data/guardrail/negatives/dtd/0358.jpg,not_smear,dtd,train
data/guardrail/negatives/dtd/0164.jpg,not_smear,dtd,train
data/guardrail/negatives/dtd/0406.jpg,not_smear,dtd,train
data/guardrail/negatives/dtd/0332.jpg,not_smear,dtd,train
data/guardrail/negatives/dtd/0085.jpg,not_smear,dtd,train
data/guardrail/negatives/dtd/0351.jpg,not_smear,dtd,train
data/guardrail/negatives/dtd/0205.jpg,not_smear,dtd,train
data/guardrail/negatives/dtd/0447.jpg,not_smear,dtd,train
data/guardrail/negatives/dtd/0238.jpg,not_smear,dtd,train
data/guardrail/negatives/dtd/0286.jpg,not_smear,dtd,train
data/guardrail/negatives/dtd/0023.jpg,not_smear,dtd,train
data/guardrail/negatives/dtd/0374.jpg,not_smear,dtd,train
data/guardrail/negatives/dtd/0036.jpg,not_smear,dtd,train
data/guardrail/negatives/dtd/0391.jpg,not_smear,dtd,train
data/guardrail/negatives/dtd/0027.jpg,not_smear,dtd,train
data/guardrail/negatives/dtd/0414.jpg,not_smear,dtd,train
data/guardrail/negatives/dtd/0131.jpg,not_smear,dtd,train
data/guardrail/negatives/dtd/0241.jpg,not_smear,dtd,train
data/guardrail/negatives/dtd/0025.jpg,not_smear,dtd,train
data/guardrail/negatives/dtd/0198.jpg,not_smear,dtd,train
data/guardrail/negatives/dtd/0361.jpg,not_smear,dtd,train
data/guardrail/negatives/dtd/0330.jpg,not_smear,dtd,train
data/guardrail/negatives/dtd/0442.jpg,not_smear,dtd,train
data/guardrail/negatives/dtd/0093.jpg,not_smear,dtd,train
data/guardrail/negatives/dtd/0270.jpg,not_smear,dtd,train
data/guardrail/negatives/dtd/0435.jpg,not_smear,dtd,train
data/guardrail/negatives/dtd/0369.jpg,not_smear,dtd,train
data/guardrail/negatives/dtd/0357.jpg,not_smear,dtd,train
data/guardrail/negatives/dtd/0032.jpg,not_smear,dtd,train
data/guardrail/negatives/dtd/0089.jpg,not_smear,dtd,train
data/guardrail/negatives/dtd/0345.jpg,not_smear,dtd,train
data/guardrail/negatives/dtd/0203.jpg,not_smear,dtd,train
data/guardrail/negatives/dtd/0259.jpg,not_smear,dtd,train
data/guardrail/negatives/dtd/0225.jpg,not_smear,dtd,train
data/guardrail/negatives/dtd/0276.jpg,not_smear,dtd,train
data/guardrail/negatives/dtd/0436.jpg,not_smear,dtd,train
data/guardrail/negatives/dtd/0226.jpg,not_smear,dtd,train
data/guardrail/negatives/dtd/0413.jpg,not_smear,dtd,train
data/guardrail/negatives/dtd/0257.jpg,not_smear,dtd,train
data/guardrail/negatives/dtd/0412.jpg,not_smear,dtd,train
data/guardrail/negatives/dtd/0179.jpg,not_smear,dtd,train
data/guardrail/negatives/dtd/0365.jpg,not_smear,dtd,train
data/guardrail/negatives/dtd/0166.jpg,not_smear,dtd,train
data/guardrail/negatives/dtd/0340.jpg,not_smear,dtd,train
data/guardrail/negatives/dtd/0188.jpg,not_smear,dtd,train
data/guardrail/negatives/dtd/0044.jpg,not_smear,dtd,train
data/guardrail/negatives/dtd/0293.jpg,not_smear,dtd,train
data/guardrail/negatives/dtd/0129.jpg,not_smear,dtd,train
data/guardrail/negatives/dtd/0281.jpg,not_smear,dtd,train
data/guardrail/negatives/dtd/0097.jpg,not_smear,dtd,train
data/guardrail/negatives/dtd/0352.jpg,not_smear,dtd,train
data/guardrail/negatives/dtd/0053.jpg,not_smear,dtd,train
data/guardrail/negatives/dtd/0187.jpg,not_smear,dtd,train
data/guardrail/negatives/dtd/0022.jpg,not_smear,dtd,train
data/guardrail/negatives/dtd/0094.jpg,not_smear,dtd,train
data/guardrail/negatives/dtd/0045.jpg,not_smear,dtd,train
data/guardrail/negatives/dtd/0138.jpg,not_smear,dtd,train
data/guardrail/negatives/dtd/0049.jpg,not_smear,dtd,train
data/guardrail/negatives/dtd/0378.jpg,not_smear,dtd,train
data/guardrail/negatives/dtd/0149.jpg,not_smear,dtd,train
data/guardrail/negatives/dtd/0401.jpg,not_smear,dtd,train
data/guardrail/negatives/dtd/0069.jpg,not_smear,dtd,train
data/guardrail/negatives/dtd/0222.jpg,not_smear,dtd,train
data/guardrail/negatives/dtd/0035.jpg,not_smear,dtd,train
data/guardrail/negatives/dtd/0218.jpg,not_smear,dtd,train
data/guardrail/negatives/dtd/0061.jpg,not_smear,dtd,train
data/guardrail/negatives/dtd/0288.jpg,not_smear,dtd,train
data/guardrail/negatives/dtd/0067.jpg,not_smear,dtd,train
data/guardrail/negatives/dtd/0371.jpg,not_smear,dtd,train
data/guardrail/negatives/dtd/0132.jpg,not_smear,dtd,train
data/guardrail/negatives/dtd/0057.jpg,not_smear,dtd,train
data/guardrail/negatives/dtd/0348.jpg,not_smear,dtd,train
data/guardrail/negatives/dtd/0124.jpg,not_smear,dtd,train
data/guardrail/negatives/dtd/0217.jpg,not_smear,dtd,train
data/guardrail/negatives/dtd/0375.jpg,not_smear,dtd,train
data/guardrail/negatives/dtd/0196.jpg,not_smear,dtd,train
data/guardrail/negatives/dtd/0121.jpg,not_smear,dtd,train
data/guardrail/negatives/dtd/0291.jpg,not_smear,dtd,train
data/guardrail/negatives/dtd/0074.jpg,not_smear,dtd,train
data/guardrail/negatives/dtd/0376.jpg,not_smear,dtd,train
data/guardrail/negatives/dtd/0236.jpg,not_smear,dtd,train
data/guardrail/negatives/dtd/0034.jpg,not_smear,dtd,train
data/guardrail/negatives/dtd/0048.jpg,not_smear,dtd,train
data/guardrail/negatives/dtd/0294.jpg,not_smear,dtd,train
data/guardrail/negatives/dtd/0242.jpg,not_smear,dtd,train
data/guardrail/negatives/dtd/0213.jpg,not_smear,dtd,train
data/guardrail/negatives/dtd/0148.jpg,not_smear,dtd,train
data/guardrail/negatives/dtd/0038.jpg,not_smear,dtd,train
data/guardrail/negatives/dtd/0096.jpg,not_smear,dtd,train
data/guardrail/negatives/dtd/0431.jpg,not_smear,dtd,train
data/guardrail/negatives/dtd/0449.jpg,not_smear,dtd,train
data/guardrail/negatives/dtd/0237.jpg,not_smear,dtd,train
data/guardrail/negatives/dtd/0114.jpg,not_smear,dtd,train
data/guardrail/negatives/dtd/0359.jpg,not_smear,dtd,train
data/guardrail/negatives/dtd/0000.jpg,not_smear,dtd,train
data/guardrail/negatives/dtd/0068.jpg,not_smear,dtd,train
data/guardrail/negatives/dtd/0266.jpg,not_smear,dtd,train
data/guardrail/negatives/dtd/0141.jpg,not_smear,dtd,train
data/guardrail/negatives/dtd/0282.jpg,not_smear,dtd,train
data/guardrail/negatives/dtd/0170.jpg,not_smear,dtd,train
data/guardrail/negatives/dtd/0021.jpg,not_smear,dtd,train
data/guardrail/negatives/dtd/0181.jpg,not_smear,dtd,train
data/guardrail/negatives/dtd/0190.jpg,not_smear,dtd,train
data/guardrail/negatives/dtd/0317.jpg,not_smear,dtd,train
data/guardrail/negatives/dtd/0182.jpg,not_smear,dtd,train
data/guardrail/negatives/dtd/0041.jpg,not_smear,dtd,train
data/guardrail/negatives/dtd/0117.jpg,not_smear,dtd,train
data/guardrail/negatives/dtd/0142.jpg,not_smear,dtd,train
data/guardrail/negatives/dtd/0256.jpg,not_smear,dtd,train
data/guardrail/negatives/dtd/0273.jpg,not_smear,dtd,train
data/guardrail/negatives/dtd/0006.jpg,not_smear,dtd,train
data/guardrail/negatives/dtd/0028.jpg,not_smear,dtd,train
data/guardrail/negatives/dtd/0003.jpg,not_smear,dtd,train
data/guardrail/negatives/dtd/0385.jpg,not_smear,dtd,train
data/guardrail/negatives/dtd/0079.jpg,not_smear,dtd,train
data/guardrail/negatives/dtd/0425.jpg,not_smear,dtd,train
data/guardrail/negatives/dtd/0215.jpg,not_smear,dtd,train
data/guardrail/negatives/dtd/0289.jpg,not_smear,dtd,train
data/guardrail/negatives/dtd/0184.jpg,not_smear,dtd,train
data/guardrail/negatives/dtd/0424.jpg,not_smear,dtd,train
data/guardrail/negatives/dtd/0233.jpg,not_smear,dtd,train
data/guardrail/negatives/dtd/0108.jpg,not_smear,dtd,train
data/guardrail/negatives/dtd/0063.jpg,not_smear,dtd,train
data/guardrail/negatives/dtd/0116.jpg,not_smear,dtd,train
data/guardrail/negatives/dtd/0076.jpg,not_smear,dtd,train
data/guardrail/negatives/dtd/0100.jpg,not_smear,dtd,train
data/guardrail/negatives/dtd/0173.jpg,not_smear,dtd,train
data/guardrail/negatives/dtd/0172.jpg,not_smear,dtd,train
data/guardrail/negatives/dtd/0210.jpg,not_smear,dtd,train
data/guardrail/negatives/dtd/0020.jpg,not_smear,dtd,train
data/guardrail/negatives/dtd/0280.jpg,not_smear,dtd,train
data/guardrail/negatives/dtd/0269.jpg,not_smear,dtd,train
data/guardrail/negatives/dtd/0408.jpg,not_smear,dtd,train
data/guardrail/negatives/dtd/0169.jpg,not_smear,dtd,train
data/guardrail/negatives/dtd/0077.jpg,not_smear,dtd,train
data/guardrail/negatives/dtd/0333.jpg,not_smear,dtd,train
data/guardrail/negatives/dtd/0024.jpg,not_smear,dtd,train
data/guardrail/negatives/dtd/0120.jpg,not_smear,dtd,train
data/guardrail/negatives/dtd/0017.jpg,not_smear,dtd,train
data/guardrail/negatives/dtd/0364.jpg,not_smear,dtd,train
data/guardrail/negatives/dtd/0086.jpg,not_smear,dtd,train
data/guardrail/negatives/dtd/0010.jpg,not_smear,dtd,train
data/guardrail/negatives/dtd/0319.jpg,not_smear,dtd,train
data/guardrail/negatives/dtd/0136.jpg,not_smear,dtd,train
data/guardrail/negatives/dtd/0009.jpg,not_smear,dtd,train
data/guardrail/negatives/dtd/0103.jpg,not_smear,dtd,train
data/guardrail/negatives/dtd/0033.jpg,not_smear,dtd,train
data/guardrail/negatives/dtd/0156.jpg,not_smear,dtd,train
data/guardrail/negatives/dtd/0403.jpg,not_smear,dtd,train
data/guardrail/negatives/dtd/0001.jpg,not_smear,dtd,train
data/guardrail/negatives/dtd/0158.jpg,not_smear,dtd,train
data/guardrail/negatives/dtd/0004.jpg,not_smear,dtd,train
data/guardrail/negatives/dtd/0194.jpg,not_smear,dtd,train
data/guardrail/negatives/dtd/0420.jpg,not_smear,dtd,train
data/guardrail/negatives/dtd/0147.jpg,not_smear,dtd,train
data/guardrail/negatives/dtd/0312.jpg,not_smear,dtd,train
data/guardrail/negatives/dtd/0373.jpg,not_smear,dtd,train
data/guardrail/negatives/dtd/0151.jpg,not_smear,dtd,train
data/guardrail/negatives/dtd/0083.jpg,not_smear,dtd,train
data/guardrail/negatives/dtd/0153.jpg,not_smear,dtd,train
data/guardrail/negatives/dtd/0043.jpg,not_smear,dtd,train
data/guardrail/negatives/dtd/0243.jpg,not_smear,dtd,train
data/guardrail/negatives/dtd/0245.jpg,not_smear,dtd,train
data/guardrail/negatives/dtd/0030.jpg,not_smear,dtd,train
data/guardrail/negatives/dtd/0180.jpg,not_smear,dtd,train
data/guardrail/negatives/dtd/0287.jpg,not_smear,dtd,train
data/guardrail/negatives/dtd/0297.jpg,not_smear,dtd,train
data/guardrail/negatives/dtd/0127.jpg,not_smear,dtd,train
data/guardrail/negatives/dtd/0126.jpg,not_smear,dtd,train
data/guardrail/negatives/dtd/0416.jpg,not_smear,dtd,train
data/guardrail/negatives/dtd/0309.jpg,not_smear,dtd,train
data/guardrail/negatives/dtd/0402.jpg,not_smear,dtd,train
data/guardrail/negatives/dtd/0308.jpg,not_smear,dtd,train
data/guardrail/negatives/dtd/0370.jpg,not_smear,dtd,train
data/guardrail/negatives/dtd/0313.jpg,not_smear,dtd,train
data/guardrail/negatives/dtd/0174.jpg,not_smear,dtd,train
data/guardrail/negatives/dtd/0368.jpg,not_smear,dtd,train
data/guardrail/negatives/dtd/0231.jpg,not_smear,dtd,train
data/guardrail/negatives/dtd/0146.jpg,not_smear,dtd,train
data/guardrail/negatives/dtd/0019.jpg,not_smear,dtd,train
data/guardrail/negatives/dtd/0428.jpg,not_smear,dtd,train
data/guardrail/negatives/dtd/0254.jpg,not_smear,dtd,train
data/guardrail/negatives/dtd/0272.jpg,not_smear,dtd,train
data/guardrail/negatives/dtd/0071.jpg,not_smear,dtd,train
data/guardrail/negatives/dtd/0197.jpg,not_smear,dtd,train
data/guardrail/negatives/dtd/0355.jpg,not_smear,dtd,train
data/guardrail/negatives/dtd/0399.jpg,not_smear,dtd,train
data/guardrail/negatives/dtd/0339.jpg,not_smear,dtd,train
data/guardrail/negatives/dtd/0260.jpg,not_smear,dtd,train
data/guardrail/negatives/dtd/0234.jpg,not_smear,dtd,train
data/guardrail/negatives/dtd/0341.jpg,not_smear,dtd,train
data/guardrail/negatives/dtd/0275.jpg,not_smear,dtd,train
data/guardrail/negatives/dtd/0244.jpg,not_smear,dtd,train
data/guardrail/negatives/dtd/0381.jpg,not_smear,dtd,train
data/guardrail/negatives/dtd/0059.jpg,not_smear,dtd,train
data/guardrail/negatives/dtd/0298.jpg,not_smear,dtd,train
data/guardrail/negatives/dtd/0250.jpg,not_smear,dtd,train
data/guardrail/negatives/dtd/0119.jpg,not_smear,dtd,train
data/guardrail/negatives/dtd/0342.jpg,not_smear,dtd,train
data/guardrail/negatives/dtd/0263.jpg,not_smear,dtd,train
data/guardrail/negatives/dtd/0367.jpg,not_smear,dtd,train
data/guardrail/negatives/dtd/0208.jpg,not_smear,dtd,train
data/guardrail/negatives/dtd/0176.jpg,not_smear,dtd,train
data/guardrail/negatives/dtd/0304.jpg,not_smear,dtd,train
data/guardrail/negatives/dtd/0445.jpg,not_smear,dtd,train
data/guardrail/negatives/dtd/0031.jpg,not_smear,dtd,train
data/guardrail/negatives/dtd/0080.jpg,not_smear,dtd,train
data/guardrail/negatives/dtd/0411.jpg,not_smear,dtd,train
data/guardrail/negatives/dtd/0327.jpg,not_smear,dtd,train
data/guardrail/negatives/dtd/0322.jpg,not_smear,dtd,train
data/guardrail/negatives/dtd/0248.jpg,not_smear,dtd,train
data/guardrail/negatives/dtd/0168.jpg,not_smear,dtd,train
data/guardrail/negatives/dtd/0255.jpg,not_smear,dtd,train
data/guardrail/negatives/dtd/0018.jpg,not_smear,dtd,train
data/guardrail/negatives/dtd/0301.jpg,not_smear,dtd,train
data/guardrail/negatives/dtd/0314.jpg,not_smear,dtd,train
data/guardrail/negatives/dtd/0306.jpg,not_smear,dtd,train
data/guardrail/negatives/dtd/0202.jpg,not_smear,dtd,train
data/guardrail/negatives/dtd/0252.jpg,not_smear,dtd,train
data/guardrail/negatives/dtd/0318.jpg,not_smear,dtd,train
data/guardrail/negatives/dtd/0207.jpg,not_smear,dtd,train
data/guardrail/negatives/dtd/0046.jpg,not_smear,dtd,train
data/guardrail/negatives/dtd/0029.jpg,not_smear,dtd,train
data/guardrail/negatives/dtd/0440.jpg,not_smear,dtd,train
data/guardrail/negatives/dtd/0268.jpg,not_smear,dtd,train
data/guardrail/negatives/dtd/0261.jpg,not_smear,dtd,train
data/guardrail/negatives/dtd/0135.jpg,not_smear,dtd,train
data/guardrail/negatives/dtd/0389.jpg,not_smear,dtd,train
data/guardrail/negatives/dtd/0224.jpg,not_smear,dtd,train
data/guardrail/negatives/dtd/0328.jpg,not_smear,dtd,train
data/guardrail/negatives/dtd/0154.jpg,not_smear,dtd,train
data/guardrail/negatives/dtd/0075.jpg,not_smear,dtd,train
data/guardrail/negatives/dtd/0388.jpg,not_smear,dtd,train
data/guardrail/negatives/dtd/0277.jpg,not_smear,dtd,train
data/guardrail/negatives/dtd/0423.jpg,not_smear,dtd,train
data/guardrail/negatives/dtd/0302.jpg,not_smear,dtd,train
data/guardrail/negatives/dtd/0008.jpg,not_smear,dtd,train
data/guardrail/negatives/dtd/0227.jpg,not_smear,dtd,train
data/guardrail/negatives/dtd/0285.jpg,not_smear,dtd,train
data/guardrail/negatives/dtd/0115.jpg,not_smear,dtd,train
data/guardrail/negatives/dtd/0311.jpg,not_smear,dtd,train
data/guardrail/negatives/dtd/0209.jpg,not_smear,dtd,train
data/guardrail/negatives/dtd/0161.jpg,not_smear,dtd,train
data/guardrail/negatives/dtd/0229.jpg,not_smear,dtd,train
data/guardrail/negatives/dtd/0366.jpg,not_smear,dtd,train
data/guardrail/negatives/dtd/0090.jpg,not_smear,dtd,train
data/guardrail/negatives/dtd/0145.jpg,not_smear,dtd,train
data/guardrail/negatives/dtd/0331.jpg,not_smear,dtd,train
data/guardrail/negatives/dtd/0109.jpg,not_smear,dtd,train
data/guardrail/negatives/dtd/0271.jpg,not_smear,dtd,train
data/guardrail/negatives/dtd/0155.jpg,not_smear,dtd,train
data/guardrail/negatives/dtd/0055.jpg,not_smear,dtd,train
data/guardrail/negatives/dtd/0163.jpg,not_smear,dtd,train
data/guardrail/negatives/dtd/0139.jpg,not_smear,dtd,train
data/guardrail/negatives/dtd/0216.jpg,not_smear,dtd,train
data/guardrail/negatives/dtd/0228.jpg,not_smear,dtd,train
data/guardrail/negatives/dtd/0221.jpg,not_smear,dtd,train
data/guardrail/negatives/dtd/0349.jpg,not_smear,dtd,train
data/guardrail/negatives/dtd/0105.jpg,not_smear,dtd,train
data/guardrail/negatives/dtd/0084.jpg,not_smear,dtd,train
data/guardrail/negatives/dtd/0159.jpg,not_smear,dtd,train
data/guardrail/negatives/dtd/0347.jpg,not_smear,dtd,train
data/guardrail/negatives/dtd/0434.jpg,not_smear,dtd,train
data/guardrail/negatives/dtd/0143.jpg,not_smear,dtd,train
data/guardrail/negatives/dtd/0101.jpg,not_smear,dtd,train
data/guardrail/negatives/dtd/0409.jpg,not_smear,dtd,train
data/guardrail/negatives/dtd/0128.jpg,not_smear,dtd,train
data/guardrail/negatives/dtd/0300.jpg,not_smear,dtd,train
data/guardrail/negatives/dtd/0204.jpg,not_smear,dtd,train
data/guardrail/negatives/dtd/0396.jpg,not_smear,dtd,train
data/guardrail/negatives/dtd/0384.jpg,not_smear,dtd,train
data/guardrail/negatives/dtd/0335.jpg,not_smear,dtd,train
data/guardrail/negatives/dtd/0239.jpg,not_smear,dtd,train
data/guardrail/negatives/dtd/0150.jpg,not_smear,dtd,train
data/guardrail/negatives/dtd/0178.jpg,not_smear,dtd,train
data/guardrail/negatives/dtd/0356.jpg,not_smear,dtd,train
data/guardrail/negatives/dtd/0102.jpg,not_smear,dtd,train
data/guardrail/negatives/dtd/0246.jpg,not_smear,dtd,train
data/guardrail/negatives/dtd/0354.jpg,not_smear,dtd,train
data/guardrail/negatives/dtd/0137.jpg,not_smear,dtd,train
data/guardrail/negatives/dtd/0400.jpg,not_smear,dtd,train
data/guardrail/negatives/dtd/0353.jpg,not_smear,dtd,train
data/guardrail/negatives/dtd/0112.jpg,not_smear,dtd,train
data/guardrail/negatives/dtd/0070.jpg,not_smear,dtd,train
data/guardrail/negatives/dtd/0167.jpg,not_smear,dtd,train
data/guardrail/negatives/dtd/0299.jpg,not_smear,dtd,train
data/guardrail/negatives/dtd/0111.jpg,not_smear,dtd,train
data/guardrail/negatives/dtd/0058.jpg,not_smear,dtd,train
data/guardrail/negatives/dtd/0186.jpg,not_smear,dtd,train
data/guardrail/negatives/dtd/0110.jpg,not_smear,dtd,train
data/guardrail/negatives/dtd/0380.jpg,not_smear,dtd,train
data/guardrail/negatives/dtd/0262.jpg,not_smear,dtd,train
data/guardrail/negatives/dtd/0433.jpg,not_smear,dtd,train
data/guardrail/negatives/dtd/0432.jpg,not_smear,dtd,train
data/guardrail/negatives/dtd/0360.jpg,not_smear,dtd,train
data/guardrail/negatives/dtd/0015.jpg,not_smear,dtd,train
data/guardrail/negatives/dtd/0421.jpg,not_smear,dtd,train
data/guardrail/negatives/dtd/0343.jpg,not_smear,dtd,train
data/guardrail/negatives/dtd/0130.jpg,not_smear,dtd,train
data/guardrail/negatives/dtd/0267.jpg,not_smear,dtd,train
data/guardrail/negatives/dtd/0394.jpg,not_smear,dtd,train
data/guardrail/negatives/dtd/0443.jpg,not_smear,dtd,train
data/guardrail/negatives/dtd/0279.jpg,not_smear,dtd,train
data/guardrail/negatives/dtd/0247.jpg,not_smear,dtd,train
data/guardrail/negatives/dtd/0177.jpg,not_smear,dtd,train
data/guardrail/negatives/dtd/0175.jpg,not_smear,dtd,train
data/guardrail/negatives/dtd/0398.jpg,not_smear,dtd,train
data/guardrail/negatives/dtd/0441.jpg,not_smear,dtd,train
data/guardrail/negatives/dtd/0310.jpg,not_smear,dtd,train
data/guardrail/negatives/dtd/0290.jpg,not_smear,dtd,train
data/guardrail/negatives/dtd/0091.jpg,not_smear,dtd,train
data/guardrail/negatives/dtd/0383.jpg,not_smear,dtd,val
data/guardrail/negatives/dtd/0377.jpg,not_smear,dtd,val
data/guardrail/negatives/dtd/0338.jpg,not_smear,dtd,val
data/guardrail/negatives/dtd/0082.jpg,not_smear,dtd,val
data/guardrail/negatives/dtd/0230.jpg,not_smear,dtd,val
data/guardrail/negatives/dtd/0160.jpg,not_smear,dtd,val
data/guardrail/negatives/dtd/0192.jpg,not_smear,dtd,val
data/guardrail/negatives/dtd/0214.jpg,not_smear,dtd,val
data/guardrail/negatives/dtd/0107.jpg,not_smear,dtd,val
data/guardrail/negatives/dtd/0336.jpg,not_smear,dtd,val
data/guardrail/negatives/dtd/0320.jpg,not_smear,dtd,val
data/guardrail/negatives/dtd/0249.jpg,not_smear,dtd,val
data/guardrail/negatives/dtd/0037.jpg,not_smear,dtd,val
data/guardrail/negatives/dtd/0211.jpg,not_smear,dtd,val
data/guardrail/negatives/dtd/0350.jpg,not_smear,dtd,val
data/guardrail/negatives/dtd/0251.jpg,not_smear,dtd,val
data/guardrail/negatives/dtd/0051.jpg,not_smear,dtd,val
data/guardrail/negatives/dtd/0395.jpg,not_smear,dtd,val
data/guardrail/negatives/dtd/0106.jpg,not_smear,dtd,val
data/guardrail/negatives/dtd/0185.jpg,not_smear,dtd,val
data/guardrail/negatives/dtd/0253.jpg,not_smear,dtd,val
data/guardrail/negatives/dtd/0039.jpg,not_smear,dtd,val
data/guardrail/negatives/dtd/0386.jpg,not_smear,dtd,val
data/guardrail/negatives/dtd/0092.jpg,not_smear,dtd,val
data/guardrail/negatives/dtd/0134.jpg,not_smear,dtd,val
data/guardrail/negatives/dtd/0144.jpg,not_smear,dtd,val
data/guardrail/negatives/dtd/0072.jpg,not_smear,dtd,val
data/guardrail/negatives/dtd/0054.jpg,not_smear,dtd,val
data/guardrail/negatives/dtd/0062.jpg,not_smear,dtd,val
data/guardrail/negatives/dtd/0305.jpg,not_smear,dtd,val
data/guardrail/negatives/dtd/0235.jpg,not_smear,dtd,val
data/guardrail/negatives/dtd/0056.jpg,not_smear,dtd,val
data/guardrail/negatives/dtd/0052.jpg,not_smear,dtd,val
data/guardrail/negatives/dtd/0296.jpg,not_smear,dtd,val
data/guardrail/negatives/dtd/0326.jpg,not_smear,dtd,val
data/guardrail/negatives/dtd/0011.jpg,not_smear,dtd,val
data/guardrail/negatives/dtd/0382.jpg,not_smear,dtd,val
data/guardrail/negatives/dtd/0073.jpg,not_smear,dtd,val
data/guardrail/negatives/dtd/0042.jpg,not_smear,dtd,val
data/guardrail/negatives/dtd/0140.jpg,not_smear,dtd,val
data/guardrail/negatives/dtd/0417.jpg,not_smear,dtd,val
data/guardrail/negatives/dtd/0337.jpg,not_smear,dtd,val
data/guardrail/negatives/dtd/0392.jpg,not_smear,dtd,val
data/guardrail/negatives/dtd/0193.jpg,not_smear,dtd,val
data/guardrail/negatives/dtd/0125.jpg,not_smear,dtd,val
data/guardrail/negatives/dtd/0274.jpg,not_smear,dtd,val
data/guardrail/negatives/dtd/0099.jpg,not_smear,dtd,val
data/guardrail/negatives/dtd/0152.jpg,not_smear,dtd,val
data/guardrail/negatives/dtd/0113.jpg,not_smear,dtd,val
data/guardrail/negatives/dtd/0334.jpg,not_smear,dtd,val
data/guardrail/negatives/dtd/0122.jpg,not_smear,dtd,val
data/guardrail/negatives/dtd/0095.jpg,not_smear,dtd,val
data/guardrail/negatives/dtd/0183.jpg,not_smear,dtd,val
data/guardrail/negatives/dtd/0397.jpg,not_smear,dtd,val
data/guardrail/negatives/dtd/0324.jpg,not_smear,dtd,val
data/guardrail/negatives/dtd/0232.jpg,not_smear,dtd,val
data/guardrail/negatives/dtd/0066.jpg,not_smear,dtd,val
data/guardrail/negatives/dtd/0012.jpg,not_smear,dtd,val
data/guardrail/negatives/dtd/0195.jpg,not_smear,dtd,val
data/guardrail/negatives/dtd/0426.jpg,not_smear,dtd,val
data/guardrail/negatives/dtd/0040.jpg,not_smear,dtd,val
data/guardrail/negatives/dtd/0278.jpg,not_smear,dtd,val
data/guardrail/negatives/dtd/0362.jpg,not_smear,dtd,val
data/guardrail/negatives/dtd/0316.jpg,not_smear,dtd,val
data/guardrail/negatives/dtd/0014.jpg,not_smear,dtd,val
data/guardrail/negatives/dtd/0438.jpg,not_smear,dtd,val
data/guardrail/negatives/dtd/0303.jpg,not_smear,dtd,val
data/guardrail/negatives/dtd/0393.jpg,not_smear,dtd,val
data/guardrail/negatives/dtd/0005.jpg,not_smear,dtd,test
data/guardrail/negatives/dtd/0437.jpg,not_smear,dtd,test
data/guardrail/negatives/dtd/0439.jpg,not_smear,dtd,test
data/guardrail/negatives/dtd/0387.jpg,not_smear,dtd,test
data/guardrail/negatives/dtd/0047.jpg,not_smear,dtd,test
data/guardrail/negatives/dtd/0104.jpg,not_smear,dtd,test
data/guardrail/negatives/dtd/0165.jpg,not_smear,dtd,test
data/guardrail/negatives/dtd/0405.jpg,not_smear,dtd,test
data/guardrail/negatives/dtd/0283.jpg,not_smear,dtd,test
data/guardrail/negatives/dtd/0133.jpg,not_smear,dtd,test
data/guardrail/negatives/dtd/0321.jpg,not_smear,dtd,test
data/guardrail/negatives/dtd/0390.jpg,not_smear,dtd,test
data/guardrail/negatives/dtd/0422.jpg,not_smear,dtd,test
data/guardrail/negatives/dtd/0415.jpg,not_smear,dtd,test
data/guardrail/negatives/dtd/0323.jpg,not_smear,dtd,test
data/guardrail/negatives/dtd/0060.jpg,not_smear,dtd,test
data/guardrail/negatives/dtd/0258.jpg,not_smear,dtd,test
data/guardrail/negatives/dtd/0064.jpg,not_smear,dtd,test
data/guardrail/negatives/dtd/0363.jpg,not_smear,dtd,test
data/guardrail/negatives/dtd/0050.jpg,not_smear,dtd,test
data/guardrail/negatives/dtd/0118.jpg,not_smear,dtd,test
data/guardrail/negatives/dtd/0223.jpg,not_smear,dtd,test
data/guardrail/negatives/dtd/0081.jpg,not_smear,dtd,test
data/guardrail/negatives/dtd/0264.jpg,not_smear,dtd,test
data/guardrail/negatives/dtd/0448.jpg,not_smear,dtd,test
data/guardrail/negatives/dtd/0206.jpg,not_smear,dtd,test
data/guardrail/negatives/dtd/0088.jpg,not_smear,dtd,test
data/guardrail/negatives/dtd/0372.jpg,not_smear,dtd,test
data/guardrail/negatives/dtd/0199.jpg,not_smear,dtd,test
data/guardrail/negatives/dtd/0325.jpg,not_smear,dtd,test
data/guardrail/negatives/dtd/0065.jpg,not_smear,dtd,test
data/guardrail/negatives/dtd/0219.jpg,not_smear,dtd,test
data/guardrail/negatives/dtd/0295.jpg,not_smear,dtd,test
data/guardrail/negatives/dtd/0410.jpg,not_smear,dtd,test
data/guardrail/negatives/dtd/0026.jpg,not_smear,dtd,test
data/guardrail/negatives/dtd/0201.jpg,not_smear,dtd,test
data/guardrail/negatives/dtd/0329.jpg,not_smear,dtd,test
data/guardrail/negatives/dtd/0315.jpg,not_smear,dtd,test
data/guardrail/negatives/dtd/0098.jpg,not_smear,dtd,test
data/guardrail/negatives/dtd/0200.jpg,not_smear,dtd,test
data/guardrail/negatives/dtd/0284.jpg,not_smear,dtd,test
data/guardrail/negatives/dtd/0444.jpg,not_smear,dtd,test
data/guardrail/negatives/dtd/0220.jpg,not_smear,dtd,test
data/guardrail/negatives/dtd/0292.jpg,not_smear,dtd,test
data/guardrail/negatives/dtd/0087.jpg,not_smear,dtd,test
data/guardrail/negatives/dtd/0171.jpg,not_smear,dtd,test
data/guardrail/negatives/dtd/0162.jpg,not_smear,dtd,test
data/guardrail/negatives/dtd/0307.jpg,not_smear,dtd,test
data/guardrail/negatives/dtd/0379.jpg,not_smear,dtd,test
data/guardrail/negatives/dtd/0419.jpg,not_smear,dtd,test
data/guardrail/negatives/dtd/0265.jpg,not_smear,dtd,test
data/guardrail/negatives/dtd/0418.jpg,not_smear,dtd,test
data/guardrail/negatives/dtd/0430.jpg,not_smear,dtd,test
data/guardrail/negatives/dtd/0191.jpg,not_smear,dtd,test
data/guardrail/negatives/dtd/0404.jpg,not_smear,dtd,test
data/guardrail/negatives/dtd/0078.jpg,not_smear,dtd,test
data/guardrail/negatives/dtd/0013.jpg,not_smear,dtd,test
data/guardrail/negatives/dtd/0007.jpg,not_smear,dtd,test
data/guardrail/negatives/dtd/0016.jpg,not_smear,dtd,test
data/guardrail/negatives/dtd/0446.jpg,not_smear,dtd,test
data/guardrail/negatives/dtd/0002.jpg,not_smear,dtd,test
data/guardrail/negatives/dtd/0123.jpg,not_smear,dtd,test
data/guardrail/negatives/dtd/0344.jpg,not_smear,dtd,test
data/guardrail/negatives/dtd/0212.jpg,not_smear,dtd,test
data/guardrail/negatives/dtd/0407.jpg,not_smear,dtd,test
data/guardrail/negatives/dtd/0429.jpg,not_smear,dtd,test
data/guardrail/negatives/dtd/0157.jpg,not_smear,dtd,test
data/guardrail/negatives/lfw/0097.jpg,not_smear,lfw,train
data/guardrail/negatives/lfw/0187.jpg,not_smear,lfw,train
data/guardrail/negatives/lfw/0356.jpg,not_smear,lfw,train
data/guardrail/negatives/lfw/0144.jpg,not_smear,lfw,train
data/guardrail/negatives/lfw/0205.jpg,not_smear,lfw,train
data/guardrail/negatives/lfw/0286.jpg,not_smear,lfw,train
data/guardrail/negatives/lfw/0360.jpg,not_smear,lfw,train
data/guardrail/negatives/lfw/0199.jpg,not_smear,lfw,train
data/guardrail/negatives/lfw/0273.jpg,not_smear,lfw,train
data/guardrail/negatives/lfw/0237.jpg,not_smear,lfw,train
data/guardrail/negatives/lfw/0158.jpg,not_smear,lfw,train
data/guardrail/negatives/lfw/0146.jpg,not_smear,lfw,train
data/guardrail/negatives/lfw/0396.jpg,not_smear,lfw,train
data/guardrail/negatives/lfw/0336.jpg,not_smear,lfw,train
data/guardrail/negatives/lfw/0032.jpg,not_smear,lfw,train
data/guardrail/negatives/lfw/0024.jpg,not_smear,lfw,train
data/guardrail/negatives/lfw/0240.jpg,not_smear,lfw,train
data/guardrail/negatives/lfw/0120.jpg,not_smear,lfw,train
data/guardrail/negatives/lfw/0361.jpg,not_smear,lfw,train
data/guardrail/negatives/lfw/0068.jpg,not_smear,lfw,train
data/guardrail/negatives/lfw/0005.jpg,not_smear,lfw,train
data/guardrail/negatives/lfw/0284.jpg,not_smear,lfw,train
data/guardrail/negatives/lfw/0029.jpg,not_smear,lfw,train
data/guardrail/negatives/lfw/0256.jpg,not_smear,lfw,train
data/guardrail/negatives/lfw/0123.jpg,not_smear,lfw,train
data/guardrail/negatives/lfw/0227.jpg,not_smear,lfw,train
data/guardrail/negatives/lfw/0369.jpg,not_smear,lfw,train
data/guardrail/negatives/lfw/0107.jpg,not_smear,lfw,train
data/guardrail/negatives/lfw/0081.jpg,not_smear,lfw,train
data/guardrail/negatives/lfw/0026.jpg,not_smear,lfw,train
data/guardrail/negatives/lfw/0319.jpg,not_smear,lfw,train
data/guardrail/negatives/lfw/0030.jpg,not_smear,lfw,train
data/guardrail/negatives/lfw/0292.jpg,not_smear,lfw,train
data/guardrail/negatives/lfw/0117.jpg,not_smear,lfw,train
data/guardrail/negatives/lfw/0113.jpg,not_smear,lfw,train
data/guardrail/negatives/lfw/0217.jpg,not_smear,lfw,train
data/guardrail/negatives/lfw/0390.jpg,not_smear,lfw,train
data/guardrail/negatives/lfw/0275.jpg,not_smear,lfw,train
data/guardrail/negatives/lfw/0093.jpg,not_smear,lfw,train
data/guardrail/negatives/lfw/0080.jpg,not_smear,lfw,train
data/guardrail/negatives/lfw/0264.jpg,not_smear,lfw,train
data/guardrail/negatives/lfw/0298.jpg,not_smear,lfw,train
data/guardrail/negatives/lfw/0280.jpg,not_smear,lfw,train
data/guardrail/negatives/lfw/0086.jpg,not_smear,lfw,train
data/guardrail/negatives/lfw/0314.jpg,not_smear,lfw,train
data/guardrail/negatives/lfw/0285.jpg,not_smear,lfw,train
data/guardrail/negatives/lfw/0316.jpg,not_smear,lfw,train
data/guardrail/negatives/lfw/0046.jpg,not_smear,lfw,train
data/guardrail/negatives/lfw/0263.jpg,not_smear,lfw,train
data/guardrail/negatives/lfw/0329.jpg,not_smear,lfw,train
data/guardrail/negatives/lfw/0019.jpg,not_smear,lfw,train
data/guardrail/negatives/lfw/0321.jpg,not_smear,lfw,train
data/guardrail/negatives/lfw/0114.jpg,not_smear,lfw,train
data/guardrail/negatives/lfw/0388.jpg,not_smear,lfw,train
data/guardrail/negatives/lfw/0397.jpg,not_smear,lfw,train
data/guardrail/negatives/lfw/0277.jpg,not_smear,lfw,train
data/guardrail/negatives/lfw/0248.jpg,not_smear,lfw,train
data/guardrail/negatives/lfw/0165.jpg,not_smear,lfw,train
data/guardrail/negatives/lfw/0333.jpg,not_smear,lfw,train
data/guardrail/negatives/lfw/0009.jpg,not_smear,lfw,train
data/guardrail/negatives/lfw/0344.jpg,not_smear,lfw,train
data/guardrail/negatives/lfw/0101.jpg,not_smear,lfw,train
data/guardrail/negatives/lfw/0140.jpg,not_smear,lfw,train
data/guardrail/negatives/lfw/0184.jpg,not_smear,lfw,train
data/guardrail/negatives/lfw/0255.jpg,not_smear,lfw,train
data/guardrail/negatives/lfw/0343.jpg,not_smear,lfw,train
data/guardrail/negatives/lfw/0358.jpg,not_smear,lfw,train
data/guardrail/negatives/lfw/0061.jpg,not_smear,lfw,train
data/guardrail/negatives/lfw/0377.jpg,not_smear,lfw,train
data/guardrail/negatives/lfw/0197.jpg,not_smear,lfw,train
data/guardrail/negatives/lfw/0042.jpg,not_smear,lfw,train
data/guardrail/negatives/lfw/0176.jpg,not_smear,lfw,train
data/guardrail/negatives/lfw/0362.jpg,not_smear,lfw,train
data/guardrail/negatives/lfw/0007.jpg,not_smear,lfw,train
data/guardrail/negatives/lfw/0387.jpg,not_smear,lfw,train
data/guardrail/negatives/lfw/0083.jpg,not_smear,lfw,train
data/guardrail/negatives/lfw/0350.jpg,not_smear,lfw,train
data/guardrail/negatives/lfw/0162.jpg,not_smear,lfw,train
data/guardrail/negatives/lfw/0103.jpg,not_smear,lfw,train
data/guardrail/negatives/lfw/0246.jpg,not_smear,lfw,train
data/guardrail/negatives/lfw/0132.jpg,not_smear,lfw,train
data/guardrail/negatives/lfw/0232.jpg,not_smear,lfw,train
data/guardrail/negatives/lfw/0157.jpg,not_smear,lfw,train
data/guardrail/negatives/lfw/0270.jpg,not_smear,lfw,train
data/guardrail/negatives/lfw/0198.jpg,not_smear,lfw,train
data/guardrail/negatives/lfw/0164.jpg,not_smear,lfw,train
data/guardrail/negatives/lfw/0293.jpg,not_smear,lfw,train
data/guardrail/negatives/lfw/0341.jpg,not_smear,lfw,train
data/guardrail/negatives/lfw/0185.jpg,not_smear,lfw,train
data/guardrail/negatives/lfw/0047.jpg,not_smear,lfw,train
data/guardrail/negatives/lfw/0065.jpg,not_smear,lfw,train
data/guardrail/negatives/lfw/0153.jpg,not_smear,lfw,train
data/guardrail/negatives/lfw/0328.jpg,not_smear,lfw,train
data/guardrail/negatives/lfw/0371.jpg,not_smear,lfw,train
data/guardrail/negatives/lfw/0130.jpg,not_smear,lfw,train
data/guardrail/negatives/lfw/0337.jpg,not_smear,lfw,train
data/guardrail/negatives/lfw/0296.jpg,not_smear,lfw,train
data/guardrail/negatives/lfw/0011.jpg,not_smear,lfw,train
data/guardrail/negatives/lfw/0331.jpg,not_smear,lfw,train
data/guardrail/negatives/lfw/0372.jpg,not_smear,lfw,train
data/guardrail/negatives/lfw/0395.jpg,not_smear,lfw,train
data/guardrail/negatives/lfw/0071.jpg,not_smear,lfw,train
data/guardrail/negatives/lfw/0183.jpg,not_smear,lfw,train
data/guardrail/negatives/lfw/0223.jpg,not_smear,lfw,train
data/guardrail/negatives/lfw/0266.jpg,not_smear,lfw,train
data/guardrail/negatives/lfw/0053.jpg,not_smear,lfw,train
data/guardrail/negatives/lfw/0109.jpg,not_smear,lfw,train
data/guardrail/negatives/lfw/0054.jpg,not_smear,lfw,train
data/guardrail/negatives/lfw/0212.jpg,not_smear,lfw,train
data/guardrail/negatives/lfw/0059.jpg,not_smear,lfw,train
data/guardrail/negatives/lfw/0045.jpg,not_smear,lfw,train
data/guardrail/negatives/lfw/0091.jpg,not_smear,lfw,train
data/guardrail/negatives/lfw/0214.jpg,not_smear,lfw,train
data/guardrail/negatives/lfw/0301.jpg,not_smear,lfw,train
data/guardrail/negatives/lfw/0040.jpg,not_smear,lfw,train
data/guardrail/negatives/lfw/0204.jpg,not_smear,lfw,train
data/guardrail/negatives/lfw/0152.jpg,not_smear,lfw,train
data/guardrail/negatives/lfw/0228.jpg,not_smear,lfw,train
data/guardrail/negatives/lfw/0017.jpg,not_smear,lfw,train
data/guardrail/negatives/lfw/0168.jpg,not_smear,lfw,train
data/guardrail/negatives/lfw/0269.jpg,not_smear,lfw,train
data/guardrail/negatives/lfw/0194.jpg,not_smear,lfw,train
data/guardrail/negatives/lfw/0259.jpg,not_smear,lfw,train
data/guardrail/negatives/lfw/0278.jpg,not_smear,lfw,train
data/guardrail/negatives/lfw/0325.jpg,not_smear,lfw,train
data/guardrail/negatives/lfw/0290.jpg,not_smear,lfw,train
data/guardrail/negatives/lfw/0192.jpg,not_smear,lfw,train
data/guardrail/negatives/lfw/0118.jpg,not_smear,lfw,train
data/guardrail/negatives/lfw/0076.jpg,not_smear,lfw,train
data/guardrail/negatives/lfw/0021.jpg,not_smear,lfw,train
data/guardrail/negatives/lfw/0196.jpg,not_smear,lfw,train
data/guardrail/negatives/lfw/0191.jpg,not_smear,lfw,train
data/guardrail/negatives/lfw/0346.jpg,not_smear,lfw,train
data/guardrail/negatives/lfw/0222.jpg,not_smear,lfw,train
data/guardrail/negatives/lfw/0034.jpg,not_smear,lfw,train
data/guardrail/negatives/lfw/0167.jpg,not_smear,lfw,train
data/guardrail/negatives/lfw/0389.jpg,not_smear,lfw,train
data/guardrail/negatives/lfw/0166.jpg,not_smear,lfw,train
data/guardrail/negatives/lfw/0082.jpg,not_smear,lfw,train
data/guardrail/negatives/lfw/0111.jpg,not_smear,lfw,train
data/guardrail/negatives/lfw/0229.jpg,not_smear,lfw,train
data/guardrail/negatives/lfw/0381.jpg,not_smear,lfw,train
data/guardrail/negatives/lfw/0188.jpg,not_smear,lfw,train
data/guardrail/negatives/lfw/0066.jpg,not_smear,lfw,train
data/guardrail/negatives/lfw/0355.jpg,not_smear,lfw,train
data/guardrail/negatives/lfw/0102.jpg,not_smear,lfw,train
data/guardrail/negatives/lfw/0385.jpg,not_smear,lfw,train
data/guardrail/negatives/lfw/0098.jpg,not_smear,lfw,train
data/guardrail/negatives/lfw/0063.jpg,not_smear,lfw,train
data/guardrail/negatives/lfw/0279.jpg,not_smear,lfw,train
data/guardrail/negatives/lfw/0121.jpg,not_smear,lfw,train
data/guardrail/negatives/lfw/0289.jpg,not_smear,lfw,train
data/guardrail/negatives/lfw/0291.jpg,not_smear,lfw,train
data/guardrail/negatives/lfw/0193.jpg,not_smear,lfw,train
data/guardrail/negatives/lfw/0020.jpg,not_smear,lfw,train
data/guardrail/negatives/lfw/0149.jpg,not_smear,lfw,train
data/guardrail/negatives/lfw/0172.jpg,not_smear,lfw,train
data/guardrail/negatives/lfw/0374.jpg,not_smear,lfw,train
data/guardrail/negatives/lfw/0036.jpg,not_smear,lfw,train
data/guardrail/negatives/lfw/0069.jpg,not_smear,lfw,train
data/guardrail/negatives/lfw/0245.jpg,not_smear,lfw,train
data/guardrail/negatives/lfw/0300.jpg,not_smear,lfw,train
data/guardrail/negatives/lfw/0143.jpg,not_smear,lfw,train
data/guardrail/negatives/lfw/0128.jpg,not_smear,lfw,train
data/guardrail/negatives/lfw/0215.jpg,not_smear,lfw,train
data/guardrail/negatives/lfw/0226.jpg,not_smear,lfw,train
data/guardrail/negatives/lfw/0313.jpg,not_smear,lfw,train
data/guardrail/negatives/lfw/0064.jpg,not_smear,lfw,train
data/guardrail/negatives/lfw/0012.jpg,not_smear,lfw,train
data/guardrail/negatives/lfw/0295.jpg,not_smear,lfw,train
data/guardrail/negatives/lfw/0169.jpg,not_smear,lfw,train
data/guardrail/negatives/lfw/0302.jpg,not_smear,lfw,train
data/guardrail/negatives/lfw/0380.jpg,not_smear,lfw,train
data/guardrail/negatives/lfw/0323.jpg,not_smear,lfw,train
data/guardrail/negatives/lfw/0078.jpg,not_smear,lfw,train
data/guardrail/negatives/lfw/0125.jpg,not_smear,lfw,train
data/guardrail/negatives/lfw/0013.jpg,not_smear,lfw,train
data/guardrail/negatives/lfw/0211.jpg,not_smear,lfw,train
data/guardrail/negatives/lfw/0151.jpg,not_smear,lfw,train
data/guardrail/negatives/lfw/0258.jpg,not_smear,lfw,train
data/guardrail/negatives/lfw/0357.jpg,not_smear,lfw,train
data/guardrail/negatives/lfw/0218.jpg,not_smear,lfw,train
data/guardrail/negatives/lfw/0208.jpg,not_smear,lfw,train
data/guardrail/negatives/lfw/0003.jpg,not_smear,lfw,train
data/guardrail/negatives/lfw/0261.jpg,not_smear,lfw,train
data/guardrail/negatives/lfw/0016.jpg,not_smear,lfw,train
data/guardrail/negatives/lfw/0209.jpg,not_smear,lfw,train
data/guardrail/negatives/lfw/0124.jpg,not_smear,lfw,train
data/guardrail/negatives/lfw/0384.jpg,not_smear,lfw,train
data/guardrail/negatives/lfw/0041.jpg,not_smear,lfw,train
data/guardrail/negatives/lfw/0267.jpg,not_smear,lfw,train
data/guardrail/negatives/lfw/0142.jpg,not_smear,lfw,train
data/guardrail/negatives/lfw/0159.jpg,not_smear,lfw,train
data/guardrail/negatives/lfw/0074.jpg,not_smear,lfw,train
data/guardrail/negatives/lfw/0370.jpg,not_smear,lfw,train
data/guardrail/negatives/lfw/0038.jpg,not_smear,lfw,train
data/guardrail/negatives/lfw/0174.jpg,not_smear,lfw,train
data/guardrail/negatives/lfw/0119.jpg,not_smear,lfw,train
data/guardrail/negatives/lfw/0037.jpg,not_smear,lfw,train
data/guardrail/negatives/lfw/0175.jpg,not_smear,lfw,train
data/guardrail/negatives/lfw/0353.jpg,not_smear,lfw,train
data/guardrail/negatives/lfw/0002.jpg,not_smear,lfw,train
data/guardrail/negatives/lfw/0028.jpg,not_smear,lfw,train
data/guardrail/negatives/lfw/0073.jpg,not_smear,lfw,train
data/guardrail/negatives/lfw/0088.jpg,not_smear,lfw,train
data/guardrail/negatives/lfw/0366.jpg,not_smear,lfw,train
data/guardrail/negatives/lfw/0202.jpg,not_smear,lfw,train
data/guardrail/negatives/lfw/0145.jpg,not_smear,lfw,train
data/guardrail/negatives/lfw/0287.jpg,not_smear,lfw,train
data/guardrail/negatives/lfw/0383.jpg,not_smear,lfw,train
data/guardrail/negatives/lfw/0347.jpg,not_smear,lfw,train
data/guardrail/negatives/lfw/0031.jpg,not_smear,lfw,train
data/guardrail/negatives/lfw/0339.jpg,not_smear,lfw,train
data/guardrail/negatives/lfw/0213.jpg,not_smear,lfw,train
data/guardrail/negatives/lfw/0299.jpg,not_smear,lfw,train
data/guardrail/negatives/lfw/0276.jpg,not_smear,lfw,train
data/guardrail/negatives/lfw/0133.jpg,not_smear,lfw,train
data/guardrail/negatives/lfw/0288.jpg,not_smear,lfw,train
data/guardrail/negatives/lfw/0262.jpg,not_smear,lfw,train
data/guardrail/negatives/lfw/0282.jpg,not_smear,lfw,train
data/guardrail/negatives/lfw/0079.jpg,not_smear,lfw,train
data/guardrail/negatives/lfw/0239.jpg,not_smear,lfw,train
data/guardrail/negatives/lfw/0106.jpg,not_smear,lfw,train
data/guardrail/negatives/lfw/0368.jpg,not_smear,lfw,train
data/guardrail/negatives/lfw/0100.jpg,not_smear,lfw,train
data/guardrail/negatives/lfw/0084.jpg,not_smear,lfw,train
data/guardrail/negatives/lfw/0089.jpg,not_smear,lfw,train
data/guardrail/negatives/lfw/0236.jpg,not_smear,lfw,train
data/guardrail/negatives/lfw/0067.jpg,not_smear,lfw,train
data/guardrail/negatives/lfw/0044.jpg,not_smear,lfw,train
data/guardrail/negatives/lfw/0134.jpg,not_smear,lfw,train
data/guardrail/negatives/lfw/0238.jpg,not_smear,lfw,train
data/guardrail/negatives/lfw/0340.jpg,not_smear,lfw,train
data/guardrail/negatives/lfw/0309.jpg,not_smear,lfw,train
data/guardrail/negatives/lfw/0230.jpg,not_smear,lfw,train
data/guardrail/negatives/lfw/0376.jpg,not_smear,lfw,train
data/guardrail/negatives/lfw/0173.jpg,not_smear,lfw,train
data/guardrail/negatives/lfw/0160.jpg,not_smear,lfw,train
data/guardrail/negatives/lfw/0224.jpg,not_smear,lfw,train
data/guardrail/negatives/lfw/0070.jpg,not_smear,lfw,train
data/guardrail/negatives/lfw/0349.jpg,not_smear,lfw,train
data/guardrail/negatives/lfw/0163.jpg,not_smear,lfw,train
data/guardrail/negatives/lfw/0367.jpg,not_smear,lfw,train
data/guardrail/negatives/lfw/0235.jpg,not_smear,lfw,train
data/guardrail/negatives/lfw/0049.jpg,not_smear,lfw,train
data/guardrail/negatives/lfw/0022.jpg,not_smear,lfw,train
data/guardrail/negatives/lfw/0190.jpg,not_smear,lfw,train
data/guardrail/negatives/lfw/0052.jpg,not_smear,lfw,train
data/guardrail/negatives/lfw/0092.jpg,not_smear,lfw,train
data/guardrail/negatives/lfw/0110.jpg,not_smear,lfw,train
data/guardrail/negatives/lfw/0274.jpg,not_smear,lfw,train
data/guardrail/negatives/lfw/0178.jpg,not_smear,lfw,train
data/guardrail/negatives/lfw/0375.jpg,not_smear,lfw,train
data/guardrail/negatives/lfw/0324.jpg,not_smear,lfw,train
data/guardrail/negatives/lfw/0062.jpg,not_smear,lfw,train
data/guardrail/negatives/lfw/0015.jpg,not_smear,lfw,train
data/guardrail/negatives/lfw/0254.jpg,not_smear,lfw,train
data/guardrail/negatives/lfw/0182.jpg,not_smear,lfw,train
data/guardrail/negatives/lfw/0308.jpg,not_smear,lfw,train
data/guardrail/negatives/lfw/0334.jpg,not_smear,lfw,train
data/guardrail/negatives/lfw/0210.jpg,not_smear,lfw,train
data/guardrail/negatives/lfw/0283.jpg,not_smear,lfw,train
data/guardrail/negatives/lfw/0303.jpg,not_smear,lfw,train
data/guardrail/negatives/lfw/0138.jpg,not_smear,lfw,train
data/guardrail/negatives/lfw/0057.jpg,not_smear,lfw,train
data/guardrail/negatives/lfw/0247.jpg,not_smear,lfw,train
data/guardrail/negatives/lfw/0359.jpg,not_smear,lfw,train
data/guardrail/negatives/lfw/0310.jpg,not_smear,lfw,train
data/guardrail/negatives/lfw/0154.jpg,not_smear,lfw,train
data/guardrail/negatives/lfw/0297.jpg,not_smear,lfw,train
data/guardrail/negatives/lfw/0307.jpg,not_smear,lfw,train
data/guardrail/negatives/lfw/0234.jpg,not_smear,lfw,train
data/guardrail/negatives/lfw/0186.jpg,not_smear,lfw,train
data/guardrail/negatives/lfw/0129.jpg,not_smear,lfw,train
data/guardrail/negatives/lfw/0249.jpg,not_smear,lfw,train
data/guardrail/negatives/lfw/0131.jpg,not_smear,lfw,train
data/guardrail/negatives/lfw/0179.jpg,not_smear,lfw,train
data/guardrail/negatives/lfw/0251.jpg,not_smear,lfw,train
data/guardrail/negatives/lfw/0393.jpg,not_smear,lfw,train
data/guardrail/negatives/lfw/0364.jpg,not_smear,lfw,train
data/guardrail/negatives/lfw/0155.jpg,not_smear,lfw,val
data/guardrail/negatives/lfw/0335.jpg,not_smear,lfw,val
data/guardrail/negatives/lfw/0322.jpg,not_smear,lfw,val
data/guardrail/negatives/lfw/0075.jpg,not_smear,lfw,val
data/guardrail/negatives/lfw/0312.jpg,not_smear,lfw,val
data/guardrail/negatives/lfw/0320.jpg,not_smear,lfw,val
data/guardrail/negatives/lfw/0268.jpg,not_smear,lfw,val
data/guardrail/negatives/lfw/0116.jpg,not_smear,lfw,val
data/guardrail/negatives/lfw/0148.jpg,not_smear,lfw,val
data/guardrail/negatives/lfw/0008.jpg,not_smear,lfw,val
data/guardrail/negatives/lfw/0023.jpg,not_smear,lfw,val
data/guardrail/negatives/lfw/0352.jpg,not_smear,lfw,val
data/guardrail/negatives/lfw/0241.jpg,not_smear,lfw,val
data/guardrail/negatives/lfw/0126.jpg,not_smear,lfw,val
data/guardrail/negatives/lfw/0250.jpg,not_smear,lfw,val
data/guardrail/negatives/lfw/0000.jpg,not_smear,lfw,val
data/guardrail/negatives/lfw/0306.jpg,not_smear,lfw,val
data/guardrail/negatives/lfw/0392.jpg,not_smear,lfw,val
data/guardrail/negatives/lfw/0004.jpg,not_smear,lfw,val
data/guardrail/negatives/lfw/0315.jpg,not_smear,lfw,val
data/guardrail/negatives/lfw/0039.jpg,not_smear,lfw,val
data/guardrail/negatives/lfw/0391.jpg,not_smear,lfw,val
data/guardrail/negatives/lfw/0365.jpg,not_smear,lfw,val
data/guardrail/negatives/lfw/0010.jpg,not_smear,lfw,val
data/guardrail/negatives/lfw/0171.jpg,not_smear,lfw,val
data/guardrail/negatives/lfw/0219.jpg,not_smear,lfw,val
data/guardrail/negatives/lfw/0242.jpg,not_smear,lfw,val
data/guardrail/negatives/lfw/0006.jpg,not_smear,lfw,val
data/guardrail/negatives/lfw/0072.jpg,not_smear,lfw,val
data/guardrail/negatives/lfw/0233.jpg,not_smear,lfw,val
data/guardrail/negatives/lfw/0379.jpg,not_smear,lfw,val
data/guardrail/negatives/lfw/0399.jpg,not_smear,lfw,val
data/guardrail/negatives/lfw/0085.jpg,not_smear,lfw,val
data/guardrail/negatives/lfw/0035.jpg,not_smear,lfw,val
data/guardrail/negatives/lfw/0161.jpg,not_smear,lfw,val
data/guardrail/negatives/lfw/0354.jpg,not_smear,lfw,val
data/guardrail/negatives/lfw/0345.jpg,not_smear,lfw,val
data/guardrail/negatives/lfw/0156.jpg,not_smear,lfw,val
data/guardrail/negatives/lfw/0244.jpg,not_smear,lfw,val
data/guardrail/negatives/lfw/0318.jpg,not_smear,lfw,val
data/guardrail/negatives/lfw/0382.jpg,not_smear,lfw,val
data/guardrail/negatives/lfw/0094.jpg,not_smear,lfw,val
data/guardrail/negatives/lfw/0048.jpg,not_smear,lfw,val
data/guardrail/negatives/lfw/0001.jpg,not_smear,lfw,val
data/guardrail/negatives/lfw/0327.jpg,not_smear,lfw,val
data/guardrail/negatives/lfw/0305.jpg,not_smear,lfw,val
data/guardrail/negatives/lfw/0147.jpg,not_smear,lfw,val
data/guardrail/negatives/lfw/0326.jpg,not_smear,lfw,val
data/guardrail/negatives/lfw/0177.jpg,not_smear,lfw,val
data/guardrail/negatives/lfw/0104.jpg,not_smear,lfw,val
data/guardrail/negatives/lfw/0087.jpg,not_smear,lfw,val
data/guardrail/negatives/lfw/0105.jpg,not_smear,lfw,val
data/guardrail/negatives/lfw/0253.jpg,not_smear,lfw,val
data/guardrail/negatives/lfw/0137.jpg,not_smear,lfw,val
data/guardrail/negatives/lfw/0351.jpg,not_smear,lfw,val
data/guardrail/negatives/lfw/0342.jpg,not_smear,lfw,val
data/guardrail/negatives/lfw/0201.jpg,not_smear,lfw,val
data/guardrail/negatives/lfw/0200.jpg,not_smear,lfw,val
data/guardrail/negatives/lfw/0207.jpg,not_smear,lfw,val
data/guardrail/negatives/lfw/0317.jpg,not_smear,lfw,val
data/guardrail/negatives/lfw/0115.jpg,not_smear,lfw,test
data/guardrail/negatives/lfw/0363.jpg,not_smear,lfw,test
data/guardrail/negatives/lfw/0051.jpg,not_smear,lfw,test
data/guardrail/negatives/lfw/0272.jpg,not_smear,lfw,test
data/guardrail/negatives/lfw/0033.jpg,not_smear,lfw,test
data/guardrail/negatives/lfw/0122.jpg,not_smear,lfw,test
data/guardrail/negatives/lfw/0398.jpg,not_smear,lfw,test
data/guardrail/negatives/lfw/0294.jpg,not_smear,lfw,test
data/guardrail/negatives/lfw/0018.jpg,not_smear,lfw,test
data/guardrail/negatives/lfw/0378.jpg,not_smear,lfw,test
data/guardrail/negatives/lfw/0058.jpg,not_smear,lfw,test
data/guardrail/negatives/lfw/0112.jpg,not_smear,lfw,test
data/guardrail/negatives/lfw/0056.jpg,not_smear,lfw,test
data/guardrail/negatives/lfw/0127.jpg,not_smear,lfw,test
data/guardrail/negatives/lfw/0330.jpg,not_smear,lfw,test
data/guardrail/negatives/lfw/0373.jpg,not_smear,lfw,test
data/guardrail/negatives/lfw/0348.jpg,not_smear,lfw,test
data/guardrail/negatives/lfw/0055.jpg,not_smear,lfw,test
data/guardrail/negatives/lfw/0221.jpg,not_smear,lfw,test
data/guardrail/negatives/lfw/0265.jpg,not_smear,lfw,test
data/guardrail/negatives/lfw/0252.jpg,not_smear,lfw,test
data/guardrail/negatives/lfw/0311.jpg,not_smear,lfw,test
data/guardrail/negatives/lfw/0394.jpg,not_smear,lfw,test
data/guardrail/negatives/lfw/0141.jpg,not_smear,lfw,test
data/guardrail/negatives/lfw/0304.jpg,not_smear,lfw,test
data/guardrail/negatives/lfw/0090.jpg,not_smear,lfw,test
data/guardrail/negatives/lfw/0206.jpg,not_smear,lfw,test
data/guardrail/negatives/lfw/0096.jpg,not_smear,lfw,test
data/guardrail/negatives/lfw/0150.jpg,not_smear,lfw,test
data/guardrail/negatives/lfw/0099.jpg,not_smear,lfw,test
data/guardrail/negatives/lfw/0216.jpg,not_smear,lfw,test
data/guardrail/negatives/lfw/0195.jpg,not_smear,lfw,test
data/guardrail/negatives/lfw/0332.jpg,not_smear,lfw,test
data/guardrail/negatives/lfw/0025.jpg,not_smear,lfw,test
data/guardrail/negatives/lfw/0050.jpg,not_smear,lfw,test
data/guardrail/negatives/lfw/0189.jpg,not_smear,lfw,test
data/guardrail/negatives/lfw/0139.jpg,not_smear,lfw,test
data/guardrail/negatives/lfw/0225.jpg,not_smear,lfw,test
data/guardrail/negatives/lfw/0027.jpg,not_smear,lfw,test
data/guardrail/negatives/lfw/0170.jpg,not_smear,lfw,test
data/guardrail/negatives/lfw/0260.jpg,not_smear,lfw,test
data/guardrail/negatives/lfw/0386.jpg,not_smear,lfw,test
data/guardrail/negatives/lfw/0257.jpg,not_smear,lfw,test
data/guardrail/negatives/lfw/0203.jpg,not_smear,lfw,test
data/guardrail/negatives/lfw/0077.jpg,not_smear,lfw,test
data/guardrail/negatives/lfw/0108.jpg,not_smear,lfw,test
data/guardrail/negatives/lfw/0220.jpg,not_smear,lfw,test
data/guardrail/negatives/lfw/0181.jpg,not_smear,lfw,test
data/guardrail/negatives/lfw/0043.jpg,not_smear,lfw,test
data/guardrail/negatives/lfw/0281.jpg,not_smear,lfw,test
data/guardrail/negatives/lfw/0060.jpg,not_smear,lfw,test
data/guardrail/negatives/lfw/0135.jpg,not_smear,lfw,test
data/guardrail/negatives/lfw/0180.jpg,not_smear,lfw,test
data/guardrail/negatives/lfw/0231.jpg,not_smear,lfw,test
data/guardrail/negatives/lfw/0271.jpg,not_smear,lfw,test
data/guardrail/negatives/lfw/0338.jpg,not_smear,lfw,test
data/guardrail/negatives/lfw/0243.jpg,not_smear,lfw,test
data/guardrail/negatives/lfw/0014.jpg,not_smear,lfw,test
data/guardrail/negatives/lfw/0136.jpg,not_smear,lfw,test
data/guardrail/negatives/lfw/0095.jpg,not_smear,lfw,test
data/guardrail/negatives/places/0042.jpg,not_smear,places,train
data/guardrail/negatives/places/0199.jpg,not_smear,places,train
data/guardrail/negatives/places/0286.jpg,not_smear,places,train
data/guardrail/negatives/places/0585.jpg,not_smear,places,train
data/guardrail/negatives/places/0442.jpg,not_smear,places,train
data/guardrail/negatives/places/0345.jpg,not_smear,places,train
data/guardrail/negatives/places/0462.jpg,not_smear,places,train
data/guardrail/negatives/places/0003.jpg,not_smear,places,train
data/guardrail/negatives/places/0284.jpg,not_smear,places,train
data/guardrail/negatives/places/0145.jpg,not_smear,places,train
data/guardrail/negatives/places/0425.jpg,not_smear,places,train
data/guardrail/negatives/places/0051.jpg,not_smear,places,train
data/guardrail/negatives/places/0436.jpg,not_smear,places,train
data/guardrail/negatives/places/0169.jpg,not_smear,places,train
data/guardrail/negatives/places/0124.jpg,not_smear,places,train
data/guardrail/negatives/places/0341.jpg,not_smear,places,train
data/guardrail/negatives/places/0355.jpg,not_smear,places,train
data/guardrail/negatives/places/0584.jpg,not_smear,places,train
data/guardrail/negatives/places/0000.jpg,not_smear,places,train
data/guardrail/negatives/places/0478.jpg,not_smear,places,train
data/guardrail/negatives/places/0249.jpg,not_smear,places,train
data/guardrail/negatives/places/0679.jpg,not_smear,places,train
data/guardrail/negatives/places/0322.jpg,not_smear,places,train
data/guardrail/negatives/places/0050.jpg,not_smear,places,train
data/guardrail/negatives/places/0686.jpg,not_smear,places,train
data/guardrail/negatives/places/0447.jpg,not_smear,places,train
data/guardrail/negatives/places/0176.jpg,not_smear,places,train
data/guardrail/negatives/places/0048.jpg,not_smear,places,train
data/guardrail/negatives/places/0221.jpg,not_smear,places,train
data/guardrail/negatives/places/0228.jpg,not_smear,places,train
data/guardrail/negatives/places/0419.jpg,not_smear,places,train
data/guardrail/negatives/places/0656.jpg,not_smear,places,train
data/guardrail/negatives/places/0649.jpg,not_smear,places,train
data/guardrail/negatives/places/0317.jpg,not_smear,places,train
data/guardrail/negatives/places/0321.jpg,not_smear,places,train
data/guardrail/negatives/places/0632.jpg,not_smear,places,train
data/guardrail/negatives/places/0262.jpg,not_smear,places,train
data/guardrail/negatives/places/0002.jpg,not_smear,places,train
data/guardrail/negatives/places/0344.jpg,not_smear,places,train
data/guardrail/negatives/places/0390.jpg,not_smear,places,train
data/guardrail/negatives/places/0379.jpg,not_smear,places,train
data/guardrail/negatives/places/0586.jpg,not_smear,places,train
data/guardrail/negatives/places/0635.jpg,not_smear,places,train
data/guardrail/negatives/places/0619.jpg,not_smear,places,train
data/guardrail/negatives/places/0168.jpg,not_smear,places,train
data/guardrail/negatives/places/0078.jpg,not_smear,places,train
data/guardrail/negatives/places/0364.jpg,not_smear,places,train
data/guardrail/negatives/places/0260.jpg,not_smear,places,train
data/guardrail/negatives/places/0035.jpg,not_smear,places,train
data/guardrail/negatives/places/0549.jpg,not_smear,places,train
data/guardrail/negatives/places/0252.jpg,not_smear,places,train
data/guardrail/negatives/places/0606.jpg,not_smear,places,train
data/guardrail/negatives/places/0324.jpg,not_smear,places,train
data/guardrail/negatives/places/0404.jpg,not_smear,places,train
data/guardrail/negatives/places/0579.jpg,not_smear,places,train
data/guardrail/negatives/places/0119.jpg,not_smear,places,train
data/guardrail/negatives/places/0534.jpg,not_smear,places,train
data/guardrail/negatives/places/0234.jpg,not_smear,places,train
data/guardrail/negatives/places/0150.jpg,not_smear,places,train
data/guardrail/negatives/places/0079.jpg,not_smear,places,train
data/guardrail/negatives/places/0082.jpg,not_smear,places,train
data/guardrail/negatives/places/0231.jpg,not_smear,places,train
data/guardrail/negatives/places/0298.jpg,not_smear,places,train
data/guardrail/negatives/places/0152.jpg,not_smear,places,train
data/guardrail/negatives/places/0207.jpg,not_smear,places,train
data/guardrail/negatives/places/0622.jpg,not_smear,places,train
data/guardrail/negatives/places/0226.jpg,not_smear,places,train
data/guardrail/negatives/places/0191.jpg,not_smear,places,train
data/guardrail/negatives/places/0087.jpg,not_smear,places,train
data/guardrail/negatives/places/0373.jpg,not_smear,places,train
data/guardrail/negatives/places/0186.jpg,not_smear,places,train
data/guardrail/negatives/places/0639.jpg,not_smear,places,train
data/guardrail/negatives/places/0001.jpg,not_smear,places,train
data/guardrail/negatives/places/0287.jpg,not_smear,places,train
data/guardrail/negatives/places/0572.jpg,not_smear,places,train
data/guardrail/negatives/places/0025.jpg,not_smear,places,train
data/guardrail/negatives/places/0270.jpg,not_smear,places,train
data/guardrail/negatives/places/0570.jpg,not_smear,places,train
data/guardrail/negatives/places/0637.jpg,not_smear,places,train
data/guardrail/negatives/places/0214.jpg,not_smear,places,train
data/guardrail/negatives/places/0434.jpg,not_smear,places,train
data/guardrail/negatives/places/0323.jpg,not_smear,places,train
data/guardrail/negatives/places/0307.jpg,not_smear,places,train
data/guardrail/negatives/places/0424.jpg,not_smear,places,train
data/guardrail/negatives/places/0372.jpg,not_smear,places,train
data/guardrail/negatives/places/0670.jpg,not_smear,places,train
data/guardrail/negatives/places/0471.jpg,not_smear,places,train
data/guardrail/negatives/places/0523.jpg,not_smear,places,train
data/guardrail/negatives/places/0374.jpg,not_smear,places,train
data/guardrail/negatives/places/0340.jpg,not_smear,places,train
data/guardrail/negatives/places/0532.jpg,not_smear,places,train
data/guardrail/negatives/places/0465.jpg,not_smear,places,train
data/guardrail/negatives/places/0086.jpg,not_smear,places,train
data/guardrail/negatives/places/0289.jpg,not_smear,places,train
data/guardrail/negatives/places/0235.jpg,not_smear,places,train
data/guardrail/negatives/places/0131.jpg,not_smear,places,train
data/guardrail/negatives/places/0414.jpg,not_smear,places,train
data/guardrail/negatives/places/0181.jpg,not_smear,places,train
data/guardrail/negatives/places/0101.jpg,not_smear,places,train
data/guardrail/negatives/places/0367.jpg,not_smear,places,train
data/guardrail/negatives/places/0420.jpg,not_smear,places,train
data/guardrail/negatives/places/0122.jpg,not_smear,places,train
data/guardrail/negatives/places/0077.jpg,not_smear,places,train
data/guardrail/negatives/places/0061.jpg,not_smear,places,train
data/guardrail/negatives/places/0493.jpg,not_smear,places,train
data/guardrail/negatives/places/0607.jpg,not_smear,places,train
data/guardrail/negatives/places/0264.jpg,not_smear,places,train
data/guardrail/negatives/places/0409.jpg,not_smear,places,train
data/guardrail/negatives/places/0071.jpg,not_smear,places,train
data/guardrail/negatives/places/0045.jpg,not_smear,places,train
data/guardrail/negatives/places/0658.jpg,not_smear,places,train
data/guardrail/negatives/places/0680.jpg,not_smear,places,train
data/guardrail/negatives/places/0456.jpg,not_smear,places,train
data/guardrail/negatives/places/0592.jpg,not_smear,places,train
data/guardrail/negatives/places/0093.jpg,not_smear,places,train
data/guardrail/negatives/places/0056.jpg,not_smear,places,train
data/guardrail/negatives/places/0333.jpg,not_smear,places,train
data/guardrail/negatives/places/0507.jpg,not_smear,places,train
data/guardrail/negatives/places/0480.jpg,not_smear,places,train
data/guardrail/negatives/places/0388.jpg,not_smear,places,train
data/guardrail/negatives/places/0583.jpg,not_smear,places,train
data/guardrail/negatives/places/0564.jpg,not_smear,places,train
data/guardrail/negatives/places/0551.jpg,not_smear,places,train
data/guardrail/negatives/places/0614.jpg,not_smear,places,train
data/guardrail/negatives/places/0578.jpg,not_smear,places,train
data/guardrail/negatives/places/0696.jpg,not_smear,places,train
data/guardrail/negatives/places/0139.jpg,not_smear,places,train
data/guardrail/negatives/places/0084.jpg,not_smear,places,train
data/guardrail/negatives/places/0351.jpg,not_smear,places,train
data/guardrail/negatives/places/0170.jpg,not_smear,places,train
data/guardrail/negatives/places/0049.jpg,not_smear,places,train
data/guardrail/negatives/places/0558.jpg,not_smear,places,train
data/guardrail/negatives/places/0216.jpg,not_smear,places,train
data/guardrail/negatives/places/0303.jpg,not_smear,places,train
data/guardrail/negatives/places/0291.jpg,not_smear,places,train
data/guardrail/negatives/places/0309.jpg,not_smear,places,train
data/guardrail/negatives/places/0171.jpg,not_smear,places,train
data/guardrail/negatives/places/0616.jpg,not_smear,places,train
data/guardrail/negatives/places/0520.jpg,not_smear,places,train
data/guardrail/negatives/places/0031.jpg,not_smear,places,train
data/guardrail/negatives/places/0297.jpg,not_smear,places,train
data/guardrail/negatives/places/0352.jpg,not_smear,places,train
data/guardrail/negatives/places/0275.jpg,not_smear,places,train
data/guardrail/negatives/places/0362.jpg,not_smear,places,train
data/guardrail/negatives/places/0057.jpg,not_smear,places,train
data/guardrail/negatives/places/0192.jpg,not_smear,places,train
data/guardrail/negatives/places/0251.jpg,not_smear,places,train
data/guardrail/negatives/places/0097.jpg,not_smear,places,train
data/guardrail/negatives/places/0371.jpg,not_smear,places,train
data/guardrail/negatives/places/0263.jpg,not_smear,places,train
data/guardrail/negatives/places/0384.jpg,not_smear,places,train
data/guardrail/negatives/places/0096.jpg,not_smear,places,train
data/guardrail/negatives/places/0514.jpg,not_smear,places,train
data/guardrail/negatives/places/0580.jpg,not_smear,places,train
data/guardrail/negatives/places/0295.jpg,not_smear,places,train
data/guardrail/negatives/places/0668.jpg,not_smear,places,train
data/guardrail/negatives/places/0647.jpg,not_smear,places,train
data/guardrail/negatives/places/0603.jpg,not_smear,places,train
data/guardrail/negatives/places/0054.jpg,not_smear,places,train
data/guardrail/negatives/places/0380.jpg,not_smear,places,train
data/guardrail/negatives/places/0299.jpg,not_smear,places,train
data/guardrail/negatives/places/0643.jpg,not_smear,places,train
data/guardrail/negatives/places/0279.jpg,not_smear,places,train
data/guardrail/negatives/places/0605.jpg,not_smear,places,train
data/guardrail/negatives/places/0604.jpg,not_smear,places,train
data/guardrail/negatives/places/0280.jpg,not_smear,places,train
data/guardrail/negatives/places/0320.jpg,not_smear,places,train
data/guardrail/negatives/places/0491.jpg,not_smear,places,train
data/guardrail/negatives/places/0645.jpg,not_smear,places,train
data/guardrail/negatives/places/0159.jpg,not_smear,places,train
data/guardrail/negatives/places/0075.jpg,not_smear,places,train
data/guardrail/negatives/places/0648.jpg,not_smear,places,train
data/guardrail/negatives/places/0494.jpg,not_smear,places,train
data/guardrail/negatives/places/0166.jpg,not_smear,places,train
data/guardrail/negatives/places/0358.jpg,not_smear,places,train
data/guardrail/negatives/places/0085.jpg,not_smear,places,train
data/guardrail/negatives/places/0407.jpg,not_smear,places,train
data/guardrail/negatives/places/0473.jpg,not_smear,places,train
data/guardrail/negatives/places/0568.jpg,not_smear,places,train
data/guardrail/negatives/places/0271.jpg,not_smear,places,train
data/guardrail/negatives/places/0498.jpg,not_smear,places,train
data/guardrail/negatives/places/0457.jpg,not_smear,places,train
data/guardrail/negatives/places/0688.jpg,not_smear,places,train
data/guardrail/negatives/places/0268.jpg,not_smear,places,train
data/guardrail/negatives/places/0672.jpg,not_smear,places,train
data/guardrail/negatives/places/0106.jpg,not_smear,places,train
data/guardrail/negatives/places/0550.jpg,not_smear,places,train
data/guardrail/negatives/places/0095.jpg,not_smear,places,train
data/guardrail/negatives/places/0146.jpg,not_smear,places,train
data/guardrail/negatives/places/0535.jpg,not_smear,places,train
data/guardrail/negatives/places/0545.jpg,not_smear,places,train
data/guardrail/negatives/places/0591.jpg,not_smear,places,train
data/guardrail/negatives/places/0197.jpg,not_smear,places,train
data/guardrail/negatives/places/0552.jpg,not_smear,places,train
data/guardrail/negatives/places/0467.jpg,not_smear,places,train
data/guardrail/negatives/places/0527.jpg,not_smear,places,train
data/guardrail/negatives/places/0219.jpg,not_smear,places,train
data/guardrail/negatives/places/0276.jpg,not_smear,places,train
data/guardrail/negatives/places/0671.jpg,not_smear,places,train
data/guardrail/negatives/places/0089.jpg,not_smear,places,train
data/guardrail/negatives/places/0438.jpg,not_smear,places,train
data/guardrail/negatives/places/0401.jpg,not_smear,places,train
data/guardrail/negatives/places/0677.jpg,not_smear,places,train
data/guardrail/negatives/places/0496.jpg,not_smear,places,train
data/guardrail/negatives/places/0339.jpg,not_smear,places,train
data/guardrail/negatives/places/0090.jpg,not_smear,places,train
data/guardrail/negatives/places/0173.jpg,not_smear,places,train
data/guardrail/negatives/places/0261.jpg,not_smear,places,train
data/guardrail/negatives/places/0609.jpg,not_smear,places,train
data/guardrail/negatives/places/0582.jpg,not_smear,places,train
data/guardrail/negatives/places/0630.jpg,not_smear,places,train
data/guardrail/negatives/places/0015.jpg,not_smear,places,train
data/guardrail/negatives/places/0233.jpg,not_smear,places,train
data/guardrail/negatives/places/0590.jpg,not_smear,places,train
data/guardrail/negatives/places/0533.jpg,not_smear,places,train
data/guardrail/negatives/places/0518.jpg,not_smear,places,train
data/guardrail/negatives/places/0081.jpg,not_smear,places,train
data/guardrail/negatives/places/0329.jpg,not_smear,places,train
data/guardrail/negatives/places/0243.jpg,not_smear,places,train
data/guardrail/negatives/places/0129.jpg,not_smear,places,train
data/guardrail/negatives/places/0433.jpg,not_smear,places,train
data/guardrail/negatives/places/0428.jpg,not_smear,places,train
data/guardrail/negatives/places/0599.jpg,not_smear,places,train
data/guardrail/negatives/places/0629.jpg,not_smear,places,train
data/guardrail/negatives/places/0402.jpg,not_smear,places,train
data/guardrail/negatives/places/0459.jpg,not_smear,places,train
data/guardrail/negatives/places/0012.jpg,not_smear,places,train
data/guardrail/negatives/places/0167.jpg,not_smear,places,train
data/guardrail/negatives/places/0158.jpg,not_smear,places,train
data/guardrail/negatives/places/0432.jpg,not_smear,places,train
data/guardrail/negatives/places/0547.jpg,not_smear,places,train
data/guardrail/negatives/places/0044.jpg,not_smear,places,train
data/guardrail/negatives/places/0536.jpg,not_smear,places,train
data/guardrail/negatives/places/0343.jpg,not_smear,places,train
data/guardrail/negatives/places/0032.jpg,not_smear,places,train
data/guardrail/negatives/places/0126.jpg,not_smear,places,train
data/guardrail/negatives/places/0304.jpg,not_smear,places,train
data/guardrail/negatives/places/0531.jpg,not_smear,places,train
data/guardrail/negatives/places/0250.jpg,not_smear,places,train
data/guardrail/negatives/places/0201.jpg,not_smear,places,train
data/guardrail/negatives/places/0326.jpg,not_smear,places,train
data/guardrail/negatives/places/0678.jpg,not_smear,places,train
data/guardrail/negatives/places/0624.jpg,not_smear,places,train
data/guardrail/negatives/places/0423.jpg,not_smear,places,train
data/guardrail/negatives/places/0556.jpg,not_smear,places,train
data/guardrail/negatives/places/0474.jpg,not_smear,places,train
data/guardrail/negatives/places/0553.jpg,not_smear,places,train
data/guardrail/negatives/places/0571.jpg,not_smear,places,train
data/guardrail/negatives/places/0316.jpg,not_smear,places,train
data/guardrail/negatives/places/0542.jpg,not_smear,places,train
data/guardrail/negatives/places/0617.jpg,not_smear,places,train
data/guardrail/negatives/places/0020.jpg,not_smear,places,train
data/guardrail/negatives/places/0240.jpg,not_smear,places,train
data/guardrail/negatives/places/0148.jpg,not_smear,places,train
data/guardrail/negatives/places/0641.jpg,not_smear,places,train
data/guardrail/negatives/places/0659.jpg,not_smear,places,train
data/guardrail/negatives/places/0111.jpg,not_smear,places,train
data/guardrail/negatives/places/0689.jpg,not_smear,places,train
data/guardrail/negatives/places/0183.jpg,not_smear,places,train
data/guardrail/negatives/places/0593.jpg,not_smear,places,train
data/guardrail/negatives/places/0238.jpg,not_smear,places,train
data/guardrail/negatives/places/0004.jpg,not_smear,places,train
data/guardrail/negatives/places/0522.jpg,not_smear,places,train
data/guardrail/negatives/places/0008.jpg,not_smear,places,train
data/guardrail/negatives/places/0546.jpg,not_smear,places,train
data/guardrail/negatives/places/0325.jpg,not_smear,places,train
data/guardrail/negatives/places/0091.jpg,not_smear,places,train
data/guardrail/negatives/places/0135.jpg,not_smear,places,train
data/guardrail/negatives/places/0164.jpg,not_smear,places,train
data/guardrail/negatives/places/0157.jpg,not_smear,places,train
data/guardrail/negatives/places/0513.jpg,not_smear,places,train
data/guardrail/negatives/places/0006.jpg,not_smear,places,train
data/guardrail/negatives/places/0389.jpg,not_smear,places,train
data/guardrail/negatives/places/0137.jpg,not_smear,places,train
data/guardrail/negatives/places/0185.jpg,not_smear,places,train
data/guardrail/negatives/places/0300.jpg,not_smear,places,train
data/guardrail/negatives/places/0019.jpg,not_smear,places,train
data/guardrail/negatives/places/0202.jpg,not_smear,places,train
data/guardrail/negatives/places/0397.jpg,not_smear,places,train
data/guardrail/negatives/places/0684.jpg,not_smear,places,train
data/guardrail/negatives/places/0314.jpg,not_smear,places,train
data/guardrail/negatives/places/0421.jpg,not_smear,places,train
data/guardrail/negatives/places/0375.jpg,not_smear,places,train
data/guardrail/negatives/places/0140.jpg,not_smear,places,train
data/guardrail/negatives/places/0561.jpg,not_smear,places,train
data/guardrail/negatives/places/0506.jpg,not_smear,places,train
data/guardrail/negatives/places/0067.jpg,not_smear,places,train
data/guardrail/negatives/places/0610.jpg,not_smear,places,train
data/guardrail/negatives/places/0239.jpg,not_smear,places,train
data/guardrail/negatives/places/0327.jpg,not_smear,places,train
data/guardrail/negatives/places/0083.jpg,not_smear,places,train
data/guardrail/negatives/places/0133.jpg,not_smear,places,train
data/guardrail/negatives/places/0633.jpg,not_smear,places,train
data/guardrail/negatives/places/0418.jpg,not_smear,places,train
data/guardrail/negatives/places/0293.jpg,not_smear,places,train
data/guardrail/negatives/places/0217.jpg,not_smear,places,train
data/guardrail/negatives/places/0615.jpg,not_smear,places,train
data/guardrail/negatives/places/0461.jpg,not_smear,places,train
data/guardrail/negatives/places/0147.jpg,not_smear,places,train
data/guardrail/negatives/places/0450.jpg,not_smear,places,train
data/guardrail/negatives/places/0353.jpg,not_smear,places,train
data/guardrail/negatives/places/0055.jpg,not_smear,places,train
data/guardrail/negatives/places/0416.jpg,not_smear,places,train
data/guardrail/negatives/places/0443.jpg,not_smear,places,train
data/guardrail/negatives/places/0222.jpg,not_smear,places,train
data/guardrail/negatives/places/0174.jpg,not_smear,places,train
data/guardrail/negatives/places/0014.jpg,not_smear,places,train
data/guardrail/negatives/places/0627.jpg,not_smear,places,train
data/guardrail/negatives/places/0302.jpg,not_smear,places,train
data/guardrail/negatives/places/0134.jpg,not_smear,places,train
data/guardrail/negatives/places/0172.jpg,not_smear,places,train
data/guardrail/negatives/places/0597.jpg,not_smear,places,train
data/guardrail/negatives/places/0466.jpg,not_smear,places,train
data/guardrail/negatives/places/0600.jpg,not_smear,places,train
data/guardrail/negatives/places/0369.jpg,not_smear,places,train
data/guardrail/negatives/places/0016.jpg,not_smear,places,train
data/guardrail/negatives/places/0354.jpg,not_smear,places,train
data/guardrail/negatives/places/0451.jpg,not_smear,places,train
data/guardrail/negatives/places/0272.jpg,not_smear,places,train
data/guardrail/negatives/places/0445.jpg,not_smear,places,train
data/guardrail/negatives/places/0094.jpg,not_smear,places,train
data/guardrail/negatives/places/0458.jpg,not_smear,places,train
data/guardrail/negatives/places/0387.jpg,not_smear,places,train
data/guardrail/negatives/places/0114.jpg,not_smear,places,train
data/guardrail/negatives/places/0405.jpg,not_smear,places,train
data/guardrail/negatives/places/0381.jpg,not_smear,places,train
data/guardrail/negatives/places/0330.jpg,not_smear,places,train
data/guardrail/negatives/places/0195.jpg,not_smear,places,train
data/guardrail/negatives/places/0490.jpg,not_smear,places,train
data/guardrail/negatives/places/0596.jpg,not_smear,places,train
data/guardrail/negatives/places/0557.jpg,not_smear,places,train
data/guardrail/negatives/places/0618.jpg,not_smear,places,train
data/guardrail/negatives/places/0544.jpg,not_smear,places,train
data/guardrail/negatives/places/0524.jpg,not_smear,places,train
data/guardrail/negatives/places/0669.jpg,not_smear,places,train
data/guardrail/negatives/places/0153.jpg,not_smear,places,train
data/guardrail/negatives/places/0581.jpg,not_smear,places,train
data/guardrail/negatives/places/0503.jpg,not_smear,places,train
data/guardrail/negatives/places/0516.jpg,not_smear,places,train
data/guardrail/negatives/places/0566.jpg,not_smear,places,train
data/guardrail/negatives/places/0017.jpg,not_smear,places,train
data/guardrail/negatives/places/0255.jpg,not_smear,places,train
data/guardrail/negatives/places/0681.jpg,not_smear,places,train
data/guardrail/negatives/places/0528.jpg,not_smear,places,train
data/guardrail/negatives/places/0232.jpg,not_smear,places,train
data/guardrail/negatives/places/0477.jpg,not_smear,places,train
data/guardrail/negatives/places/0225.jpg,not_smear,places,train
data/guardrail/negatives/places/0548.jpg,not_smear,places,train
data/guardrail/negatives/places/0481.jpg,not_smear,places,train
data/guardrail/negatives/places/0554.jpg,not_smear,places,train
data/guardrail/negatives/places/0190.jpg,not_smear,places,train
data/guardrail/negatives/places/0611.jpg,not_smear,places,train
data/guardrail/negatives/places/0613.jpg,not_smear,places,train
data/guardrail/negatives/places/0664.jpg,not_smear,places,train
data/guardrail/negatives/places/0156.jpg,not_smear,places,train
data/guardrail/negatives/places/0429.jpg,not_smear,places,train
data/guardrail/negatives/places/0266.jpg,not_smear,places,train
data/guardrail/negatives/places/0441.jpg,not_smear,places,train
data/guardrail/negatives/places/0104.jpg,not_smear,places,train
data/guardrail/negatives/places/0040.jpg,not_smear,places,train
data/guardrail/negatives/places/0575.jpg,not_smear,places,train
data/guardrail/negatives/places/0248.jpg,not_smear,places,train
data/guardrail/negatives/places/0318.jpg,not_smear,places,train
data/guardrail/negatives/places/0422.jpg,not_smear,places,train
data/guardrail/negatives/places/0210.jpg,not_smear,places,train
data/guardrail/negatives/places/0499.jpg,not_smear,places,train
data/guardrail/negatives/places/0027.jpg,not_smear,places,train
data/guardrail/negatives/places/0526.jpg,not_smear,places,train
data/guardrail/negatives/places/0567.jpg,not_smear,places,train
data/guardrail/negatives/places/0277.jpg,not_smear,places,train
data/guardrail/negatives/places/0657.jpg,not_smear,places,train
data/guardrail/negatives/places/0163.jpg,not_smear,places,train
data/guardrail/negatives/places/0595.jpg,not_smear,places,train
data/guardrail/negatives/places/0654.jpg,not_smear,places,train
data/guardrail/negatives/places/0464.jpg,not_smear,places,train
data/guardrail/negatives/places/0334.jpg,not_smear,places,train
data/guardrail/negatives/places/0539.jpg,not_smear,places,train
data/guardrail/negatives/places/0453.jpg,not_smear,places,train
data/guardrail/negatives/places/0187.jpg,not_smear,places,train
data/guardrail/negatives/places/0154.jpg,not_smear,places,train
data/guardrail/negatives/places/0560.jpg,not_smear,places,train
data/guardrail/negatives/places/0227.jpg,not_smear,places,train
data/guardrail/negatives/places/0112.jpg,not_smear,places,train
data/guardrail/negatives/places/0182.jpg,not_smear,places,train
data/guardrail/negatives/places/0693.jpg,not_smear,places,train
data/guardrail/negatives/places/0361.jpg,not_smear,places,train
data/guardrail/negatives/places/0253.jpg,not_smear,places,train
data/guardrail/negatives/places/0105.jpg,not_smear,places,train
data/guardrail/negatives/places/0278.jpg,not_smear,places,train
data/guardrail/negatives/places/0128.jpg,not_smear,places,train
data/guardrail/negatives/places/0636.jpg,not_smear,places,train
data/guardrail/negatives/places/0411.jpg,not_smear,places,train
data/guardrail/negatives/places/0394.jpg,not_smear,places,train
data/guardrail/negatives/places/0062.jpg,not_smear,places,train
data/guardrail/negatives/places/0336.jpg,not_smear,places,train
data/guardrail/negatives/places/0488.jpg,not_smear,places,train
data/guardrail/negatives/places/0203.jpg,not_smear,places,train
data/guardrail/negatives/places/0644.jpg,not_smear,places,train
data/guardrail/negatives/places/0497.jpg,not_smear,places,train
data/guardrail/negatives/places/0149.jpg,not_smear,places,train
data/guardrail/negatives/places/0125.jpg,not_smear,places,train
data/guardrail/negatives/places/0335.jpg,not_smear,places,train
data/guardrail/negatives/places/0308.jpg,not_smear,places,train
data/guardrail/negatives/places/0476.jpg,not_smear,places,train
data/guardrail/negatives/places/0160.jpg,not_smear,places,train
data/guardrail/negatives/places/0022.jpg,not_smear,places,train
data/guardrail/negatives/places/0144.jpg,not_smear,places,train
data/guardrail/negatives/places/0092.jpg,not_smear,places,train
data/guardrail/negatives/places/0439.jpg,not_smear,places,train
data/guardrail/negatives/places/0446.jpg,not_smear,places,train
data/guardrail/negatives/places/0509.jpg,not_smear,places,train
data/guardrail/negatives/places/0039.jpg,not_smear,places,train
data/guardrail/negatives/places/0521.jpg,not_smear,places,train
data/guardrail/negatives/places/0127.jpg,not_smear,places,train
data/guardrail/negatives/places/0573.jpg,not_smear,places,train
data/guardrail/negatives/places/0007.jpg,not_smear,places,train
data/guardrail/negatives/places/0410.jpg,not_smear,places,train
data/guardrail/negatives/places/0543.jpg,not_smear,places,train
data/guardrail/negatives/places/0682.jpg,not_smear,places,train
data/guardrail/negatives/places/0274.jpg,not_smear,places,train
data/guardrail/negatives/places/0406.jpg,not_smear,places,train
data/guardrail/negatives/places/0501.jpg,not_smear,places,train
data/guardrail/negatives/places/0555.jpg,not_smear,places,train
data/guardrail/negatives/places/0382.jpg,not_smear,places,train
data/guardrail/negatives/places/0211.jpg,not_smear,places,train
data/guardrail/negatives/places/0665.jpg,not_smear,places,train
data/guardrail/negatives/places/0574.jpg,not_smear,places,train
data/guardrail/negatives/places/0301.jpg,not_smear,places,train
data/guardrail/negatives/places/0047.jpg,not_smear,places,train
data/guardrail/negatives/places/0118.jpg,not_smear,places,train
data/guardrail/negatives/places/0121.jpg,not_smear,places,train
data/guardrail/negatives/places/0029.jpg,not_smear,places,train
data/guardrail/negatives/places/0223.jpg,not_smear,places,train
data/guardrail/negatives/places/0175.jpg,not_smear,places,train
data/guardrail/negatives/places/0099.jpg,not_smear,places,train
data/guardrail/negatives/places/0180.jpg,not_smear,places,train
data/guardrail/negatives/places/0188.jpg,not_smear,places,train
data/guardrail/negatives/places/0315.jpg,not_smear,places,train
data/guardrail/negatives/places/0517.jpg,not_smear,places,train
data/guardrail/negatives/places/0224.jpg,not_smear,places,train
data/guardrail/negatives/places/0059.jpg,not_smear,places,train
data/guardrail/negatives/places/0070.jpg,not_smear,places,train
data/guardrail/negatives/places/0691.jpg,not_smear,places,train
data/guardrail/negatives/places/0218.jpg,not_smear,places,train
data/guardrail/negatives/places/0694.jpg,not_smear,places,train
data/guardrail/negatives/places/0492.jpg,not_smear,places,train
data/guardrail/negatives/places/0653.jpg,not_smear,places,train
data/guardrail/negatives/places/0628.jpg,not_smear,places,train
data/guardrail/negatives/places/0193.jpg,not_smear,places,train
data/guardrail/negatives/places/0392.jpg,not_smear,places,train
data/guardrail/negatives/places/0198.jpg,not_smear,places,train
data/guardrail/negatives/places/0026.jpg,not_smear,places,train
data/guardrail/negatives/places/0246.jpg,not_smear,places,train
data/guardrail/negatives/places/0489.jpg,not_smear,places,train
data/guardrail/negatives/places/0663.jpg,not_smear,places,train
data/guardrail/negatives/places/0377.jpg,not_smear,places,train
data/guardrail/negatives/places/0350.jpg,not_smear,places,train
data/guardrail/negatives/places/0349.jpg,not_smear,places,train
data/guardrail/negatives/places/0565.jpg,not_smear,places,train
data/guardrail/negatives/places/0440.jpg,not_smear,places,train
data/guardrail/negatives/places/0311.jpg,not_smear,places,train
data/guardrail/negatives/places/0273.jpg,not_smear,places,train
data/guardrail/negatives/places/0100.jpg,not_smear,places,train
data/guardrail/negatives/places/0415.jpg,not_smear,places,train
data/guardrail/negatives/places/0472.jpg,not_smear,places,train
data/guardrail/negatives/places/0396.jpg,not_smear,places,train
data/guardrail/negatives/places/0013.jpg,not_smear,places,train
data/guardrail/negatives/places/0692.jpg,not_smear,places,train
data/guardrail/negatives/places/0010.jpg,not_smear,places,train
data/guardrail/negatives/places/0116.jpg,not_smear,places,train
data/guardrail/negatives/places/0588.jpg,not_smear,places,train
data/guardrail/negatives/places/0685.jpg,not_smear,places,train
data/guardrail/negatives/places/0690.jpg,not_smear,places,train
data/guardrail/negatives/places/0651.jpg,not_smear,places,train
data/guardrail/negatives/places/0244.jpg,not_smear,places,train
data/guardrail/negatives/places/0220.jpg,not_smear,places,train
data/guardrail/negatives/places/0179.jpg,not_smear,places,train
data/guardrail/negatives/places/0332.jpg,not_smear,places,train
data/guardrail/negatives/places/0115.jpg,not_smear,places,train
data/guardrail/negatives/places/0259.jpg,not_smear,places,train
data/guardrail/negatives/places/0254.jpg,not_smear,places,train
data/guardrail/negatives/places/0500.jpg,not_smear,places,train
data/guardrail/negatives/places/0053.jpg,not_smear,places,train
data/guardrail/negatives/places/0021.jpg,not_smear,places,train
data/guardrail/negatives/places/0370.jpg,not_smear,places,train
data/guardrail/negatives/places/0138.jpg,not_smear,places,train
data/guardrail/negatives/places/0066.jpg,not_smear,places,train
data/guardrail/negatives/places/0484.jpg,not_smear,places,train
data/guardrail/negatives/places/0245.jpg,not_smear,places,train
data/guardrail/negatives/places/0282.jpg,not_smear,places,train
data/guardrail/negatives/places/0454.jpg,not_smear,places,val
data/guardrail/negatives/places/0041.jpg,not_smear,places,val
data/guardrail/negatives/places/0687.jpg,not_smear,places,val
data/guardrail/negatives/places/0313.jpg,not_smear,places,val
data/guardrail/negatives/places/0378.jpg,not_smear,places,val
data/guardrail/negatives/places/0306.jpg,not_smear,places,val
data/guardrail/negatives/places/0213.jpg,not_smear,places,val
data/guardrail/negatives/places/0486.jpg,not_smear,places,val
data/guardrail/negatives/places/0036.jpg,not_smear,places,val
data/guardrail/negatives/places/0177.jpg,not_smear,places,val
data/guardrail/negatives/places/0018.jpg,not_smear,places,val
data/guardrail/negatives/places/0626.jpg,not_smear,places,val
data/guardrail/negatives/places/0391.jpg,not_smear,places,val
data/guardrail/negatives/places/0427.jpg,not_smear,places,val
data/guardrail/negatives/places/0359.jpg,not_smear,places,val
data/guardrail/negatives/places/0312.jpg,not_smear,places,val
data/guardrail/negatives/places/0463.jpg,not_smear,places,val
data/guardrail/negatives/places/0288.jpg,not_smear,places,val
data/guardrail/negatives/places/0563.jpg,not_smear,places,val
data/guardrail/negatives/places/0412.jpg,not_smear,places,val
data/guardrail/negatives/places/0037.jpg,not_smear,places,val
data/guardrail/negatives/places/0505.jpg,not_smear,places,val
data/guardrail/negatives/places/0241.jpg,not_smear,places,val
data/guardrail/negatives/places/0608.jpg,not_smear,places,val
data/guardrail/negatives/places/0337.jpg,not_smear,places,val
data/guardrail/negatives/places/0209.jpg,not_smear,places,val
data/guardrail/negatives/places/0667.jpg,not_smear,places,val
data/guardrail/negatives/places/0060.jpg,not_smear,places,val
data/guardrail/negatives/places/0342.jpg,not_smear,places,val
data/guardrail/negatives/places/0205.jpg,not_smear,places,val
data/guardrail/negatives/places/0267.jpg,not_smear,places,val
data/guardrail/negatives/places/0431.jpg,not_smear,places,val
data/guardrail/negatives/places/0346.jpg,not_smear,places,val
data/guardrail/negatives/places/0033.jpg,not_smear,places,val
data/guardrail/negatives/places/0601.jpg,not_smear,places,val
data/guardrail/negatives/places/0269.jpg,not_smear,places,val
data/guardrail/negatives/places/0482.jpg,not_smear,places,val
data/guardrail/negatives/places/0113.jpg,not_smear,places,val
data/guardrail/negatives/places/0058.jpg,not_smear,places,val
data/guardrail/negatives/places/0408.jpg,not_smear,places,val
data/guardrail/negatives/places/0319.jpg,not_smear,places,val
data/guardrail/negatives/places/0562.jpg,not_smear,places,val
data/guardrail/negatives/places/0530.jpg,not_smear,places,val
data/guardrail/negatives/places/0247.jpg,not_smear,places,val
data/guardrail/negatives/places/0076.jpg,not_smear,places,val
data/guardrail/negatives/places/0294.jpg,not_smear,places,val
data/guardrail/negatives/places/0161.jpg,not_smear,places,val
data/guardrail/negatives/places/0625.jpg,not_smear,places,val
data/guardrail/negatives/places/0661.jpg,not_smear,places,val
data/guardrail/negatives/places/0655.jpg,not_smear,places,val
data/guardrail/negatives/places/0257.jpg,not_smear,places,val
data/guardrail/negatives/places/0698.jpg,not_smear,places,val
data/guardrail/negatives/places/0229.jpg,not_smear,places,val
data/guardrail/negatives/places/0023.jpg,not_smear,places,val
data/guardrail/negatives/places/0338.jpg,not_smear,places,val
data/guardrail/negatives/places/0052.jpg,not_smear,places,val
data/guardrail/negatives/places/0236.jpg,not_smear,places,val
data/guardrail/negatives/places/0510.jpg,not_smear,places,val
data/guardrail/negatives/places/0120.jpg,not_smear,places,val
data/guardrail/negatives/places/0103.jpg,not_smear,places,val
data/guardrail/negatives/places/0305.jpg,not_smear,places,val
data/guardrail/negatives/places/0529.jpg,not_smear,places,val
data/guardrail/negatives/places/0130.jpg,not_smear,places,val
data/guardrail/negatives/places/0080.jpg,not_smear,places,val
data/guardrail/negatives/places/0072.jpg,not_smear,places,val
data/guardrail/negatives/places/0640.jpg,not_smear,places,val
data/guardrail/negatives/places/0437.jpg,not_smear,places,val
data/guardrail/negatives/places/0449.jpg,not_smear,places,val
data/guardrail/negatives/places/0068.jpg,not_smear,places,val
data/guardrail/negatives/places/0141.jpg,not_smear,places,val
data/guardrail/negatives/places/0365.jpg,not_smear,places,val
data/guardrail/negatives/places/0650.jpg,not_smear,places,val
data/guardrail/negatives/places/0673.jpg,not_smear,places,val
data/guardrail/negatives/places/0485.jpg,not_smear,places,val
data/guardrail/negatives/places/0212.jpg,not_smear,places,val
data/guardrail/negatives/places/0194.jpg,not_smear,places,val
data/guardrail/negatives/places/0508.jpg,not_smear,places,val
data/guardrail/negatives/places/0540.jpg,not_smear,places,val
data/guardrail/negatives/places/0189.jpg,not_smear,places,val
data/guardrail/negatives/places/0348.jpg,not_smear,places,val
data/guardrail/negatives/places/0073.jpg,not_smear,places,val
data/guardrail/negatives/places/0559.jpg,not_smear,places,val
data/guardrail/negatives/places/0417.jpg,not_smear,places,val
data/guardrail/negatives/places/0368.jpg,not_smear,places,val
data/guardrail/negatives/places/0005.jpg,not_smear,places,val
data/guardrail/negatives/places/0646.jpg,not_smear,places,val
data/guardrail/negatives/places/0674.jpg,not_smear,places,val
data/guardrail/negatives/places/0208.jpg,not_smear,places,val
data/guardrail/negatives/places/0638.jpg,not_smear,places,val
data/guardrail/negatives/places/0024.jpg,not_smear,places,val
data/guardrail/negatives/places/0088.jpg,not_smear,places,val
data/guardrail/negatives/places/0196.jpg,not_smear,places,val
data/guardrail/negatives/places/0541.jpg,not_smear,places,val
data/guardrail/negatives/places/0444.jpg,not_smear,places,val
data/guardrail/negatives/places/0165.jpg,not_smear,places,val
data/guardrail/negatives/places/0206.jpg,not_smear,places,val
data/guardrail/negatives/places/0230.jpg,not_smear,places,val
data/guardrail/negatives/places/0292.jpg,not_smear,places,val
data/guardrail/negatives/places/0448.jpg,not_smear,places,val
data/guardrail/negatives/places/0502.jpg,not_smear,places,val
data/guardrail/negatives/places/0258.jpg,not_smear,places,val
data/guardrail/negatives/places/0200.jpg,not_smear,places,val
data/guardrail/negatives/places/0204.jpg,not_smear,places,val
data/guardrail/negatives/places/0569.jpg,not_smear,places,val
data/guardrail/negatives/places/0587.jpg,not_smear,places,val
data/guardrail/negatives/places/0136.jpg,not_smear,places,test
data/guardrail/negatives/places/0386.jpg,not_smear,places,test
data/guardrail/negatives/places/0460.jpg,not_smear,places,test
data/guardrail/negatives/places/0110.jpg,not_smear,places,test
data/guardrail/negatives/places/0328.jpg,not_smear,places,test
data/guardrail/negatives/places/0612.jpg,not_smear,places,test
data/guardrail/negatives/places/0623.jpg,not_smear,places,test
data/guardrail/negatives/places/0383.jpg,not_smear,places,test
data/guardrail/negatives/places/0452.jpg,not_smear,places,test
data/guardrail/negatives/places/0074.jpg,not_smear,places,test
data/guardrail/negatives/places/0038.jpg,not_smear,places,test
data/guardrail/negatives/places/0117.jpg,not_smear,places,test
data/guardrail/negatives/places/0256.jpg,not_smear,places,test
data/guardrail/negatives/places/0063.jpg,not_smear,places,test
data/guardrail/negatives/places/0065.jpg,not_smear,places,test
data/guardrail/negatives/places/0430.jpg,not_smear,places,test
data/guardrail/negatives/places/0393.jpg,not_smear,places,test
data/guardrail/negatives/places/0652.jpg,not_smear,places,test
data/guardrail/negatives/places/0107.jpg,not_smear,places,test
data/guardrail/negatives/places/0242.jpg,not_smear,places,test
data/guardrail/negatives/places/0621.jpg,not_smear,places,test
data/guardrail/negatives/places/0631.jpg,not_smear,places,test
data/guardrail/negatives/places/0487.jpg,not_smear,places,test
data/guardrail/negatives/places/0511.jpg,not_smear,places,test
data/guardrail/negatives/places/0108.jpg,not_smear,places,test
data/guardrail/negatives/places/0098.jpg,not_smear,places,test
data/guardrail/negatives/places/0237.jpg,not_smear,places,test
data/guardrail/negatives/places/0662.jpg,not_smear,places,test
data/guardrail/negatives/places/0030.jpg,not_smear,places,test
data/guardrail/negatives/places/0046.jpg,not_smear,places,test
data/guardrail/negatives/places/0642.jpg,not_smear,places,test
data/guardrail/negatives/places/0413.jpg,not_smear,places,test
data/guardrail/negatives/places/0598.jpg,not_smear,places,test
data/guardrail/negatives/places/0356.jpg,not_smear,places,test
data/guardrail/negatives/places/0676.jpg,not_smear,places,test
data/guardrail/negatives/places/0695.jpg,not_smear,places,test
data/guardrail/negatives/places/0331.jpg,not_smear,places,test
data/guardrail/negatives/places/0132.jpg,not_smear,places,test
data/guardrail/negatives/places/0265.jpg,not_smear,places,test
data/guardrail/negatives/places/0538.jpg,not_smear,places,test
data/guardrail/negatives/places/0519.jpg,not_smear,places,test
data/guardrail/negatives/places/0589.jpg,not_smear,places,test
data/guardrail/negatives/places/0184.jpg,not_smear,places,test
data/guardrail/negatives/places/0620.jpg,not_smear,places,test
data/guardrail/negatives/places/0483.jpg,not_smear,places,test
data/guardrail/negatives/places/0385.jpg,not_smear,places,test
data/guardrail/negatives/places/0495.jpg,not_smear,places,test
data/guardrail/negatives/places/0069.jpg,not_smear,places,test
data/guardrail/negatives/places/0403.jpg,not_smear,places,test
data/guardrail/negatives/places/0675.jpg,not_smear,places,test
data/guardrail/negatives/places/0285.jpg,not_smear,places,test
data/guardrail/negatives/places/0143.jpg,not_smear,places,test
data/guardrail/negatives/places/0470.jpg,not_smear,places,test
data/guardrail/negatives/places/0347.jpg,not_smear,places,test
data/guardrail/negatives/places/0576.jpg,not_smear,places,test
data/guardrail/negatives/places/0360.jpg,not_smear,places,test
data/guardrail/negatives/places/0155.jpg,not_smear,places,test
data/guardrail/negatives/places/0178.jpg,not_smear,places,test
data/guardrail/negatives/places/0064.jpg,not_smear,places,test
data/guardrail/negatives/places/0525.jpg,not_smear,places,test
data/guardrail/negatives/places/0399.jpg,not_smear,places,test
data/guardrail/negatives/places/0537.jpg,not_smear,places,test
data/guardrail/negatives/places/0357.jpg,not_smear,places,test
data/guardrail/negatives/places/0215.jpg,not_smear,places,test
data/guardrail/negatives/places/0515.jpg,not_smear,places,test
data/guardrail/negatives/places/0512.jpg,not_smear,places,test
data/guardrail/negatives/places/0366.jpg,not_smear,places,test
data/guardrail/negatives/places/0162.jpg,not_smear,places,test
data/guardrail/negatives/places/0009.jpg,not_smear,places,test
data/guardrail/negatives/places/0283.jpg,not_smear,places,test
data/guardrail/negatives/places/0469.jpg,not_smear,places,test
data/guardrail/negatives/places/0479.jpg,not_smear,places,test
data/guardrail/negatives/places/0142.jpg,not_smear,places,test
data/guardrail/negatives/places/0363.jpg,not_smear,places,test
data/guardrail/negatives/places/0043.jpg,not_smear,places,test
data/guardrail/negatives/places/0455.jpg,not_smear,places,test
data/guardrail/negatives/places/0634.jpg,not_smear,places,test
data/guardrail/negatives/places/0666.jpg,not_smear,places,test
data/guardrail/negatives/places/0660.jpg,not_smear,places,test
data/guardrail/negatives/places/0034.jpg,not_smear,places,test
data/guardrail/negatives/places/0310.jpg,not_smear,places,test
data/guardrail/negatives/places/0594.jpg,not_smear,places,test
data/guardrail/negatives/places/0011.jpg,not_smear,places,test
data/guardrail/negatives/places/0398.jpg,not_smear,places,test
data/guardrail/negatives/places/0577.jpg,not_smear,places,test
data/guardrail/negatives/places/0123.jpg,not_smear,places,test
data/guardrail/negatives/places/0468.jpg,not_smear,places,test
data/guardrail/negatives/places/0290.jpg,not_smear,places,test
data/guardrail/negatives/places/0028.jpg,not_smear,places,test
data/guardrail/negatives/places/0151.jpg,not_smear,places,test
data/guardrail/negatives/places/0435.jpg,not_smear,places,test
data/guardrail/negatives/places/0426.jpg,not_smear,places,test
data/guardrail/negatives/places/0475.jpg,not_smear,places,test
data/guardrail/negatives/places/0109.jpg,not_smear,places,test
data/guardrail/negatives/places/0395.jpg,not_smear,places,test
data/guardrail/negatives/places/0400.jpg,not_smear,places,test
data/guardrail/negatives/places/0281.jpg,not_smear,places,test
data/guardrail/negatives/places/0697.jpg,not_smear,places,test
data/guardrail/negatives/places/0376.jpg,not_smear,places,test
data/guardrail/negatives/places/0504.jpg,not_smear,places,test
data/guardrail/negatives/places/0602.jpg,not_smear,places,test
data/guardrail/negatives/places/0102.jpg,not_smear,places,test
data/guardrail/negatives/places/0683.jpg,not_smear,places,test
data/guardrail/negatives/places/0699.jpg,not_smear,places,test
data/guardrail/negatives/places/0296.jpg,not_smear,places,test
data/guardrail/negatives/screenshots/0335.jpg,not_smear,screenshots,train
data/guardrail/negatives/screenshots/0212.jpg,not_smear,screenshots,train
data/guardrail/negatives/screenshots/0043.jpg,not_smear,screenshots,train
data/guardrail/negatives/screenshots/0027.jpg,not_smear,screenshots,train
data/guardrail/negatives/screenshots/0354.jpg,not_smear,screenshots,train
data/guardrail/negatives/screenshots/0295.jpg,not_smear,screenshots,train
data/guardrail/negatives/screenshots/0159.jpg,not_smear,screenshots,train
data/guardrail/negatives/screenshots/0164.jpg,not_smear,screenshots,train
data/guardrail/negatives/screenshots/0355.jpg,not_smear,screenshots,train
data/guardrail/negatives/screenshots/0320.jpg,not_smear,screenshots,train
data/guardrail/negatives/screenshots/0333.jpg,not_smear,screenshots,train
data/guardrail/negatives/screenshots/0296.jpg,not_smear,screenshots,train
data/guardrail/negatives/screenshots/0289.jpg,not_smear,screenshots,train
data/guardrail/negatives/screenshots/0098.jpg,not_smear,screenshots,train
data/guardrail/negatives/screenshots/0158.jpg,not_smear,screenshots,train
data/guardrail/negatives/screenshots/0234.jpg,not_smear,screenshots,train
data/guardrail/negatives/screenshots/0179.jpg,not_smear,screenshots,train
data/guardrail/negatives/screenshots/0308.jpg,not_smear,screenshots,train
data/guardrail/negatives/screenshots/0210.jpg,not_smear,screenshots,train
data/guardrail/negatives/screenshots/0079.jpg,not_smear,screenshots,train
data/guardrail/negatives/screenshots/0237.jpg,not_smear,screenshots,train
data/guardrail/negatives/screenshots/0291.jpg,not_smear,screenshots,train
data/guardrail/negatives/screenshots/0388.jpg,not_smear,screenshots,train
data/guardrail/negatives/screenshots/0121.jpg,not_smear,screenshots,train
data/guardrail/negatives/screenshots/0329.jpg,not_smear,screenshots,train
data/guardrail/negatives/screenshots/0261.jpg,not_smear,screenshots,train
data/guardrail/negatives/screenshots/0201.jpg,not_smear,screenshots,train
data/guardrail/negatives/screenshots/0353.jpg,not_smear,screenshots,train
data/guardrail/negatives/screenshots/0022.jpg,not_smear,screenshots,train
data/guardrail/negatives/screenshots/0076.jpg,not_smear,screenshots,train
data/guardrail/negatives/screenshots/0385.jpg,not_smear,screenshots,train
data/guardrail/negatives/screenshots/0238.jpg,not_smear,screenshots,train
data/guardrail/negatives/screenshots/0115.jpg,not_smear,screenshots,train
data/guardrail/negatives/screenshots/0287.jpg,not_smear,screenshots,train
data/guardrail/negatives/screenshots/0314.jpg,not_smear,screenshots,train
data/guardrail/negatives/screenshots/0263.jpg,not_smear,screenshots,train
data/guardrail/negatives/screenshots/0017.jpg,not_smear,screenshots,train
data/guardrail/negatives/screenshots/0000.jpg,not_smear,screenshots,train
data/guardrail/negatives/screenshots/0243.jpg,not_smear,screenshots,train
data/guardrail/negatives/screenshots/0110.jpg,not_smear,screenshots,train
data/guardrail/negatives/screenshots/0239.jpg,not_smear,screenshots,train
data/guardrail/negatives/screenshots/0356.jpg,not_smear,screenshots,train
data/guardrail/negatives/screenshots/0204.jpg,not_smear,screenshots,train
data/guardrail/negatives/screenshots/0255.jpg,not_smear,screenshots,train
data/guardrail/negatives/screenshots/0213.jpg,not_smear,screenshots,train
data/guardrail/negatives/screenshots/0133.jpg,not_smear,screenshots,train
data/guardrail/negatives/screenshots/0283.jpg,not_smear,screenshots,train
data/guardrail/negatives/screenshots/0176.jpg,not_smear,screenshots,train
data/guardrail/negatives/screenshots/0270.jpg,not_smear,screenshots,train
data/guardrail/negatives/screenshots/0119.jpg,not_smear,screenshots,train
data/guardrail/negatives/screenshots/0358.jpg,not_smear,screenshots,train
data/guardrail/negatives/screenshots/0087.jpg,not_smear,screenshots,train
data/guardrail/negatives/screenshots/0322.jpg,not_smear,screenshots,train
data/guardrail/negatives/screenshots/0046.jpg,not_smear,screenshots,train
data/guardrail/negatives/screenshots/0193.jpg,not_smear,screenshots,train
data/guardrail/negatives/screenshots/0030.jpg,not_smear,screenshots,train
data/guardrail/negatives/screenshots/0345.jpg,not_smear,screenshots,train
data/guardrail/negatives/screenshots/0357.jpg,not_smear,screenshots,train
data/guardrail/negatives/screenshots/0389.jpg,not_smear,screenshots,train
data/guardrail/negatives/screenshots/0155.jpg,not_smear,screenshots,train
data/guardrail/negatives/screenshots/0131.jpg,not_smear,screenshots,train
data/guardrail/negatives/screenshots/0223.jpg,not_smear,screenshots,train
data/guardrail/negatives/screenshots/0116.jpg,not_smear,screenshots,train
data/guardrail/negatives/screenshots/0062.jpg,not_smear,screenshots,train
data/guardrail/negatives/screenshots/0152.jpg,not_smear,screenshots,train
data/guardrail/negatives/screenshots/0236.jpg,not_smear,screenshots,train
data/guardrail/negatives/screenshots/0278.jpg,not_smear,screenshots,train
data/guardrail/negatives/screenshots/0148.jpg,not_smear,screenshots,train
data/guardrail/negatives/screenshots/0173.jpg,not_smear,screenshots,train
data/guardrail/negatives/screenshots/0397.jpg,not_smear,screenshots,train
data/guardrail/negatives/screenshots/0117.jpg,not_smear,screenshots,train
data/guardrail/negatives/screenshots/0226.jpg,not_smear,screenshots,train
data/guardrail/negatives/screenshots/0093.jpg,not_smear,screenshots,train
data/guardrail/negatives/screenshots/0199.jpg,not_smear,screenshots,train
data/guardrail/negatives/screenshots/0324.jpg,not_smear,screenshots,train
data/guardrail/negatives/screenshots/0375.jpg,not_smear,screenshots,train
data/guardrail/negatives/screenshots/0317.jpg,not_smear,screenshots,train
data/guardrail/negatives/screenshots/0395.jpg,not_smear,screenshots,train
data/guardrail/negatives/screenshots/0103.jpg,not_smear,screenshots,train
data/guardrail/negatives/screenshots/0267.jpg,not_smear,screenshots,train
data/guardrail/negatives/screenshots/0319.jpg,not_smear,screenshots,train
data/guardrail/negatives/screenshots/0209.jpg,not_smear,screenshots,train
data/guardrail/negatives/screenshots/0301.jpg,not_smear,screenshots,train
data/guardrail/negatives/screenshots/0047.jpg,not_smear,screenshots,train
data/guardrail/negatives/screenshots/0122.jpg,not_smear,screenshots,train
data/guardrail/negatives/screenshots/0331.jpg,not_smear,screenshots,train
data/guardrail/negatives/screenshots/0111.jpg,not_smear,screenshots,train
data/guardrail/negatives/screenshots/0241.jpg,not_smear,screenshots,train
data/guardrail/negatives/screenshots/0139.jpg,not_smear,screenshots,train
data/guardrail/negatives/screenshots/0342.jpg,not_smear,screenshots,train
data/guardrail/negatives/screenshots/0208.jpg,not_smear,screenshots,train
data/guardrail/negatives/screenshots/0089.jpg,not_smear,screenshots,train
data/guardrail/negatives/screenshots/0036.jpg,not_smear,screenshots,train
data/guardrail/negatives/screenshots/0338.jpg,not_smear,screenshots,train
data/guardrail/negatives/screenshots/0253.jpg,not_smear,screenshots,train
data/guardrail/negatives/screenshots/0071.jpg,not_smear,screenshots,train
data/guardrail/negatives/screenshots/0279.jpg,not_smear,screenshots,train
data/guardrail/negatives/screenshots/0304.jpg,not_smear,screenshots,train
data/guardrail/negatives/screenshots/0202.jpg,not_smear,screenshots,train
data/guardrail/negatives/screenshots/0242.jpg,not_smear,screenshots,train
data/guardrail/negatives/screenshots/0318.jpg,not_smear,screenshots,train
data/guardrail/negatives/screenshots/0048.jpg,not_smear,screenshots,train
data/guardrail/negatives/screenshots/0233.jpg,not_smear,screenshots,train
data/guardrail/negatives/screenshots/0393.jpg,not_smear,screenshots,train
data/guardrail/negatives/screenshots/0083.jpg,not_smear,screenshots,train
data/guardrail/negatives/screenshots/0136.jpg,not_smear,screenshots,train
data/guardrail/negatives/screenshots/0257.jpg,not_smear,screenshots,train
data/guardrail/negatives/screenshots/0025.jpg,not_smear,screenshots,train
data/guardrail/negatives/screenshots/0288.jpg,not_smear,screenshots,train
data/guardrail/negatives/screenshots/0035.jpg,not_smear,screenshots,train
data/guardrail/negatives/screenshots/0127.jpg,not_smear,screenshots,train
data/guardrail/negatives/screenshots/0002.jpg,not_smear,screenshots,train
data/guardrail/negatives/screenshots/0203.jpg,not_smear,screenshots,train
data/guardrail/negatives/screenshots/0065.jpg,not_smear,screenshots,train
data/guardrail/negatives/screenshots/0368.jpg,not_smear,screenshots,train
data/guardrail/negatives/screenshots/0396.jpg,not_smear,screenshots,train
data/guardrail/negatives/screenshots/0305.jpg,not_smear,screenshots,train
data/guardrail/negatives/screenshots/0039.jpg,not_smear,screenshots,train
data/guardrail/negatives/screenshots/0290.jpg,not_smear,screenshots,train
data/guardrail/negatives/screenshots/0380.jpg,not_smear,screenshots,train
data/guardrail/negatives/screenshots/0130.jpg,not_smear,screenshots,train
data/guardrail/negatives/screenshots/0024.jpg,not_smear,screenshots,train
data/guardrail/negatives/screenshots/0269.jpg,not_smear,screenshots,train
data/guardrail/negatives/screenshots/0150.jpg,not_smear,screenshots,train
data/guardrail/negatives/screenshots/0075.jpg,not_smear,screenshots,train
data/guardrail/negatives/screenshots/0094.jpg,not_smear,screenshots,train
data/guardrail/negatives/screenshots/0174.jpg,not_smear,screenshots,train
data/guardrail/negatives/screenshots/0326.jpg,not_smear,screenshots,train
data/guardrail/negatives/screenshots/0190.jpg,not_smear,screenshots,train
data/guardrail/negatives/screenshots/0187.jpg,not_smear,screenshots,train
data/guardrail/negatives/screenshots/0284.jpg,not_smear,screenshots,train
data/guardrail/negatives/screenshots/0229.jpg,not_smear,screenshots,train
data/guardrail/negatives/screenshots/0309.jpg,not_smear,screenshots,train
data/guardrail/negatives/screenshots/0361.jpg,not_smear,screenshots,train
data/guardrail/negatives/screenshots/0392.jpg,not_smear,screenshots,train
data/guardrail/negatives/screenshots/0391.jpg,not_smear,screenshots,train
data/guardrail/negatives/screenshots/0188.jpg,not_smear,screenshots,train
data/guardrail/negatives/screenshots/0211.jpg,not_smear,screenshots,train
data/guardrail/negatives/screenshots/0096.jpg,not_smear,screenshots,train
data/guardrail/negatives/screenshots/0031.jpg,not_smear,screenshots,train
data/guardrail/negatives/screenshots/0069.jpg,not_smear,screenshots,train
data/guardrail/negatives/screenshots/0008.jpg,not_smear,screenshots,train
data/guardrail/negatives/screenshots/0191.jpg,not_smear,screenshots,train
data/guardrail/negatives/screenshots/0398.jpg,not_smear,screenshots,train
data/guardrail/negatives/screenshots/0006.jpg,not_smear,screenshots,train
data/guardrail/negatives/screenshots/0299.jpg,not_smear,screenshots,train
data/guardrail/negatives/screenshots/0364.jpg,not_smear,screenshots,train
data/guardrail/negatives/screenshots/0168.jpg,not_smear,screenshots,train
data/guardrail/negatives/screenshots/0010.jpg,not_smear,screenshots,train
data/guardrail/negatives/screenshots/0360.jpg,not_smear,screenshots,train
data/guardrail/negatives/screenshots/0258.jpg,not_smear,screenshots,train
data/guardrail/negatives/screenshots/0128.jpg,not_smear,screenshots,train
data/guardrail/negatives/screenshots/0026.jpg,not_smear,screenshots,train
data/guardrail/negatives/screenshots/0280.jpg,not_smear,screenshots,train
data/guardrail/negatives/screenshots/0183.jpg,not_smear,screenshots,train
data/guardrail/negatives/screenshots/0009.jpg,not_smear,screenshots,train
data/guardrail/negatives/screenshots/0352.jpg,not_smear,screenshots,train
data/guardrail/negatives/screenshots/0063.jpg,not_smear,screenshots,train
data/guardrail/negatives/screenshots/0381.jpg,not_smear,screenshots,train
data/guardrail/negatives/screenshots/0323.jpg,not_smear,screenshots,train
data/guardrail/negatives/screenshots/0216.jpg,not_smear,screenshots,train
data/guardrail/negatives/screenshots/0349.jpg,not_smear,screenshots,train
data/guardrail/negatives/screenshots/0297.jpg,not_smear,screenshots,train
data/guardrail/negatives/screenshots/0041.jpg,not_smear,screenshots,train
data/guardrail/negatives/screenshots/0231.jpg,not_smear,screenshots,train
data/guardrail/negatives/screenshots/0058.jpg,not_smear,screenshots,train
data/guardrail/negatives/screenshots/0313.jpg,not_smear,screenshots,train
data/guardrail/negatives/screenshots/0170.jpg,not_smear,screenshots,train
data/guardrail/negatives/screenshots/0328.jpg,not_smear,screenshots,train
data/guardrail/negatives/screenshots/0382.jpg,not_smear,screenshots,train
data/guardrail/negatives/screenshots/0195.jpg,not_smear,screenshots,train
data/guardrail/negatives/screenshots/0274.jpg,not_smear,screenshots,train
data/guardrail/negatives/screenshots/0053.jpg,not_smear,screenshots,train
data/guardrail/negatives/screenshots/0370.jpg,not_smear,screenshots,train
data/guardrail/negatives/screenshots/0012.jpg,not_smear,screenshots,train
data/guardrail/negatives/screenshots/0325.jpg,not_smear,screenshots,train
data/guardrail/negatives/screenshots/0016.jpg,not_smear,screenshots,train
data/guardrail/negatives/screenshots/0321.jpg,not_smear,screenshots,train
data/guardrail/negatives/screenshots/0090.jpg,not_smear,screenshots,train
data/guardrail/negatives/screenshots/0085.jpg,not_smear,screenshots,train
data/guardrail/negatives/screenshots/0245.jpg,not_smear,screenshots,train
data/guardrail/negatives/screenshots/0023.jpg,not_smear,screenshots,train
data/guardrail/negatives/screenshots/0311.jpg,not_smear,screenshots,train
data/guardrail/negatives/screenshots/0185.jpg,not_smear,screenshots,train
data/guardrail/negatives/screenshots/0184.jpg,not_smear,screenshots,train
data/guardrail/negatives/screenshots/0005.jpg,not_smear,screenshots,train
data/guardrail/negatives/screenshots/0138.jpg,not_smear,screenshots,train
data/guardrail/negatives/screenshots/0154.jpg,not_smear,screenshots,train
data/guardrail/negatives/screenshots/0033.jpg,not_smear,screenshots,train
data/guardrail/negatives/screenshots/0379.jpg,not_smear,screenshots,train
data/guardrail/negatives/screenshots/0156.jpg,not_smear,screenshots,train
data/guardrail/negatives/screenshots/0157.jpg,not_smear,screenshots,train
data/guardrail/negatives/screenshots/0028.jpg,not_smear,screenshots,train
data/guardrail/negatives/screenshots/0383.jpg,not_smear,screenshots,train
data/guardrail/negatives/screenshots/0052.jpg,not_smear,screenshots,train
data/guardrail/negatives/screenshots/0137.jpg,not_smear,screenshots,train
data/guardrail/negatives/screenshots/0042.jpg,not_smear,screenshots,train
data/guardrail/negatives/screenshots/0399.jpg,not_smear,screenshots,train
data/guardrail/negatives/screenshots/0205.jpg,not_smear,screenshots,train
data/guardrail/negatives/screenshots/0390.jpg,not_smear,screenshots,train
data/guardrail/negatives/screenshots/0373.jpg,not_smear,screenshots,train
data/guardrail/negatives/screenshots/0078.jpg,not_smear,screenshots,train
data/guardrail/negatives/screenshots/0011.jpg,not_smear,screenshots,train
data/guardrail/negatives/screenshots/0312.jpg,not_smear,screenshots,train
data/guardrail/negatives/screenshots/0359.jpg,not_smear,screenshots,train
data/guardrail/negatives/screenshots/0339.jpg,not_smear,screenshots,train
data/guardrail/negatives/screenshots/0186.jpg,not_smear,screenshots,train
data/guardrail/negatives/screenshots/0124.jpg,not_smear,screenshots,train
data/guardrail/negatives/screenshots/0230.jpg,not_smear,screenshots,train
data/guardrail/negatives/screenshots/0350.jpg,not_smear,screenshots,train
data/guardrail/negatives/screenshots/0219.jpg,not_smear,screenshots,train
data/guardrail/negatives/screenshots/0102.jpg,not_smear,screenshots,train
data/guardrail/negatives/screenshots/0108.jpg,not_smear,screenshots,train
data/guardrail/negatives/screenshots/0327.jpg,not_smear,screenshots,train
data/guardrail/negatives/screenshots/0207.jpg,not_smear,screenshots,train
data/guardrail/negatives/screenshots/0302.jpg,not_smear,screenshots,train
data/guardrail/negatives/screenshots/0235.jpg,not_smear,screenshots,train
data/guardrail/negatives/screenshots/0286.jpg,not_smear,screenshots,train
data/guardrail/negatives/screenshots/0172.jpg,not_smear,screenshots,train
data/guardrail/negatives/screenshots/0066.jpg,not_smear,screenshots,train
data/guardrail/negatives/screenshots/0082.jpg,not_smear,screenshots,train
data/guardrail/negatives/screenshots/0197.jpg,not_smear,screenshots,train
data/guardrail/negatives/screenshots/0143.jpg,not_smear,screenshots,train
data/guardrail/negatives/screenshots/0015.jpg,not_smear,screenshots,train
data/guardrail/negatives/screenshots/0348.jpg,not_smear,screenshots,train
data/guardrail/negatives/screenshots/0268.jpg,not_smear,screenshots,train
data/guardrail/negatives/screenshots/0256.jpg,not_smear,screenshots,train
data/guardrail/negatives/screenshots/0337.jpg,not_smear,screenshots,train
data/guardrail/negatives/screenshots/0055.jpg,not_smear,screenshots,train
data/guardrail/negatives/screenshots/0129.jpg,not_smear,screenshots,train
data/guardrail/negatives/screenshots/0068.jpg,not_smear,screenshots,train
data/guardrail/negatives/screenshots/0074.jpg,not_smear,screenshots,train
data/guardrail/negatives/screenshots/0007.jpg,not_smear,screenshots,train
data/guardrail/negatives/screenshots/0378.jpg,not_smear,screenshots,train
data/guardrail/negatives/screenshots/0175.jpg,not_smear,screenshots,train
data/guardrail/negatives/screenshots/0362.jpg,not_smear,screenshots,train
data/guardrail/negatives/screenshots/0273.jpg,not_smear,screenshots,train
data/guardrail/negatives/screenshots/0307.jpg,not_smear,screenshots,train
data/guardrail/negatives/screenshots/0384.jpg,not_smear,screenshots,train
data/guardrail/negatives/screenshots/0206.jpg,not_smear,screenshots,train
data/guardrail/negatives/screenshots/0215.jpg,not_smear,screenshots,train
data/guardrail/negatives/screenshots/0123.jpg,not_smear,screenshots,train
data/guardrail/negatives/screenshots/0225.jpg,not_smear,screenshots,train
data/guardrail/negatives/screenshots/0198.jpg,not_smear,screenshots,train
data/guardrail/negatives/screenshots/0032.jpg,not_smear,screenshots,train
data/guardrail/negatives/screenshots/0180.jpg,not_smear,screenshots,train
data/guardrail/negatives/screenshots/0293.jpg,not_smear,screenshots,train
data/guardrail/negatives/screenshots/0277.jpg,not_smear,screenshots,train
data/guardrail/negatives/screenshots/0088.jpg,not_smear,screenshots,train
data/guardrail/negatives/screenshots/0029.jpg,not_smear,screenshots,train
data/guardrail/negatives/screenshots/0169.jpg,not_smear,screenshots,train
data/guardrail/negatives/screenshots/0081.jpg,not_smear,screenshots,train
data/guardrail/negatives/screenshots/0244.jpg,not_smear,screenshots,train
data/guardrail/negatives/screenshots/0272.jpg,not_smear,screenshots,train
data/guardrail/negatives/screenshots/0346.jpg,not_smear,screenshots,train
data/guardrail/negatives/screenshots/0330.jpg,not_smear,screenshots,train
data/guardrail/negatives/screenshots/0217.jpg,not_smear,screenshots,train
data/guardrail/negatives/screenshots/0126.jpg,not_smear,screenshots,train
data/guardrail/negatives/screenshots/0166.jpg,not_smear,screenshots,train
data/guardrail/negatives/screenshots/0228.jpg,not_smear,screenshots,train
data/guardrail/negatives/screenshots/0281.jpg,not_smear,screenshots,train
data/guardrail/negatives/screenshots/0371.jpg,not_smear,screenshots,train
data/guardrail/negatives/screenshots/0057.jpg,not_smear,screenshots,train
data/guardrail/negatives/screenshots/0303.jpg,not_smear,screenshots,train
data/guardrail/negatives/screenshots/0363.jpg,not_smear,screenshots,train
data/guardrail/negatives/screenshots/0340.jpg,not_smear,screenshots,train
data/guardrail/negatives/screenshots/0246.jpg,not_smear,screenshots,train
data/guardrail/negatives/screenshots/0182.jpg,not_smear,screenshots,train
data/guardrail/negatives/screenshots/0200.jpg,not_smear,screenshots,train
data/guardrail/negatives/screenshots/0351.jpg,not_smear,screenshots,train
data/guardrail/negatives/screenshots/0298.jpg,not_smear,screenshots,train
data/guardrail/negatives/screenshots/0149.jpg,not_smear,screenshots,train
data/guardrail/negatives/screenshots/0367.jpg,not_smear,screenshots,train
data/guardrail/negatives/screenshots/0153.jpg,not_smear,screenshots,train
data/guardrail/negatives/screenshots/0092.jpg,not_smear,screenshots,train
data/guardrail/negatives/screenshots/0271.jpg,not_smear,screenshots,train
data/guardrail/negatives/screenshots/0247.jpg,not_smear,screenshots,train
data/guardrail/negatives/screenshots/0178.jpg,not_smear,screenshots,train
data/guardrail/negatives/screenshots/0120.jpg,not_smear,screenshots,train
data/guardrail/negatives/screenshots/0194.jpg,not_smear,screenshots,train
data/guardrail/negatives/screenshots/0334.jpg,not_smear,screenshots,val
data/guardrail/negatives/screenshots/0214.jpg,not_smear,screenshots,val
data/guardrail/negatives/screenshots/0316.jpg,not_smear,screenshots,val
data/guardrail/negatives/screenshots/0394.jpg,not_smear,screenshots,val
data/guardrail/negatives/screenshots/0106.jpg,not_smear,screenshots,val
data/guardrail/negatives/screenshots/0369.jpg,not_smear,screenshots,val
data/guardrail/negatives/screenshots/0251.jpg,not_smear,screenshots,val
data/guardrail/negatives/screenshots/0034.jpg,not_smear,screenshots,val
data/guardrail/negatives/screenshots/0222.jpg,not_smear,screenshots,val
data/guardrail/negatives/screenshots/0001.jpg,not_smear,screenshots,val
data/guardrail/negatives/screenshots/0109.jpg,not_smear,screenshots,val
data/guardrail/negatives/screenshots/0264.jpg,not_smear,screenshots,val
data/guardrail/negatives/screenshots/0045.jpg,not_smear,screenshots,val
data/guardrail/negatives/screenshots/0101.jpg,not_smear,screenshots,val
data/guardrail/negatives/screenshots/0067.jpg,not_smear,screenshots,val
data/guardrail/negatives/screenshots/0347.jpg,not_smear,screenshots,val
data/guardrail/negatives/screenshots/0254.jpg,not_smear,screenshots,val
data/guardrail/negatives/screenshots/0095.jpg,not_smear,screenshots,val
data/guardrail/negatives/screenshots/0248.jpg,not_smear,screenshots,val
data/guardrail/negatives/screenshots/0077.jpg,not_smear,screenshots,val
data/guardrail/negatives/screenshots/0240.jpg,not_smear,screenshots,val
data/guardrail/negatives/screenshots/0135.jpg,not_smear,screenshots,val
data/guardrail/negatives/screenshots/0100.jpg,not_smear,screenshots,val
data/guardrail/negatives/screenshots/0112.jpg,not_smear,screenshots,val
data/guardrail/negatives/screenshots/0192.jpg,not_smear,screenshots,val
data/guardrail/negatives/screenshots/0300.jpg,not_smear,screenshots,val
data/guardrail/negatives/screenshots/0332.jpg,not_smear,screenshots,val
data/guardrail/negatives/screenshots/0125.jpg,not_smear,screenshots,val
data/guardrail/negatives/screenshots/0004.jpg,not_smear,screenshots,val
data/guardrail/negatives/screenshots/0018.jpg,not_smear,screenshots,val
data/guardrail/negatives/screenshots/0285.jpg,not_smear,screenshots,val
data/guardrail/negatives/screenshots/0097.jpg,not_smear,screenshots,val
data/guardrail/negatives/screenshots/0162.jpg,not_smear,screenshots,val
data/guardrail/negatives/screenshots/0343.jpg,not_smear,screenshots,val
data/guardrail/negatives/screenshots/0051.jpg,not_smear,screenshots,val
data/guardrail/negatives/screenshots/0336.jpg,not_smear,screenshots,val
data/guardrail/negatives/screenshots/0019.jpg,not_smear,screenshots,val
data/guardrail/negatives/screenshots/0161.jpg,not_smear,screenshots,val
data/guardrail/negatives/screenshots/0037.jpg,not_smear,screenshots,val
data/guardrail/negatives/screenshots/0262.jpg,not_smear,screenshots,val
data/guardrail/negatives/screenshots/0366.jpg,not_smear,screenshots,val
data/guardrail/negatives/screenshots/0141.jpg,not_smear,screenshots,val
data/guardrail/negatives/screenshots/0171.jpg,not_smear,screenshots,val
data/guardrail/negatives/screenshots/0259.jpg,not_smear,screenshots,val
data/guardrail/negatives/screenshots/0080.jpg,not_smear,screenshots,val
data/guardrail/negatives/screenshots/0167.jpg,not_smear,screenshots,val
data/guardrail/negatives/screenshots/0038.jpg,not_smear,screenshots,val
data/guardrail/negatives/screenshots/0113.jpg,not_smear,screenshots,val
data/guardrail/negatives/screenshots/0040.jpg,not_smear,screenshots,val
data/guardrail/negatives/screenshots/0181.jpg,not_smear,screenshots,val
data/guardrail/negatives/screenshots/0059.jpg,not_smear,screenshots,val
data/guardrail/negatives/screenshots/0365.jpg,not_smear,screenshots,val
data/guardrail/negatives/screenshots/0070.jpg,not_smear,screenshots,val
data/guardrail/negatives/screenshots/0044.jpg,not_smear,screenshots,val
data/guardrail/negatives/screenshots/0134.jpg,not_smear,screenshots,val
data/guardrail/negatives/screenshots/0252.jpg,not_smear,screenshots,val
data/guardrail/negatives/screenshots/0221.jpg,not_smear,screenshots,val
data/guardrail/negatives/screenshots/0344.jpg,not_smear,screenshots,val
data/guardrail/negatives/screenshots/0061.jpg,not_smear,screenshots,val
data/guardrail/negatives/screenshots/0056.jpg,not_smear,screenshots,val
data/guardrail/negatives/screenshots/0151.jpg,not_smear,screenshots,test
data/guardrail/negatives/screenshots/0232.jpg,not_smear,screenshots,test
data/guardrail/negatives/screenshots/0064.jpg,not_smear,screenshots,test
data/guardrail/negatives/screenshots/0266.jpg,not_smear,screenshots,test
data/guardrail/negatives/screenshots/0227.jpg,not_smear,screenshots,test
data/guardrail/negatives/screenshots/0218.jpg,not_smear,screenshots,test
data/guardrail/negatives/screenshots/0292.jpg,not_smear,screenshots,test
data/guardrail/negatives/screenshots/0144.jpg,not_smear,screenshots,test
data/guardrail/negatives/screenshots/0104.jpg,not_smear,screenshots,test
data/guardrail/negatives/screenshots/0189.jpg,not_smear,screenshots,test
data/guardrail/negatives/screenshots/0013.jpg,not_smear,screenshots,test
data/guardrail/negatives/screenshots/0250.jpg,not_smear,screenshots,test
data/guardrail/negatives/screenshots/0003.jpg,not_smear,screenshots,test
data/guardrail/negatives/screenshots/0099.jpg,not_smear,screenshots,test
data/guardrail/negatives/screenshots/0275.jpg,not_smear,screenshots,test
data/guardrail/negatives/screenshots/0276.jpg,not_smear,screenshots,test
data/guardrail/negatives/screenshots/0020.jpg,not_smear,screenshots,test
data/guardrail/negatives/screenshots/0306.jpg,not_smear,screenshots,test
data/guardrail/negatives/screenshots/0014.jpg,not_smear,screenshots,test
data/guardrail/negatives/screenshots/0372.jpg,not_smear,screenshots,test
data/guardrail/negatives/screenshots/0260.jpg,not_smear,screenshots,test
data/guardrail/negatives/screenshots/0282.jpg,not_smear,screenshots,test
data/guardrail/negatives/screenshots/0105.jpg,not_smear,screenshots,test
data/guardrail/negatives/screenshots/0049.jpg,not_smear,screenshots,test
data/guardrail/negatives/screenshots/0072.jpg,not_smear,screenshots,test
data/guardrail/negatives/screenshots/0386.jpg,not_smear,screenshots,test
data/guardrail/negatives/screenshots/0341.jpg,not_smear,screenshots,test
data/guardrail/negatives/screenshots/0118.jpg,not_smear,screenshots,test
data/guardrail/negatives/screenshots/0054.jpg,not_smear,screenshots,test
data/guardrail/negatives/screenshots/0310.jpg,not_smear,screenshots,test
data/guardrail/negatives/screenshots/0132.jpg,not_smear,screenshots,test
data/guardrail/negatives/screenshots/0377.jpg,not_smear,screenshots,test
data/guardrail/negatives/screenshots/0086.jpg,not_smear,screenshots,test
data/guardrail/negatives/screenshots/0114.jpg,not_smear,screenshots,test
data/guardrail/negatives/screenshots/0224.jpg,not_smear,screenshots,test
data/guardrail/negatives/screenshots/0249.jpg,not_smear,screenshots,test
data/guardrail/negatives/screenshots/0140.jpg,not_smear,screenshots,test
data/guardrail/negatives/screenshots/0147.jpg,not_smear,screenshots,test
data/guardrail/negatives/screenshots/0060.jpg,not_smear,screenshots,test
data/guardrail/negatives/screenshots/0084.jpg,not_smear,screenshots,test
data/guardrail/negatives/screenshots/0145.jpg,not_smear,screenshots,test
data/guardrail/negatives/screenshots/0177.jpg,not_smear,screenshots,test
data/guardrail/negatives/screenshots/0050.jpg,not_smear,screenshots,test
data/guardrail/negatives/screenshots/0160.jpg,not_smear,screenshots,test
data/guardrail/negatives/screenshots/0315.jpg,not_smear,screenshots,test
data/guardrail/negatives/screenshots/0294.jpg,not_smear,screenshots,test
data/guardrail/negatives/screenshots/0142.jpg,not_smear,screenshots,test
data/guardrail/negatives/screenshots/0265.jpg,not_smear,screenshots,test
data/guardrail/negatives/screenshots/0220.jpg,not_smear,screenshots,test
data/guardrail/negatives/screenshots/0107.jpg,not_smear,screenshots,test
data/guardrail/negatives/screenshots/0374.jpg,not_smear,screenshots,test
data/guardrail/negatives/screenshots/0376.jpg,not_smear,screenshots,test
data/guardrail/negatives/screenshots/0021.jpg,not_smear,screenshots,test
data/guardrail/negatives/screenshots/0073.jpg,not_smear,screenshots,test
data/guardrail/negatives/screenshots/0091.jpg,not_smear,screenshots,test
data/guardrail/negatives/screenshots/0387.jpg,not_smear,screenshots,test
data/guardrail/negatives/screenshots/0163.jpg,not_smear,screenshots,test
data/guardrail/negatives/screenshots/0196.jpg,not_smear,screenshots,test
data/guardrail/negatives/screenshots/0165.jpg,not_smear,screenshots,test
data/guardrail/negatives/screenshots/0146.jpg,not_smear,screenshots,test
data/guardrail/negatives/synthetic_black/0024.jpg,not_smear,synthetic_black,train
data/guardrail/negatives/synthetic_black/0049.jpg,not_smear,synthetic_black,train
data/guardrail/negatives/synthetic_black/0003.jpg,not_smear,synthetic_black,train
data/guardrail/negatives/synthetic_black/0019.jpg,not_smear,synthetic_black,train
data/guardrail/negatives/synthetic_black/0012.jpg,not_smear,synthetic_black,train
data/guardrail/negatives/synthetic_black/0051.jpg,not_smear,synthetic_black,train
data/guardrail/negatives/synthetic_black/0032.jpg,not_smear,synthetic_black,train
data/guardrail/negatives/synthetic_black/0014.jpg,not_smear,synthetic_black,train
data/guardrail/negatives/synthetic_black/0042.jpg,not_smear,synthetic_black,train
data/guardrail/negatives/synthetic_black/0038.jpg,not_smear,synthetic_black,train
data/guardrail/negatives/synthetic_black/0028.jpg,not_smear,synthetic_black,train
data/guardrail/negatives/synthetic_black/0056.jpg,not_smear,synthetic_black,train
data/guardrail/negatives/synthetic_black/0031.jpg,not_smear,synthetic_black,train
data/guardrail/negatives/synthetic_black/0001.jpg,not_smear,synthetic_black,train
data/guardrail/negatives/synthetic_black/0011.jpg,not_smear,synthetic_black,train
data/guardrail/negatives/synthetic_black/0034.jpg,not_smear,synthetic_black,train
data/guardrail/negatives/synthetic_black/0006.jpg,not_smear,synthetic_black,train
data/guardrail/negatives/synthetic_black/0052.jpg,not_smear,synthetic_black,train
data/guardrail/negatives/synthetic_black/0059.jpg,not_smear,synthetic_black,train
data/guardrail/negatives/synthetic_black/0002.jpg,not_smear,synthetic_black,train
data/guardrail/negatives/synthetic_black/0055.jpg,not_smear,synthetic_black,train
data/guardrail/negatives/synthetic_black/0004.jpg,not_smear,synthetic_black,train
data/guardrail/negatives/synthetic_black/0035.jpg,not_smear,synthetic_black,train
data/guardrail/negatives/synthetic_black/0037.jpg,not_smear,synthetic_black,train
data/guardrail/negatives/synthetic_black/0044.jpg,not_smear,synthetic_black,train
data/guardrail/negatives/synthetic_black/0058.jpg,not_smear,synthetic_black,train
data/guardrail/negatives/synthetic_black/0015.jpg,not_smear,synthetic_black,train
data/guardrail/negatives/synthetic_black/0026.jpg,not_smear,synthetic_black,train
data/guardrail/negatives/synthetic_black/0022.jpg,not_smear,synthetic_black,train
data/guardrail/negatives/synthetic_black/0053.jpg,not_smear,synthetic_black,train
data/guardrail/negatives/synthetic_black/0005.jpg,not_smear,synthetic_black,train
data/guardrail/negatives/synthetic_black/0008.jpg,not_smear,synthetic_black,train
data/guardrail/negatives/synthetic_black/0021.jpg,not_smear,synthetic_black,train
data/guardrail/negatives/synthetic_black/0040.jpg,not_smear,synthetic_black,train
data/guardrail/negatives/synthetic_black/0029.jpg,not_smear,synthetic_black,train
data/guardrail/negatives/synthetic_black/0030.jpg,not_smear,synthetic_black,train
data/guardrail/negatives/synthetic_black/0016.jpg,not_smear,synthetic_black,train
data/guardrail/negatives/synthetic_black/0045.jpg,not_smear,synthetic_black,train
data/guardrail/negatives/synthetic_black/0047.jpg,not_smear,synthetic_black,train
data/guardrail/negatives/synthetic_black/0048.jpg,not_smear,synthetic_black,train
data/guardrail/negatives/synthetic_black/0013.jpg,not_smear,synthetic_black,train
data/guardrail/negatives/synthetic_black/0050.jpg,not_smear,synthetic_black,train
data/guardrail/negatives/synthetic_black/0054.jpg,not_smear,synthetic_black,val
data/guardrail/negatives/synthetic_black/0009.jpg,not_smear,synthetic_black,val
data/guardrail/negatives/synthetic_black/0010.jpg,not_smear,synthetic_black,val
data/guardrail/negatives/synthetic_black/0041.jpg,not_smear,synthetic_black,val
data/guardrail/negatives/synthetic_black/0036.jpg,not_smear,synthetic_black,val
data/guardrail/negatives/synthetic_black/0023.jpg,not_smear,synthetic_black,val
data/guardrail/negatives/synthetic_black/0039.jpg,not_smear,synthetic_black,val
data/guardrail/negatives/synthetic_black/0020.jpg,not_smear,synthetic_black,val
data/guardrail/negatives/synthetic_black/0033.jpg,not_smear,synthetic_black,val
data/guardrail/negatives/synthetic_black/0017.jpg,not_smear,synthetic_black,test
data/guardrail/negatives/synthetic_black/0043.jpg,not_smear,synthetic_black,test
data/guardrail/negatives/synthetic_black/0046.jpg,not_smear,synthetic_black,test
data/guardrail/negatives/synthetic_black/0057.jpg,not_smear,synthetic_black,test
data/guardrail/negatives/synthetic_black/0027.jpg,not_smear,synthetic_black,test
data/guardrail/negatives/synthetic_black/0007.jpg,not_smear,synthetic_black,test
data/guardrail/negatives/synthetic_black/0018.jpg,not_smear,synthetic_black,test
data/guardrail/negatives/synthetic_black/0000.jpg,not_smear,synthetic_black,test
data/guardrail/negatives/synthetic_black/0025.jpg,not_smear,synthetic_black,test
data/guardrail/negatives/synthetic_blank/0043.jpg,not_smear,synthetic_blank,train
data/guardrail/negatives/synthetic_blank/0058.jpg,not_smear,synthetic_blank,train
data/guardrail/negatives/synthetic_blank/0044.jpg,not_smear,synthetic_blank,train
data/guardrail/negatives/synthetic_blank/0029.jpg,not_smear,synthetic_blank,train
data/guardrail/negatives/synthetic_blank/0007.jpg,not_smear,synthetic_blank,train
data/guardrail/negatives/synthetic_blank/0059.jpg,not_smear,synthetic_blank,train
data/guardrail/negatives/synthetic_blank/0014.jpg,not_smear,synthetic_blank,train
data/guardrail/negatives/synthetic_blank/0053.jpg,not_smear,synthetic_blank,train
data/guardrail/negatives/synthetic_blank/0026.jpg,not_smear,synthetic_blank,train
data/guardrail/negatives/synthetic_blank/0002.jpg,not_smear,synthetic_blank,train
data/guardrail/negatives/synthetic_blank/0038.jpg,not_smear,synthetic_blank,train
data/guardrail/negatives/synthetic_blank/0001.jpg,not_smear,synthetic_blank,train
data/guardrail/negatives/synthetic_blank/0036.jpg,not_smear,synthetic_blank,train
data/guardrail/negatives/synthetic_blank/0003.jpg,not_smear,synthetic_blank,train
data/guardrail/negatives/synthetic_blank/0030.jpg,not_smear,synthetic_blank,train
data/guardrail/negatives/synthetic_blank/0057.jpg,not_smear,synthetic_blank,train
data/guardrail/negatives/synthetic_blank/0005.jpg,not_smear,synthetic_blank,train
data/guardrail/negatives/synthetic_blank/0032.jpg,not_smear,synthetic_blank,train
data/guardrail/negatives/synthetic_blank/0015.jpg,not_smear,synthetic_blank,train
data/guardrail/negatives/synthetic_blank/0021.jpg,not_smear,synthetic_blank,train
data/guardrail/negatives/synthetic_blank/0031.jpg,not_smear,synthetic_blank,train
data/guardrail/negatives/synthetic_blank/0049.jpg,not_smear,synthetic_blank,train
data/guardrail/negatives/synthetic_blank/0048.jpg,not_smear,synthetic_blank,train
data/guardrail/negatives/synthetic_blank/0028.jpg,not_smear,synthetic_blank,train
data/guardrail/negatives/synthetic_blank/0010.jpg,not_smear,synthetic_blank,train
data/guardrail/negatives/synthetic_blank/0042.jpg,not_smear,synthetic_blank,train
data/guardrail/negatives/synthetic_blank/0024.jpg,not_smear,synthetic_blank,train
data/guardrail/negatives/synthetic_blank/0020.jpg,not_smear,synthetic_blank,train
data/guardrail/negatives/synthetic_blank/0054.jpg,not_smear,synthetic_blank,train
data/guardrail/negatives/synthetic_blank/0033.jpg,not_smear,synthetic_blank,train
data/guardrail/negatives/synthetic_blank/0050.jpg,not_smear,synthetic_blank,train
data/guardrail/negatives/synthetic_blank/0008.jpg,not_smear,synthetic_blank,train
data/guardrail/negatives/synthetic_blank/0047.jpg,not_smear,synthetic_blank,train
data/guardrail/negatives/synthetic_blank/0045.jpg,not_smear,synthetic_blank,train
data/guardrail/negatives/synthetic_blank/0011.jpg,not_smear,synthetic_blank,train
data/guardrail/negatives/synthetic_blank/0055.jpg,not_smear,synthetic_blank,train
data/guardrail/negatives/synthetic_blank/0013.jpg,not_smear,synthetic_blank,train
data/guardrail/negatives/synthetic_blank/0006.jpg,not_smear,synthetic_blank,train
data/guardrail/negatives/synthetic_blank/0009.jpg,not_smear,synthetic_blank,train
data/guardrail/negatives/synthetic_blank/0051.jpg,not_smear,synthetic_blank,train
data/guardrail/negatives/synthetic_blank/0004.jpg,not_smear,synthetic_blank,train
data/guardrail/negatives/synthetic_blank/0056.jpg,not_smear,synthetic_blank,train
data/guardrail/negatives/synthetic_blank/0041.jpg,not_smear,synthetic_blank,val
data/guardrail/negatives/synthetic_blank/0034.jpg,not_smear,synthetic_blank,val
data/guardrail/negatives/synthetic_blank/0035.jpg,not_smear,synthetic_blank,val
data/guardrail/negatives/synthetic_blank/0016.jpg,not_smear,synthetic_blank,val
data/guardrail/negatives/synthetic_blank/0025.jpg,not_smear,synthetic_blank,val
data/guardrail/negatives/synthetic_blank/0039.jpg,not_smear,synthetic_blank,val
data/guardrail/negatives/synthetic_blank/0023.jpg,not_smear,synthetic_blank,val
data/guardrail/negatives/synthetic_blank/0019.jpg,not_smear,synthetic_blank,val
data/guardrail/negatives/synthetic_blank/0046.jpg,not_smear,synthetic_blank,val
data/guardrail/negatives/synthetic_blank/0037.jpg,not_smear,synthetic_blank,test
data/guardrail/negatives/synthetic_blank/0027.jpg,not_smear,synthetic_blank,test
data/guardrail/negatives/synthetic_blank/0052.jpg,not_smear,synthetic_blank,test
data/guardrail/negatives/synthetic_blank/0018.jpg,not_smear,synthetic_blank,test
data/guardrail/negatives/synthetic_blank/0017.jpg,not_smear,synthetic_blank,test
data/guardrail/negatives/synthetic_blank/0012.jpg,not_smear,synthetic_blank,test
data/guardrail/negatives/synthetic_blank/0000.jpg,not_smear,synthetic_blank,test
data/guardrail/negatives/synthetic_blank/0040.jpg,not_smear,synthetic_blank,test
data/guardrail/negatives/synthetic_blank/0022.jpg,not_smear,synthetic_blank,test
data/guardrail/negatives/synthetic_blur/0092.jpg,not_smear,synthetic_blur,train
data/guardrail/negatives/synthetic_blur/0005.jpg,not_smear,synthetic_blur,train
data/guardrail/negatives/synthetic_blur/0081.jpg,not_smear,synthetic_blur,train
data/guardrail/negatives/synthetic_blur/0009.jpg,not_smear,synthetic_blur,train
data/guardrail/negatives/synthetic_blur/0004.jpg,not_smear,synthetic_blur,train
data/guardrail/negatives/synthetic_blur/0026.jpg,not_smear,synthetic_blur,train
data/guardrail/negatives/synthetic_blur/0080.jpg,not_smear,synthetic_blur,train
data/guardrail/negatives/synthetic_blur/0034.jpg,not_smear,synthetic_blur,train
data/guardrail/negatives/synthetic_blur/0070.jpg,not_smear,synthetic_blur,train
data/guardrail/negatives/synthetic_blur/0093.jpg,not_smear,synthetic_blur,train
data/guardrail/negatives/synthetic_blur/0079.jpg,not_smear,synthetic_blur,train
data/guardrail/negatives/synthetic_blur/0096.jpg,not_smear,synthetic_blur,train
data/guardrail/negatives/synthetic_blur/0053.jpg,not_smear,synthetic_blur,train
data/guardrail/negatives/synthetic_blur/0031.jpg,not_smear,synthetic_blur,train
data/guardrail/negatives/synthetic_blur/0007.jpg,not_smear,synthetic_blur,train
data/guardrail/negatives/synthetic_blur/0014.jpg,not_smear,synthetic_blur,train
data/guardrail/negatives/synthetic_blur/0072.jpg,not_smear,synthetic_blur,train
data/guardrail/negatives/synthetic_blur/0043.jpg,not_smear,synthetic_blur,train
data/guardrail/negatives/synthetic_blur/0074.jpg,not_smear,synthetic_blur,train
data/guardrail/negatives/synthetic_blur/0025.jpg,not_smear,synthetic_blur,train
data/guardrail/negatives/synthetic_blur/0084.jpg,not_smear,synthetic_blur,train
data/guardrail/negatives/synthetic_blur/0036.jpg,not_smear,synthetic_blur,train
data/guardrail/negatives/synthetic_blur/0061.jpg,not_smear,synthetic_blur,train
data/guardrail/negatives/synthetic_blur/0051.jpg,not_smear,synthetic_blur,train
data/guardrail/negatives/synthetic_blur/0058.jpg,not_smear,synthetic_blur,train
data/guardrail/negatives/synthetic_blur/0001.jpg,not_smear,synthetic_blur,train
data/guardrail/negatives/synthetic_blur/0059.jpg,not_smear,synthetic_blur,train
data/guardrail/negatives/synthetic_blur/0068.jpg,not_smear,synthetic_blur,train
data/guardrail/negatives/synthetic_blur/0090.jpg,not_smear,synthetic_blur,train
data/guardrail/negatives/synthetic_blur/0008.jpg,not_smear,synthetic_blur,train
data/guardrail/negatives/synthetic_blur/0020.jpg,not_smear,synthetic_blur,train
data/guardrail/negatives/synthetic_blur/0002.jpg,not_smear,synthetic_blur,train
data/guardrail/negatives/synthetic_blur/0017.jpg,not_smear,synthetic_blur,train
data/guardrail/negatives/synthetic_blur/0094.jpg,not_smear,synthetic_blur,train
data/guardrail/negatives/synthetic_blur/0069.jpg,not_smear,synthetic_blur,train
data/guardrail/negatives/synthetic_blur/0016.jpg,not_smear,synthetic_blur,train
data/guardrail/negatives/synthetic_blur/0082.jpg,not_smear,synthetic_blur,train
data/guardrail/negatives/synthetic_blur/0006.jpg,not_smear,synthetic_blur,train
data/guardrail/negatives/synthetic_blur/0076.jpg,not_smear,synthetic_blur,train
data/guardrail/negatives/synthetic_blur/0019.jpg,not_smear,synthetic_blur,train
data/guardrail/negatives/synthetic_blur/0037.jpg,not_smear,synthetic_blur,train
data/guardrail/negatives/synthetic_blur/0087.jpg,not_smear,synthetic_blur,train
data/guardrail/negatives/synthetic_blur/0057.jpg,not_smear,synthetic_blur,train
data/guardrail/negatives/synthetic_blur/0033.jpg,not_smear,synthetic_blur,train
data/guardrail/negatives/synthetic_blur/0088.jpg,not_smear,synthetic_blur,train
data/guardrail/negatives/synthetic_blur/0028.jpg,not_smear,synthetic_blur,train
data/guardrail/negatives/synthetic_blur/0052.jpg,not_smear,synthetic_blur,train
data/guardrail/negatives/synthetic_blur/0000.jpg,not_smear,synthetic_blur,train
data/guardrail/negatives/synthetic_blur/0047.jpg,not_smear,synthetic_blur,train
data/guardrail/negatives/synthetic_blur/0011.jpg,not_smear,synthetic_blur,train
data/guardrail/negatives/synthetic_blur/0023.jpg,not_smear,synthetic_blur,train
data/guardrail/negatives/synthetic_blur/0024.jpg,not_smear,synthetic_blur,train
data/guardrail/negatives/synthetic_blur/0012.jpg,not_smear,synthetic_blur,train
data/guardrail/negatives/synthetic_blur/0075.jpg,not_smear,synthetic_blur,train
data/guardrail/negatives/synthetic_blur/0083.jpg,not_smear,synthetic_blur,train
data/guardrail/negatives/synthetic_blur/0013.jpg,not_smear,synthetic_blur,train
data/guardrail/negatives/synthetic_blur/0078.jpg,not_smear,synthetic_blur,train
data/guardrail/negatives/synthetic_blur/0063.jpg,not_smear,synthetic_blur,train
data/guardrail/negatives/synthetic_blur/0099.jpg,not_smear,synthetic_blur,train
data/guardrail/negatives/synthetic_blur/0042.jpg,not_smear,synthetic_blur,train
data/guardrail/negatives/synthetic_blur/0086.jpg,not_smear,synthetic_blur,train
data/guardrail/negatives/synthetic_blur/0029.jpg,not_smear,synthetic_blur,train
data/guardrail/negatives/synthetic_blur/0097.jpg,not_smear,synthetic_blur,train
data/guardrail/negatives/synthetic_blur/0046.jpg,not_smear,synthetic_blur,train
data/guardrail/negatives/synthetic_blur/0003.jpg,not_smear,synthetic_blur,train
data/guardrail/negatives/synthetic_blur/0022.jpg,not_smear,synthetic_blur,train
data/guardrail/negatives/synthetic_blur/0044.jpg,not_smear,synthetic_blur,train
data/guardrail/negatives/synthetic_blur/0073.jpg,not_smear,synthetic_blur,train
data/guardrail/negatives/synthetic_blur/0091.jpg,not_smear,synthetic_blur,train
data/guardrail/negatives/synthetic_blur/0032.jpg,not_smear,synthetic_blur,train
data/guardrail/negatives/synthetic_blur/0062.jpg,not_smear,synthetic_blur,val
data/guardrail/negatives/synthetic_blur/0098.jpg,not_smear,synthetic_blur,val
data/guardrail/negatives/synthetic_blur/0089.jpg,not_smear,synthetic_blur,val
data/guardrail/negatives/synthetic_blur/0055.jpg,not_smear,synthetic_blur,val
data/guardrail/negatives/synthetic_blur/0018.jpg,not_smear,synthetic_blur,val
data/guardrail/negatives/synthetic_blur/0035.jpg,not_smear,synthetic_blur,val
data/guardrail/negatives/synthetic_blur/0021.jpg,not_smear,synthetic_blur,val
data/guardrail/negatives/synthetic_blur/0027.jpg,not_smear,synthetic_blur,val
data/guardrail/negatives/synthetic_blur/0077.jpg,not_smear,synthetic_blur,val
data/guardrail/negatives/synthetic_blur/0010.jpg,not_smear,synthetic_blur,val
data/guardrail/negatives/synthetic_blur/0067.jpg,not_smear,synthetic_blur,val
data/guardrail/negatives/synthetic_blur/0040.jpg,not_smear,synthetic_blur,val
data/guardrail/negatives/synthetic_blur/0066.jpg,not_smear,synthetic_blur,val
data/guardrail/negatives/synthetic_blur/0039.jpg,not_smear,synthetic_blur,val
data/guardrail/negatives/synthetic_blur/0045.jpg,not_smear,synthetic_blur,val
data/guardrail/negatives/synthetic_blur/0095.jpg,not_smear,synthetic_blur,test
data/guardrail/negatives/synthetic_blur/0049.jpg,not_smear,synthetic_blur,test
data/guardrail/negatives/synthetic_blur/0048.jpg,not_smear,synthetic_blur,test
data/guardrail/negatives/synthetic_blur/0050.jpg,not_smear,synthetic_blur,test
data/guardrail/negatives/synthetic_blur/0071.jpg,not_smear,synthetic_blur,test
data/guardrail/negatives/synthetic_blur/0030.jpg,not_smear,synthetic_blur,test
data/guardrail/negatives/synthetic_blur/0015.jpg,not_smear,synthetic_blur,test
data/guardrail/negatives/synthetic_blur/0064.jpg,not_smear,synthetic_blur,test
data/guardrail/negatives/synthetic_blur/0038.jpg,not_smear,synthetic_blur,test
data/guardrail/negatives/synthetic_blur/0041.jpg,not_smear,synthetic_blur,test
data/guardrail/negatives/synthetic_blur/0060.jpg,not_smear,synthetic_blur,test
data/guardrail/negatives/synthetic_blur/0085.jpg,not_smear,synthetic_blur,test
data/guardrail/negatives/synthetic_blur/0054.jpg,not_smear,synthetic_blur,test
data/guardrail/negatives/synthetic_blur/0056.jpg,not_smear,synthetic_blur,test
data/guardrail/negatives/synthetic_blur/0065.jpg,not_smear,synthetic_blur,test
data/guardrail/negatives/synthetic_finger/0079.jpg,not_smear,synthetic_finger,train
data/guardrail/negatives/synthetic_finger/0036.jpg,not_smear,synthetic_finger,train
data/guardrail/negatives/synthetic_finger/0052.jpg,not_smear,synthetic_finger,train
data/guardrail/negatives/synthetic_finger/0006.jpg,not_smear,synthetic_finger,train
data/guardrail/negatives/synthetic_finger/0013.jpg,not_smear,synthetic_finger,train
data/guardrail/negatives/synthetic_finger/0008.jpg,not_smear,synthetic_finger,train
data/guardrail/negatives/synthetic_finger/0050.jpg,not_smear,synthetic_finger,train
data/guardrail/negatives/synthetic_finger/0001.jpg,not_smear,synthetic_finger,train
data/guardrail/negatives/synthetic_finger/0031.jpg,not_smear,synthetic_finger,train
data/guardrail/negatives/synthetic_finger/0062.jpg,not_smear,synthetic_finger,train
data/guardrail/negatives/synthetic_finger/0064.jpg,not_smear,synthetic_finger,train
data/guardrail/negatives/synthetic_finger/0076.jpg,not_smear,synthetic_finger,train
data/guardrail/negatives/synthetic_finger/0023.jpg,not_smear,synthetic_finger,train
data/guardrail/negatives/synthetic_finger/0068.jpg,not_smear,synthetic_finger,train
data/guardrail/negatives/synthetic_finger/0039.jpg,not_smear,synthetic_finger,train
data/guardrail/negatives/synthetic_finger/0070.jpg,not_smear,synthetic_finger,train
data/guardrail/negatives/synthetic_finger/0030.jpg,not_smear,synthetic_finger,train
data/guardrail/negatives/synthetic_finger/0034.jpg,not_smear,synthetic_finger,train
data/guardrail/negatives/synthetic_finger/0020.jpg,not_smear,synthetic_finger,train
data/guardrail/negatives/synthetic_finger/0045.jpg,not_smear,synthetic_finger,train
data/guardrail/negatives/synthetic_finger/0027.jpg,not_smear,synthetic_finger,train
data/guardrail/negatives/synthetic_finger/0074.jpg,not_smear,synthetic_finger,train
data/guardrail/negatives/synthetic_finger/0058.jpg,not_smear,synthetic_finger,train
data/guardrail/negatives/synthetic_finger/0029.jpg,not_smear,synthetic_finger,train
data/guardrail/negatives/synthetic_finger/0043.jpg,not_smear,synthetic_finger,train
data/guardrail/negatives/synthetic_finger/0054.jpg,not_smear,synthetic_finger,train
data/guardrail/negatives/synthetic_finger/0065.jpg,not_smear,synthetic_finger,train
data/guardrail/negatives/synthetic_finger/0037.jpg,not_smear,synthetic_finger,train
data/guardrail/negatives/synthetic_finger/0018.jpg,not_smear,synthetic_finger,train
data/guardrail/negatives/synthetic_finger/0014.jpg,not_smear,synthetic_finger,train
data/guardrail/negatives/synthetic_finger/0078.jpg,not_smear,synthetic_finger,train
data/guardrail/negatives/synthetic_finger/0073.jpg,not_smear,synthetic_finger,train
data/guardrail/negatives/synthetic_finger/0022.jpg,not_smear,synthetic_finger,train
data/guardrail/negatives/synthetic_finger/0041.jpg,not_smear,synthetic_finger,train
data/guardrail/negatives/synthetic_finger/0019.jpg,not_smear,synthetic_finger,train
data/guardrail/negatives/synthetic_finger/0061.jpg,not_smear,synthetic_finger,train
data/guardrail/negatives/synthetic_finger/0044.jpg,not_smear,synthetic_finger,train
data/guardrail/negatives/synthetic_finger/0057.jpg,not_smear,synthetic_finger,train
data/guardrail/negatives/synthetic_finger/0049.jpg,not_smear,synthetic_finger,train
data/guardrail/negatives/synthetic_finger/0051.jpg,not_smear,synthetic_finger,train
data/guardrail/negatives/synthetic_finger/0038.jpg,not_smear,synthetic_finger,train
data/guardrail/negatives/synthetic_finger/0047.jpg,not_smear,synthetic_finger,train
data/guardrail/negatives/synthetic_finger/0067.jpg,not_smear,synthetic_finger,train
data/guardrail/negatives/synthetic_finger/0028.jpg,not_smear,synthetic_finger,train
data/guardrail/negatives/synthetic_finger/0011.jpg,not_smear,synthetic_finger,train
data/guardrail/negatives/synthetic_finger/0005.jpg,not_smear,synthetic_finger,train
data/guardrail/negatives/synthetic_finger/0017.jpg,not_smear,synthetic_finger,train
data/guardrail/negatives/synthetic_finger/0063.jpg,not_smear,synthetic_finger,train
data/guardrail/negatives/synthetic_finger/0009.jpg,not_smear,synthetic_finger,train
data/guardrail/negatives/synthetic_finger/0032.jpg,not_smear,synthetic_finger,train
data/guardrail/negatives/synthetic_finger/0048.jpg,not_smear,synthetic_finger,train
data/guardrail/negatives/synthetic_finger/0071.jpg,not_smear,synthetic_finger,train
data/guardrail/negatives/synthetic_finger/0004.jpg,not_smear,synthetic_finger,train
data/guardrail/negatives/synthetic_finger/0003.jpg,not_smear,synthetic_finger,train
data/guardrail/negatives/synthetic_finger/0055.jpg,not_smear,synthetic_finger,train
data/guardrail/negatives/synthetic_finger/0059.jpg,not_smear,synthetic_finger,train
data/guardrail/negatives/synthetic_finger/0077.jpg,not_smear,synthetic_finger,val
data/guardrail/negatives/synthetic_finger/0026.jpg,not_smear,synthetic_finger,val
data/guardrail/negatives/synthetic_finger/0025.jpg,not_smear,synthetic_finger,val
data/guardrail/negatives/synthetic_finger/0066.jpg,not_smear,synthetic_finger,val
data/guardrail/negatives/synthetic_finger/0060.jpg,not_smear,synthetic_finger,val
data/guardrail/negatives/synthetic_finger/0000.jpg,not_smear,synthetic_finger,val
data/guardrail/negatives/synthetic_finger/0033.jpg,not_smear,synthetic_finger,val
data/guardrail/negatives/synthetic_finger/0046.jpg,not_smear,synthetic_finger,val
data/guardrail/negatives/synthetic_finger/0021.jpg,not_smear,synthetic_finger,val
data/guardrail/negatives/synthetic_finger/0072.jpg,not_smear,synthetic_finger,val
data/guardrail/negatives/synthetic_finger/0042.jpg,not_smear,synthetic_finger,val
data/guardrail/negatives/synthetic_finger/0002.jpg,not_smear,synthetic_finger,val
data/guardrail/negatives/synthetic_finger/0024.jpg,not_smear,synthetic_finger,test
data/guardrail/negatives/synthetic_finger/0035.jpg,not_smear,synthetic_finger,test
data/guardrail/negatives/synthetic_finger/0069.jpg,not_smear,synthetic_finger,test
data/guardrail/negatives/synthetic_finger/0012.jpg,not_smear,synthetic_finger,test
data/guardrail/negatives/synthetic_finger/0040.jpg,not_smear,synthetic_finger,test
data/guardrail/negatives/synthetic_finger/0075.jpg,not_smear,synthetic_finger,test
data/guardrail/negatives/synthetic_finger/0056.jpg,not_smear,synthetic_finger,test
data/guardrail/negatives/synthetic_finger/0007.jpg,not_smear,synthetic_finger,test
data/guardrail/negatives/synthetic_finger/0015.jpg,not_smear,synthetic_finger,test
data/guardrail/negatives/synthetic_finger/0053.jpg,not_smear,synthetic_finger,test
data/guardrail/negatives/synthetic_finger/0010.jpg,not_smear,synthetic_finger,test
data/guardrail/negatives/synthetic_finger/0016.jpg,not_smear,synthetic_finger,test
data/malaria/raw/cell_images/Parasitized/C80P41ThinF_IMG_20150817_111943_cell_11.png,smear,malaria,train
data/malaria/raw/cell_images/Parasitized/C184P145ThinF_IMG_20151203_104030_cell_22.png,smear,malaria,train
data/malaria/raw/cell_images/Parasitized/C91P52ThinF_IMG_20150821_125423_cell_22.png,smear,malaria,train
data/malaria/raw/cell_images/Uninfected/C70P31_ThinF_IMG_20150813_131330_cell_58.png,smear,malaria,train
data/malaria/raw/cell_images/Parasitized/C70P31_ThinF_IMG_20150813_130510_cell_91.png,smear,malaria,train
data/malaria/raw/cell_images/Parasitized/C48P9thinF_IMG_20150721_161055_cell_188.png,smear,malaria,train
data/malaria/raw/cell_images/Uninfected/C96P57ThinF_IMG_20150824_111748_cell_69.png,smear,malaria,train
data/malaria/raw/cell_images/Uninfected/C231ThinF_IMG_20151112_153041_cell_51.png,smear,malaria,train
data/malaria/raw/cell_images/Parasitized/C68P29N_ThinF_IMG_20150819_134712_cell_31.png,smear,malaria,train
data/malaria/raw/cell_images/Uninfected/C48P9thinF_IMG_20150721_161412_cell_43.png,smear,malaria,train
data/malaria/raw/cell_images/Uninfected/C113P74ThinF_IMG_20150930_134355_cell_77.png,smear,malaria,train
data/malaria/raw/cell_images/Parasitized/C184P145ThinF_IMG_20151203_104153_cell_139.png,smear,malaria,train
data/malaria/raw/cell_images/Parasitized/C45P6ThinF_IMG_20151130_155110_cell_198.png,smear,malaria,train
data/malaria/raw/cell_images/Parasitized/C84P45ThinF_IMG_20150818_101146_cell_92.png,smear,malaria,train
data/malaria/raw/cell_images/Uninfected/C63P24N_ThinF_IMG_20150818_143544_cell_125.png,smear,malaria,train
data/malaria/raw/cell_images/Uninfected/C1_thinF_IMG_20150604_104919_cell_163.png,smear,malaria,train
data/malaria/raw/cell_images/Uninfected/C179P140ThinF_IMG_20151127_153350_cell_145.png,smear,malaria,train
data/malaria/raw/cell_images/Uninfected/C234ThinF_IMG_20151112_163036_cell_260.png,smear,malaria,train
data/malaria/raw/cell_images/Uninfected/C179P140ThinF_IMG_20151127_153819_cell_120.png,smear,malaria,train
data/malaria/raw/cell_images/Uninfected/C155P116ThinF_IMG_20151115_142526_cell_88.png,smear,malaria,train
data/malaria/raw/cell_images/Uninfected/C118P79ThinF_IMG_20151002_110834_cell_27.png,smear,malaria,train
data/malaria/raw/cell_images/Uninfected/C176P137NThinF_IMG_20151201_121808_cell_68.png,smear,malaria,train
data/malaria/raw/cell_images/Uninfected/C57P18thinF_IMG_20150729_111518_cell_116.png,smear,malaria,train
data/malaria/raw/cell_images/Parasitized/C133P94ThinF_IMG_20151004_153930_cell_104.png,smear,malaria,train
data/malaria/raw/cell_images/Parasitized/C136P97ThinF_IMG_20151005_144727_cell_130.png,smear,malaria,train
data/malaria/raw/cell_images/Parasitized/C172P133ThinF_IMG_20151119_154936_cell_252.png,smear,malaria,train
data/malaria/raw/cell_images/Uninfected/C51AP12thinF_IMG_20150724_155046_cell_77.png,smear,malaria,train
data/malaria/raw/cell_images/Uninfected/C183P144NThinF_IMG_20151201_223758_cell_83.png,smear,malaria,train
data/malaria/raw/cell_images/Uninfected/C79P40ThinF_IMG_20150817_104316_cell_150.png,smear,malaria,train
data/malaria/raw/cell_images/Uninfected/C51AP12thinF_IMG_20150724_162636_cell_8.png,smear,malaria,train
data/malaria/raw/cell_images/Parasitized/C132P93ThinF_IMG_20151004_152045_cell_145.png,smear,malaria,train
data/malaria/raw/cell_images/Parasitized/C115P76ThinF_IMG_20150930_162038_cell_210.png,smear,malaria,train
data/malaria/raw/cell_images/Uninfected/C136P97ThinF_IMG_20151005_143329_cell_23.png,smear,malaria,train
data/malaria/raw/cell_images/Parasitized/C116P77ThinF_IMG_20150930_171635_cell_108.png,smear,malaria,train
data/malaria/raw/cell_images/Uninfected/C105P66ThinF_IMG_20150924_094800_cell_30.png,smear,malaria,train
data/malaria/raw/cell_images/Parasitized/C39P4thinF_original_IMG_20150622_113632_cell_6.png,smear,malaria,train
data/malaria/raw/cell_images/Parasitized/C68P29N_ThinF_IMG_20150819_134504_cell_136.png,smear,malaria,train
data/malaria/raw/cell_images/Parasitized/C140P101ThinF_IMG_20151005_210309_cell_182.png,smear,malaria,train
data/malaria/raw/cell_images/Uninfected/C91P52ThinF_IMG_20150821_124739_cell_167.png,smear,malaria,train
data/malaria/raw/cell_images/Parasitized/C144P105ThinF_IMG_20151015_155004_cell_311.png,smear,malaria,train
data/malaria/raw/cell_images/Parasitized/C97P58ThinF_IMG_20150917_152437_cell_5.png,smear,malaria,train
data/malaria/raw/cell_images/Parasitized/C184P145ThinF_IMG_20151203_104440_cell_31.png,smear,malaria,train
data/malaria/raw/cell_images/Parasitized/C182P143NThinF_IMG_20151201_171905_cell_177.png,smear,malaria,train
data/malaria/raw/cell_images/Uninfected/C213ThinF_IMG_20151106_112603_cell_52.png,smear,malaria,train
data/malaria/raw/cell_images/Uninfected/C78P39ThinF_IMG_20150606_103459_cell_3.png,smear,malaria,train
data/malaria/raw/cell_images/Parasitized/C106P67ThinF_IMG_20150924_102245_cell_164.png,smear,malaria,train
data/malaria/raw/cell_images/Parasitized/C60P21thinF_IMG_20150804_104919_cell_134.png,smear,malaria,train
data/malaria/raw/cell_images/Uninfected/C70P31_ThinF_IMG_20150813_130849_cell_1.png,smear,malaria,train
data/malaria/raw/cell_images/Uninfected/C121P82ThinF_IMG_20151002_133001_cell_7.png,smear,malaria,train
data/malaria/raw/cell_images/Parasitized/C45P6ThinF_IMG_20151130_154725_cell_178.png,smear,malaria,train
data/malaria/raw/cell_images/Uninfected/C133P94ThinF_IMG_20151004_154158_cell_81.png,smear,malaria,train
data/malaria/raw/cell_images/Parasitized/C174P135NThinF_IMG_20151127_135342_cell_218.png,smear,malaria,train
data/malaria/raw/cell_images/Parasitized/C137P98ThinF_IMG_20151005_163218_cell_88.png,smear,malaria,train
data/malaria/raw/cell_images/Uninfected/C127P88ThinF_IMG_20151004_111526_cell_82.png,smear,malaria,train
data/malaria/raw/cell_images/Parasitized/C182P143NThinF_IMG_20151201_171950_cell_195.png,smear,malaria,train
data/malaria/raw/cell_images/Parasitized/C81P42ThinF_IMG_20150817_120351_cell_190.png,smear,malaria,train
data/malaria/raw/cell_images/Uninfected/C145P106ThinF_IMG_20151016_155051_cell_67.png,smear,malaria,train
data/malaria/raw/cell_images/Uninfected/C78P39ThinF_IMG_20150606_104426_cell_18.png,smear,malaria,train
data/malaria/raw/cell_images/Parasitized/C91P52ThinF_IMG_20150821_123116_cell_180.png,smear,malaria,train
data/malaria/raw/cell_images/Uninfected/C215ThinF_IMG_20151106_133643_cell_100.png,smear,malaria,train
data/malaria/raw/cell_images/Parasitized/C130P91ThinF_IMG_20151004_141504_cell_150.png,smear,malaria,train
data/malaria/raw/cell_images/Parasitized/C99P60ThinF_IMG_20150918_141857_cell_36.png,smear,malaria,train
data/malaria/raw/cell_images/Parasitized/C59P20thinF_IMG_20150803_113430_cell_5.png,smear,malaria,train
data/malaria/raw/cell_images/Parasitized/C59P20thinF_IMG_20150803_113430_cell_6.png,smear,malaria,train
data/malaria/raw/cell_images/Parasitized/C184P145ThinF_IMG_20151203_103637_cell_180.png,smear,malaria,train
data/malaria/raw/cell_images/Uninfected/C181P142ThinF_IMG_20151127_155914_cell_128.png,smear,malaria,train
data/malaria/raw/cell_images/Uninfected/C68P29N_ThinF_IMG_20150819_134112_cell_55.png,smear,malaria,train
data/malaria/raw/cell_images/Uninfected/C209ThinF_IMG_20151029_160927_cell_261.png,smear,malaria,train
data/malaria/raw/cell_images/Uninfected/C222ThinF_IMG_20151115_150925_cell_215.png,smear,malaria,train
data/malaria/raw/cell_images/Parasitized/C136P97ThinF_IMG_20151005_140646_cell_108.png,smear,malaria,train
data/malaria/raw/cell_images/Parasitized/C182P143NThinF_IMG_20151201_172216_cell_201.png,smear,malaria,train
data/malaria/raw/cell_images/Uninfected/C214ThinF_IMG_20151106_114910_cell_45.png,smear,malaria,train
data/malaria/raw/cell_images/Uninfected/C88P49ThinF_IMG_20150820_151626_cell_5.png,smear,malaria,train
data/malaria/raw/cell_images/Uninfected/C217ThinF_IMG_20151106_141326_cell_155.png,smear,malaria,train
data/malaria/raw/cell_images/Uninfected/C110P71ThinF_IMG_20150930_105729_cell_156.png,smear,malaria,train
data/malaria/raw/cell_images/Parasitized/C116P77ThinF_IMG_20150930_171219_cell_99.png,smear,malaria,train
data/malaria/raw/cell_images/Parasitized/C132P93ThinF_IMG_20151004_151941_cell_13.png,smear,malaria,train
data/malaria/raw/cell_images/Uninfected/C51AP12thinF_IMG_20150724_154330_cell_65.png,smear,malaria,train
data/malaria/raw/cell_images/Uninfected/C150P111ThinF_IMG_20151115_120244_cell_1.png,smear,malaria,train
data/malaria/raw/cell_images/Uninfected/C182P143NThinF_IMG_20151201_171950_cell_148.png,smear,malaria,train
data/malaria/raw/cell_images/Parasitized/C63P24N_ThinF_IMG_20150818_143423_cell_163.png,smear,malaria,train
data/malaria/raw/cell_images/Parasitized/C119P80ThinF_IMG_20151002_123043_cell_162.png,smear,malaria,train
data/malaria/raw/cell_images/Parasitized/C51AP12thinF_IMG_20150724_153313_cell_99.png,smear,malaria,train
data/malaria/raw/cell_images/Uninfected/C98P59ThinF_IMG_20150917_153801_cell_83.png,smear,malaria,train
data/malaria/raw/cell_images/Uninfected/C52P13thinF_IMG_20150725_130013_cell_65.png,smear,malaria,train
data/malaria/raw/cell_images/Parasitized/C132P93ThinF_IMG_20151004_152642_cell_3.png,smear,malaria,train
data/malaria/raw/cell_images/Parasitized/C59P20thinF_IMG_20150803_112858_cell_180.png,smear,malaria,train
data/malaria/raw/cell_images/Parasitized/C89P50ThinF_IMG_20150820_162504_cell_192.png,smear,malaria,train
data/malaria/raw/cell_images/Uninfected/C185P146ThinF_IMG_20151203_110933_cell_189.png,smear,malaria,train
data/malaria/raw/cell_images/Parasitized/C80P41ThinF_IMG_20150817_110957_cell_149.png,smear,malaria,train
data/malaria/raw/cell_images/Uninfected/C216ThinF_IMG_20151106_135337_cell_60.png,smear,malaria,train
data/malaria/raw/cell_images/Parasitized/C129P90ThinF_IMG_20151004_134944_cell_12.png,smear,malaria,train
data/malaria/raw/cell_images/Parasitized/C101P62ThinF_IMG_20150923_170246_cell_70.png,smear,malaria,train
data/malaria/raw/cell_images/Parasitized/C59P20thinF_IMG_20150803_112858_cell_188.png,smear,malaria,train
data/malaria/raw/cell_images/Parasitized/C82P43ThinF_IMG_20150817_125114_cell_19.png,smear,malaria,train
data/malaria/raw/cell_images/Parasitized/C172P133ThinF_IMG_20151119_155307_cell_261.png,smear,malaria,train
data/malaria/raw/cell_images/Parasitized/C59P20thinF_IMG_20150803_112802_cell_165.png,smear,malaria,train
data/malaria/raw/cell_images/Parasitized/C126P87ThinF_IMG_20151004_105342_cell_116.png,smear,malaria,train
data/malaria/raw/cell_images/Parasitized/C59P20thinF_IMG_20150803_113430_cell_50.png,smear,malaria,train
data/malaria/raw/cell_images/Uninfected/C122P83ThinF_IMG_20151002_145415_cell_110.png,smear,malaria,train
data/malaria/raw/cell_images/Parasitized/C189P150ThinF_IMG_20151203_141719_cell_54.png,smear,malaria,train
data/malaria/raw/cell_images/Parasitized/C39P4thinF_original_IMG_20150622_111723_cell_94.png,smear,malaria,train
data/malaria/raw/cell_images/Uninfected/C188P149ThinF_IMG_20151203_134209_cell_9.png,smear,malaria,train
data/malaria/raw/cell_images/Parasitized/C82P43ThinF_IMG_20150817_124728_cell_23.png,smear,malaria,train
data/malaria/raw/cell_images/Uninfected/C60P21thinF_IMG_20150804_104919_cell_94.png,smear,malaria,train
data/malaria/raw/cell_images/Parasitized/C134P95ThinF_IMG_20151005_121952_cell_121.png,smear,malaria,train
data/malaria/raw/cell_images/Parasitized/C99P60ThinF_IMG_20150918_141001_cell_163.png,smear,malaria,train
data/malaria/raw/cell_images/Uninfected/C109P70ThinF_IMG_20150930_102944_cell_127.png,smear,malaria,train
data/malaria/raw/cell_images/Uninfected/C214ThinF_IMG_20151106_115440_cell_61.png,smear,malaria,train
data/malaria/raw/cell_images/Parasitized/C132P93ThinF_IMG_20151004_151811_cell_158.png,smear,malaria,train
data/malaria/raw/cell_images/Parasitized/C87P48ThinF_IMG_20150820_132327_cell_182.png,smear,malaria,train
data/malaria/raw/cell_images/Parasitized/C68P29N_ThinF_IMG_20150819_134625_cell_2.png,smear,malaria,train
data/malaria/raw/cell_images/Parasitized/C176P137NThinF_IMG_20151201_120612_cell_2.png,smear,malaria,train
data/malaria/raw/cell_images/Parasitized/C176P137NThinF_IMG_20151201_114235_cell_3.png,smear,malaria,train
data/malaria/raw/cell_images/Parasitized/C149P110ThinF_IMG_20151115_114555_cell_305.png,smear,malaria,train
data/malaria/raw/cell_images/Parasitized/C97P58ThinF_IMG_20150917_145555_cell_189.png,smear,malaria,train
data/malaria/raw/cell_images/Uninfected/C168P129ThinF_IMG_20151118_154126_cell_62.png,smear,malaria,train
data/malaria/raw/cell_images/Uninfected/C167P128ReThinF_IMG_20151201_105707_cell_4.png,smear,malaria,train
data/malaria/raw/cell_images/Parasitized/C39P4thinF_original_IMG_20150622_113126_cell_13.png,smear,malaria,train
data/malaria/raw/cell_images/Uninfected/C215ThinF_IMG_20151106_133643_cell_212.png,smear,malaria,train
data/malaria/raw/cell_images/Parasitized/C137P98ThinF_IMG_20151005_162437_cell_80.png,smear,malaria,train
data/malaria/raw/cell_images/Parasitized/C59P20thinF_IMG_20150803_112733_cell_183.png,smear,malaria,train
data/malaria/raw/cell_images/Uninfected/C218ThinF_IMG_20151106_144337_cell_75.png,smear,malaria,train
data/malaria/raw/cell_images/Parasitized/C39P4thinF_original_IMG_20150622_113446_cell_14.png,smear,malaria,train
data/malaria/raw/cell_images/Uninfected/C142P103ThinF_IMG_20151005_222255_cell_67.png,smear,malaria,train
data/malaria/raw/cell_images/Uninfected/C179P140ThinF_IMG_20151127_153453_cell_21.png,smear,malaria,train
data/malaria/raw/cell_images/Uninfected/C137P98ThinF_IMG_20151005_160256_cell_12.png,smear,malaria,train
data/malaria/raw/cell_images/Uninfected/C82P43ThinF_IMG_20150817_123500_cell_196.png,smear,malaria,train
data/malaria/raw/cell_images/Parasitized/C184P145ThinF_IMG_20151203_104334_cell_30.png,smear,malaria,train
data/malaria/raw/cell_images/Parasitized/C167P128ReThinF_IMG_20151201_105559_cell_227.png,smear,malaria,train
data/malaria/raw/cell_images/Uninfected/C118P79ThinF_IMG_20151002_105735_cell_10.png,smear,malaria,train
data/malaria/raw/cell_images/Uninfected/C106P67ThinF_IMG_20150924_102245_cell_86.png,smear,malaria,train
data/malaria/raw/cell_images/Parasitized/C82P43ThinF_IMG_20150817_123824_cell_189.png,smear,malaria,train
data/malaria/raw/cell_images/Uninfected/C59P20thinF_IMG_20150803_112802_cell_4.png,smear,malaria,train
data/malaria/raw/cell_images/Uninfected/C184P145ThinF_IMG_20151203_104153_cell_60.png,smear,malaria,train
data/malaria/raw/cell_images/Uninfected/C4thin_original_IMG_20150608_170016_cell_31.png,smear,malaria,train
data/malaria/raw/cell_images/Parasitized/C68P29N_ThinF_IMG_20150819_133447_cell_117.png,smear,malaria,train
data/malaria/raw/cell_images/Uninfected/C1_thinF_IMG_20150604_104942_cell_102.png,smear,malaria,train
data/malaria/raw/cell_images/Uninfected/C123P84ThinF_IMG_20151002_152144_cell_160.png,smear,malaria,train
data/malaria/raw/cell_images/Parasitized/C139P100ThinF_IMG_20151005_182822_cell_163.png,smear,malaria,train
data/malaria/raw/cell_images/Parasitized/C181P142ThinF_IMG_20151127_160539_cell_182.png,smear,malaria,train
data/malaria/raw/cell_images/Uninfected/C62P23N_ThinF_IMG_20150818_133211_cell_87.png,smear,malaria,train
data/malaria/raw/cell_images/Parasitized/C133P94ThinF_IMG_20151004_155912_cell_9.png,smear,malaria,train
data/malaria/raw/cell_images/Parasitized/C184P145ThinF_IMG_20151203_104440_cell_30.png,smear,malaria,train
data/malaria/raw/cell_images/Uninfected/C6NThinF_IMG_20150609_121955_cell_51.png,smear,malaria,train
data/malaria/raw/cell_images/Parasitized/C116P77ThinF_IMG_20150930_171844_cell_115.png,smear,malaria,train
data/malaria/raw/cell_images/Uninfected/C1_thinF_IMG_20150604_104942_cell_168.png,smear,malaria,train
data/malaria/raw/cell_images/Parasitized/C117P78ThinF_IMG_20150930_215322_cell_87.png,smear,malaria,train
data/malaria/raw/cell_images/Parasitized/C154P115ThinF_IMG_20151115_141336_cell_232.png,smear,malaria,train
data/malaria/raw/cell_images/Uninfected/C68P29N_ThinF_IMG_20150819_134504_cell_88.png,smear,malaria,train
data/malaria/raw/cell_images/Parasitized/C124P85ThinF_IMG_20151002_153825_cell_192.png,smear,malaria,train
data/malaria/raw/cell_images/Parasitized/C84P45ThinF_IMG_20150818_103817_cell_2.png,smear,malaria,train
data/malaria/raw/cell_images/Uninfected/C87P48ThinF_IMG_20150820_144855_cell_83.png,smear,malaria,train
data/malaria/raw/cell_images/Parasitized/C101P62ThinF_IMG_20150918_151149_cell_81.png,smear,malaria,train
data/malaria/raw/cell_images/Uninfected/C131P92ThinF_IMG_20151004_151001_cell_65.png,smear,malaria,train
data/malaria/raw/cell_images/Uninfected/C241NThinF_IMG_20151207_124115_cell_143.png,smear,malaria,train
data/malaria/raw/cell_images/Parasitized/C118P79ThinF_IMG_20151002_105346_cell_157.png,smear,malaria,train
data/malaria/raw/cell_images/Uninfected/C172P133ThinF_IMG_20151119_154936_cell_124.png,smear,malaria,train
data/malaria/raw/cell_images/Parasitized/C132P93ThinF_IMG_20151004_151941_cell_32.png,smear,malaria,train
data/malaria/raw/cell_images/Uninfected/C144P105ThinF_IMG_20151015_155149_cell_179.png,smear,malaria,train
data/malaria/raw/cell_images/Parasitized/C66P27N_ThinF_IMG_20150818_163551_cell_186.png,smear,malaria,train
data/malaria/raw/cell_images/Uninfected/C42P5thin_original_IMG_20150623_134547_cell_114.png,smear,malaria,train
data/malaria/raw/cell_images/Parasitized/C100P61ThinF_IMG_20150918_144823_cell_158.png,smear,malaria,train
data/malaria/raw/cell_images/Uninfected/C170P131ThinF_IMG_20151119_115918_cell_182.png,smear,malaria,train
data/malaria/raw/cell_images/Parasitized/C66P27N_ThinF_IMG_20150818_164754_cell_201.png,smear,malaria,train
data/malaria/raw/cell_images/Parasitized/C51AP12thinF_IMG_20150724_154330_cell_108.png,smear,malaria,train
data/malaria/raw/cell_images/Uninfected/C47P8thin_Original_Motic_IMG_20150714_093600_cell_25.png,smear,malaria,train
data/malaria/raw/cell_images/Uninfected/C101P62ThinF_IMG_20150918_151507_cell_11.png,smear,malaria,train
data/malaria/raw/cell_images/Parasitized/C188P149ThinF_IMG_20151203_134319_cell_189.png,smear,malaria,train
data/malaria/raw/cell_images/Uninfected/C46P7ThinF_IMG_20151130_210843_cell_61.png,smear,malaria,train
data/malaria/raw/cell_images/Uninfected/C89P50ThinF_IMG_20150820_162300_cell_166.png,smear,malaria,train
data/malaria/raw/cell_images/Uninfected/C103P64ThinF_IMG_20150918_165125_cell_138.png,smear,malaria,train
data/malaria/raw/cell_images/Parasitized/C175P136NThinF_IMG_20151127_142009_cell_224.png,smear,malaria,train
data/malaria/raw/cell_images/Uninfected/C87P48ThinF_IMG_20150820_132642_cell_5.png,smear,malaria,train
data/malaria/raw/cell_images/Uninfected/C186P147NThinF_IMG_20151203_150132_cell_157.png,smear,malaria,train
data/malaria/raw/cell_images/Parasitized/C184P145ThinF_IMG_20151203_103824_cell_151.png,smear,malaria,train
data/malaria/raw/cell_images/Parasitized/C48P9thinF_IMG_20150721_164304_cell_8.png,smear,malaria,train
data/malaria/raw/cell_images/Parasitized/C99P60ThinF_IMG_20150918_141857_cell_54.png,smear,malaria,train
data/malaria/raw/cell_images/Parasitized/C39P4thinF_original_IMG_20150622_110115_cell_130.png,smear,malaria,train
data/malaria/raw/cell_images/Parasitized/C170P131ThinF_IMG_20151119_115918_cell_272.png,smear,malaria,train
data/malaria/raw/cell_images/Parasitized/C180P141NThinF_IMG_20151201_163848_cell_179.png,smear,malaria,train
data/malaria/raw/cell_images/Uninfected/C49P10thinF_IMG_20150724_103054_cell_148.png,smear,malaria,train
data/malaria/raw/cell_images/Uninfected/C133P94ThinF_IMG_20151004_154351_cell_26.png,smear,malaria,train
data/malaria/raw/cell_images/Parasitized/C179P140ThinF_IMG_20151127_153521_cell_174.png,smear,malaria,train
data/malaria/raw/cell_images/Parasitized/C45P6ThinF_IMG_20151130_160409_cell_201.png,smear,malaria,train
data/malaria/raw/cell_images/Uninfected/C238NThinF_IMG_20151207_114914_cell_36.png,smear,malaria,train
data/malaria/raw/cell_images/Parasitized/C76P37ThinF_IMG_20150815_171454_cell_256.png,smear,malaria,train
data/malaria/raw/cell_images/Uninfected/C185P146ThinF_IMG_20151203_110344_cell_174.png,smear,malaria,train
data/malaria/raw/cell_images/Parasitized/C68P29N_ThinF_IMG_20150819_134830_cell_1.png,smear,malaria,train
data/malaria/raw/cell_images/Uninfected/C53P14thinF_IMG_20150726_120600_cell_106.png,smear,malaria,train
data/malaria/raw/cell_images/Uninfected/C129P90ThinF_IMG_20151004_133538_cell_66.png,smear,malaria,train
data/malaria/raw/cell_images/Parasitized/C59P20thinF_IMG_20150803_111333_cell_138.png,smear,malaria,train
data/malaria/raw/cell_images/Uninfected/C204ThinF_IMG_20151029_110627_cell_117.png,smear,malaria,train
data/malaria/raw/cell_images/Parasitized/C170P131ThinF_IMG_20151119_120111_cell_236.png,smear,malaria,train
data/malaria/raw/cell_images/Uninfected/C141P102ThinF_IMG_20151005_214338_cell_53.png,smear,malaria,train
data/malaria/raw/cell_images/Uninfected/C66P27N_ThinF_IMG_20150818_164008_cell_118.png,smear,malaria,train
data/malaria/raw/cell_images/Parasitized/C130P91ThinF_IMG_20151004_141504_cell_147.png,smear,malaria,train
data/malaria/raw/cell_images/Uninfected/C225ThinF_IMG_20151112_113953_cell_14.png,smear,malaria,train
data/malaria/raw/cell_images/Uninfected/C238NThinF_IMG_20151207_114038_cell_139.png,smear,malaria,train
data/malaria/raw/cell_images/Uninfected/C138P99ThinF_IMG_20151005_171116_cell_98.png,smear,malaria,train
data/malaria/raw/cell_images/Parasitized/C116P77ThinF_IMG_20150930_171954_cell_100.png,smear,malaria,train
data/malaria/raw/cell_images/Uninfected/C97P58ThinF_IMG_20150917_151551_cell_41.png,smear,malaria,train
data/malaria/raw/cell_images/Parasitized/C176P137NThinF_IMG_20151201_122708_cell_144.png,smear,malaria,train
data/malaria/raw/cell_images/Uninfected/C230ThinF_IMG_20151112_150730_cell_78.png,smear,malaria,train
data/malaria/raw/cell_images/Parasitized/C164P125ThinF_IMG_20151116_115604_cell_2.png,smear,malaria,train
data/malaria/raw/cell_images/Uninfected/C2NThinF_IMG_20150604_115238_cell_223.png,smear,malaria,train
data/malaria/raw/cell_images/Parasitized/C82P43ThinF_IMG_20150817_123824_cell_198.png,smear,malaria,train
data/malaria/raw/cell_images/Uninfected/C138P99ThinF_IMG_20151005_173241_cell_22.png,smear,malaria,train
data/malaria/raw/cell_images/Uninfected/C84P45ThinF_IMG_20150818_104156_cell_50.png,smear,malaria,train
data/malaria/raw/cell_images/Uninfected/C122P83ThinF_IMG_20151002_145751_cell_130.png,smear,malaria,train
data/malaria/raw/cell_images/Parasitized/C182P143NThinF_IMG_20151201_172759_cell_31.png,smear,malaria,train
data/malaria/raw/cell_images/Parasitized/C48P9thinF_IMG_20150721_164304_cell_31.png,smear,malaria,train
data/malaria/raw/cell_images/Uninfected/C59P20thinF_IMG_20150803_112802_cell_106.png,smear,malaria,train
data/malaria/raw/cell_images/Uninfected/C42P5thin_original_IMG_20150623_134751_cell_68.png,smear,malaria,train
data/malaria/raw/cell_images/Parasitized/C93P54ThinF_IMG_20150821_163640_cell_201.png,smear,malaria,train
data/malaria/raw/cell_images/Uninfected/C70P31_ThinF_IMG_20150813_130510_cell_43.png,smear,malaria,train
data/malaria/raw/cell_images/Uninfected/C237ThinF_IMG_20151127_104954_cell_162.png,smear,malaria,train
data/malaria/raw/cell_images/Uninfected/C235ThinF_IMG_20151112_164918_cell_191.png,smear,malaria,train
data/malaria/raw/cell_images/Parasitized/C59P20thinF_IMG_20150803_113139_cell_59.png,smear,malaria,train
data/malaria/raw/cell_images/Uninfected/C132P93ThinF_IMG_20151004_152353_cell_10.png,smear,malaria,train
data/malaria/raw/cell_images/Uninfected/C137P98ThinF_IMG_20151005_160256_cell_45.png,smear,malaria,train
data/malaria/raw/cell_images/Uninfected/C125P86ThinF_IMG_20151004_102619_cell_109.png,smear,malaria,train
data/malaria/raw/cell_images/Parasitized/C155P116ThinF_IMG_20151115_142526_cell_179.png,smear,malaria,train
data/malaria/raw/cell_images/Parasitized/C136P97ThinF_IMG_20151005_140538_cell_121.png,smear,malaria,train
data/malaria/raw/cell_images/Parasitized/C184P145ThinF_IMG_20151203_102543_cell_159.png,smear,malaria,train
data/malaria/raw/cell_images/Parasitized/C184P145ThinF_IMG_20151203_102721_cell_24.png,smear,malaria,train
data/malaria/raw/cell_images/Uninfected/C111P72ThinF_IMG_20150930_113049_cell_37.png,smear,malaria,train
data/malaria/raw/cell_images/Uninfected/C169P130ThinF_IMG_20151119_143039_cell_49.png,smear,malaria,train
data/malaria/raw/cell_images/Parasitized/C132P93ThinF_IMG_20151004_152808_cell_23.png,smear,malaria,train
data/malaria/raw/cell_images/Parasitized/C180P141NThinF_IMG_20151201_163751_cell_176.png,smear,malaria,train
data/malaria/raw/cell_images/Uninfected/C181P142ThinF_IMG_20151127_160616_cell_14.png,smear,malaria,train
data/malaria/raw/cell_images/Parasitized/C99P60ThinF_IMG_20150918_141314_cell_95.png,smear,malaria,train
data/malaria/raw/cell_images/Uninfected/C91P52ThinF_IMG_20150821_125154_cell_100.png,smear,malaria,train
data/malaria/raw/cell_images/Parasitized/C118P79ThinF_IMG_20151002_104831_cell_152.png,smear,malaria,train
data/malaria/raw/cell_images/Uninfected/C171P132ThinF_IMG_20151119_153512_cell_182.png,smear,malaria,train
data/malaria/raw/cell_images/Uninfected/C217ThinF_IMG_20151106_142147_cell_161.png,smear,malaria,train
data/malaria/raw/cell_images/Parasitized/C182P143NThinF_IMG_20151201_171950_cell_191.png,smear,malaria,train
data/malaria/raw/cell_images/Uninfected/C95P56ThinF_IMG_20150821_172351_cell_57.png,smear,malaria,train
data/malaria/raw/cell_images/Parasitized/C100P61ThinF_IMG_20150918_145609_cell_151.png,smear,malaria,train
data/malaria/raw/cell_images/Parasitized/C39P4thinF_original_IMG_20150622_113446_cell_21.png,smear,malaria,train
data/malaria/raw/cell_images/Uninfected/C188P149ThinF_IMG_20151203_134209_cell_99.png,smear,malaria,train
data/malaria/raw/cell_images/Parasitized/C176P137NThinF_IMG_20151201_121808_cell_128.png,smear,malaria,train
data/malaria/raw/cell_images/Uninfected/C71P32_ThinF_IMG_20150813_162554_cell_65.png,smear,malaria,train
data/malaria/raw/cell_images/Parasitized/C48P9thinF_IMG_20150721_161412_cell_181.png,smear,malaria,train
data/malaria/raw/cell_images/Parasitized/C136P97ThinF_IMG_20151005_144727_cell_132.png,smear,malaria,train
data/malaria/raw/cell_images/Uninfected/C127P88ThinF_IMG_20151004_111436_cell_19.png,smear,malaria,train
data/malaria/raw/cell_images/Parasitized/C93P54ThinF_IMG_20150821_163452_cell_207.png,smear,malaria,train
data/malaria/raw/cell_images/Uninfected/C166P127ThinF_IMG_20151117_194410_cell_61.png,smear,malaria,train
data/malaria/raw/cell_images/Uninfected/C168P129ThinF_IMG_20151118_160516_cell_167.png,smear,malaria,train
data/malaria/raw/cell_images/Uninfected/C48P9thinF_IMG_20150721_160944_cell_127.png,smear,malaria,train
data/malaria/raw/cell_images/Uninfected/C167P128ReThinF_IMG_20151201_105354_cell_132.png,smear,malaria,train
data/malaria/raw/cell_images/Uninfected/C58P19thinF_IMG_20150802_122648_cell_43.png,smear,malaria,train
data/malaria/raw/cell_images/Parasitized/C145P106ThinF_IMG_20151016_154719_cell_152.png,smear,malaria,train
data/malaria/raw/cell_images/Parasitized/C132P93ThinF_IMG_20151004_151733_cell_166.png,smear,malaria,train
data/malaria/raw/cell_images/Parasitized/C133P94ThinF_IMG_20151004_154158_cell_123.png,smear,malaria,train
data/malaria/raw/cell_images/Uninfected/C88P49ThinF_IMG_20150820_150141_cell_16.png,smear,malaria,train
data/malaria/raw/cell_images/Parasitized/C118P79ThinF_IMG_20151002_110002_cell_23.png,smear,malaria,train
data/malaria/raw/cell_images/Parasitized/C119P80ThinF_IMG_20151002_123608_cell_140.png,smear,malaria,train
data/malaria/raw/cell_images/Parasitized/C182P143NThinF_IMG_20151201_172759_cell_45.png,smear,malaria,train
data/malaria/raw/cell_images/Uninfected/C233ThinF_IMG_20151112_161119_cell_258.png,smear,malaria,train
data/malaria/raw/cell_images/Uninfected/C69P30N_ThinF_IMG_20150819_135421_cell_30.png,smear,malaria,train
data/malaria/raw/cell_images/Uninfected/C78P39ThinF_IMG_20150606_103630_cell_26.png,smear,malaria,train
data/malaria/raw/cell_images/Parasitized/C91P52ThinF_IMG_20150821_124937_cell_193.png,smear,malaria,train
data/malaria/raw/cell_images/Parasitized/C39P4thinF_original_IMG_20150622_110900_cell_4.png,smear,malaria,train
data/malaria/raw/cell_images/Uninfected/C130P91ThinF_IMG_20151004_141504_cell_9.png,smear,malaria,train
data/malaria/raw/cell_images/Parasitized/C82P43ThinF_IMG_20150817_125326_cell_8.png,smear,malaria,train
data/malaria/raw/cell_images/Uninfected/C50P11thinF_IMG_20150724_115141_cell_151.png,smear,malaria,train
data/malaria/raw/cell_images/Parasitized/C120P81ThinF_IMG_20151002_130715_cell_192.png,smear,malaria,train
data/malaria/raw/cell_images/Uninfected/C48P9thinF_IMG_20150721_161243_cell_89.png,smear,malaria,train
data/malaria/raw/cell_images/Uninfected/C176P137NThinF_IMG_20151201_120845_cell_40.png,smear,malaria,train
data/malaria/raw/cell_images/Parasitized/C126P87ThinF_IMG_20151004_104813_cell_149.png,smear,malaria,train
data/malaria/raw/cell_images/Uninfected/C2NThinF_IMG_20150604_114751_cell_107.png,smear,malaria,train
data/malaria/raw/cell_images/Parasitized/C99P60ThinF_IMG_20150918_142128_cell_108.png,smear,malaria,train
data/malaria/raw/cell_images/Uninfected/C163P124ThinF_IMG_20151116_110921_cell_142.png,smear,malaria,train
data/malaria/raw/cell_images/Uninfected/C173P134NThinF_IMG_20151130_120046_cell_3.png,smear,malaria,train
data/malaria/raw/cell_images/Parasitized/C136P97ThinF_IMG_20151005_140538_cell_112.png,smear,malaria,train
data/malaria/raw/cell_images/Uninfected/C213ThinF_IMG_20151106_112252_cell_33.png,smear,malaria,train
data/malaria/raw/cell_images/Uninfected/C89P50ThinF_IMG_20150820_163728_cell_112.png,smear,malaria,train
data/malaria/raw/cell_images/Parasitized/C68P29N_ThinF_IMG_20150819_134712_cell_39.png,smear,malaria,train
data/malaria/raw/cell_images/Parasitized/C116P77ThinF_IMG_20150930_172112_cell_99.png,smear,malaria,train
data/malaria/raw/cell_images/Parasitized/C70P31_ThinF_IMG_20150819_142703_cell_1.png,smear,malaria,train
data/malaria/raw/cell_images/Parasitized/C122P83ThinF_IMG_20151002_150207_cell_159.png,smear,malaria,train
data/malaria/raw/cell_images/Uninfected/C163P124ThinF_IMG_20151116_110818_cell_267.png,smear,malaria,train
data/malaria/raw/cell_images/Parasitized/C95P56ThinF_IMG_20150821_172351_cell_106.png,smear,malaria,train
data/malaria/raw/cell_images/Parasitized/C101P62ThinF_IMG_20150923_170246_cell_89.png,smear,malaria,train
data/malaria/raw/cell_images/Parasitized/C180P141NThinF_IMG_20151201_165659_cell_7.png,smear,malaria,train
data/malaria/raw/cell_images/Parasitized/C137P98ThinF_IMG_20151005_163712_cell_78.png,smear,malaria,train
data/malaria/raw/cell_images/Uninfected/C240ThinF_IMG_20151127_115328_cell_166.png,smear,malaria,train
data/malaria/raw/cell_images/Uninfected/C183P144NThinF_IMG_20151201_224107_cell_23.png,smear,malaria,train
data/malaria/raw/cell_images/Parasitized/C82P43ThinF_IMG_20150817_124728_cell_8.png,smear,malaria,train
data/malaria/raw/cell_images/Uninfected/C69P30N_ThinF_IMG_20150819_135613_cell_170.png,smear,malaria,train
data/malaria/raw/cell_images/Parasitized/C48P9thinF_IMG_20150721_160944_cell_220.png,smear,malaria,train
data/malaria/raw/cell_images/Parasitized/C123P84ThinF_IMG_20151002_151143_cell_186.png,smear,malaria,train
data/malaria/raw/cell_images/Uninfected/C123P84ThinF_IMG_20151002_152330_cell_79.png,smear,malaria,train
data/malaria/raw/cell_images/Uninfected/C168P129ThinF_IMG_20151118_160845_cell_14.png,smear,malaria,train
data/malaria/raw/cell_images/Parasitized/C68P29N_ThinF_IMG_20150819_133236_cell_200.png,smear,malaria,train
data/malaria/raw/cell_images/Parasitized/C132P93ThinF_IMG_20151004_151733_cell_152.png,smear,malaria,train
data/malaria/raw/cell_images/Uninfected/C108P69ThinF_IMG_20150924_225004_cell_57.png,smear,malaria,train
data/malaria/raw/cell_images/Parasitized/C182P143NThinF_IMG_20151201_172759_cell_20.png,smear,malaria,train
data/malaria/raw/cell_images/Uninfected/C70P31_ThinF_IMG_20150813_130849_cell_44.png,smear,malaria,train
data/malaria/raw/cell_images/Parasitized/C181P142ThinF_IMG_20151127_160650_cell_193.png,smear,malaria,train
data/malaria/raw/cell_images/Uninfected/C56P17thinF_IMG_20150728_153328_cell_36.png,smear,malaria,train
data/malaria/raw/cell_images/Uninfected/C106P67ThinF_IMG_20150924_103636_cell_99.png,smear,malaria,train
data/malaria/raw/cell_images/Uninfected/C56P17thinF_IMG_20150728_160537_cell_63.png,smear,malaria,train
data/malaria/raw/cell_images/Uninfected/C227ThinF_IMG_20151112_135422_cell_33.png,smear,malaria,train
data/malaria/raw/cell_images/Uninfected/C158P119ThinF_IMG_20151115_181558_cell_113.png,smear,malaria,train
data/malaria/raw/cell_images/Uninfected/C107P68ThinF_IMG_20150924_221909_cell_9.png,smear,malaria,train
data/malaria/raw/cell_images/Parasitized/C146P107ThinF_IMG_20151018_140439_cell_284.png,smear,malaria,train
data/malaria/raw/cell_images/Uninfected/C216ThinF_IMG_20151106_135653_cell_139.png,smear,malaria,train
data/malaria/raw/cell_images/Uninfected/C241NThinF_IMG_20151207_124608_cell_125.png,smear,malaria,train
data/malaria/raw/cell_images/Parasitized/C99P60ThinF_IMG_20150918_141001_cell_97.png,smear,malaria,train
data/malaria/raw/cell_images/Parasitized/C174P135NThinF_IMG_20151127_135512_cell_189.png,smear,malaria,train
data/malaria/raw/cell_images/Parasitized/C189P150ThinF_IMG_20151203_142224_cell_81.png,smear,malaria,train
data/malaria/raw/cell_images/Parasitized/C137P98ThinF_IMG_20151005_163335_cell_3.png,smear,malaria,train
data/malaria/raw/cell_images/Parasitized/C84P45ThinF_IMG_20150818_102325_cell_93.png,smear,malaria,train
data/malaria/raw/cell_images/Uninfected/C135P96ThinF_IMG_20151005_124031_cell_78.png,smear,malaria,train
data/malaria/raw/cell_images/Uninfected/C159P120ThinF_IMG_20151115_185541_cell_174.png,smear,malaria,train
data/malaria/raw/cell_images/Parasitized/C48P9thinF_IMG_20150721_161055_cell_166.png,smear,malaria,train
data/malaria/raw/cell_images/Uninfected/C232ThinF_IMG_20151112_154424_cell_42.png,smear,malaria,train
data/malaria/raw/cell_images/Parasitized/C82P43ThinF_IMG_20150817_123500_cell_218.png,smear,malaria,train
data/malaria/raw/cell_images/Parasitized/C168P129ThinF_IMG_20151118_160845_cell_152.png,smear,malaria,train
data/malaria/raw/cell_images/Uninfected/C108P69ThinF_IMG_20150924_225511_cell_180.png,smear,malaria,train
data/malaria/raw/cell_images/Parasitized/C181P142ThinF_IMG_20151127_155722_cell_173.png,smear,malaria,train
data/malaria/raw/cell_images/Parasitized/C184P145ThinF_IMG_20151203_104030_cell_12.png,smear,malaria,train
data/malaria/raw/cell_images/Parasitized/C68P29N_ThinF_IMG_20150819_133236_cell_178.png,smear,malaria,train
data/malaria/raw/cell_images/Uninfected/C120P81ThinF_IMG_20151002_130715_cell_173.png,smear,malaria,train
data/malaria/raw/cell_images/Parasitized/C156P117ThinF_IMG_20151115_153831_cell_258.png,smear,malaria,train
data/malaria/raw/cell_images/Uninfected/C127P88ThinF_IMG_20151004_111755_cell_1.png,smear,malaria,train
data/malaria/raw/cell_images/Parasitized/C59P20thinF_IMG_20150803_112733_cell_180.png,smear,malaria,train
data/malaria/raw/cell_images/Uninfected/C105P66ThinF_IMG_20150924_100655_cell_75.png,smear,malaria,train
data/malaria/raw/cell_images/Uninfected/C207ThinF_IMG_20151029_144033_cell_198.png,smear,malaria,train
data/malaria/raw/cell_images/Parasitized/C117P78ThinF_IMG_20150930_220616_cell_96.png,smear,malaria,train
data/malaria/raw/cell_images/Parasitized/C120P81ThinF_IMG_20151002_130918_cell_195.png,smear,malaria,train
data/malaria/raw/cell_images/Uninfected/C127P88ThinF_IMG_20151004_112126_cell_78.png,smear,malaria,train
data/malaria/raw/cell_images/Parasitized/C128P89ThinF_IMG_20151004_131753_cell_131.png,smear,malaria,train
data/malaria/raw/cell_images/Parasitized/C156P117ThinF_IMG_20151115_154313_cell_272.png,smear,malaria,train
data/malaria/raw/cell_images/Uninfected/C134P95ThinF_IMG_20151005_121425_cell_70.png,smear,malaria,train
data/malaria/raw/cell_images/Parasitized/C137P98ThinF_IMG_20151005_161449_cell_8.png,smear,malaria,train
data/malaria/raw/cell_images/Parasitized/C60P21thinF_IMG_20150804_105639_cell_6.png,smear,malaria,train
data/malaria/raw/cell_images/Parasitized/C99P60ThinF_IMG_20150918_141129_cell_144.png,smear,malaria,train
data/malaria/raw/cell_images/Parasitized/C136P97ThinF_IMG_20151005_143743_cell_123.png,smear,malaria,train
data/malaria/raw/cell_images/Parasitized/C68P29N_ThinF_IMG_20150819_134712_cell_71.png,smear,malaria,train
data/malaria/raw/cell_images/Uninfected/C231ThinF_IMG_20151112_153106_cell_147.png,smear,malaria,train
data/malaria/raw/cell_images/Uninfected/C239ThinF_IMG_20151127_113223_cell_116.png,smear,malaria,train
data/malaria/raw/cell_images/Parasitized/C42P5thin_original_IMG_20150623_135746_cell_161.png,smear,malaria,train
data/malaria/raw/cell_images/Uninfected/C109P70ThinF_IMG_20150930_103811_cell_66.png,smear,malaria,train
data/malaria/raw/cell_images/Parasitized/C117P78ThinF_IMG_20150930_214511_cell_94.png,smear,malaria,train
data/malaria/raw/cell_images/Uninfected/C1_thinF_IMG_20150604_104919_cell_86.png,smear,malaria,train
data/malaria/raw/cell_images/Uninfected/C170P131ThinF_IMG_20151119_120019_cell_134.png,smear,malaria,train
data/malaria/raw/cell_images/Uninfected/C149P110ThinF_IMG_20151115_114729_cell_4.png,smear,malaria,train
data/malaria/raw/cell_images/Uninfected/C48P9thinF_IMG_20150721_160406_cell_194.png,smear,malaria,train
data/malaria/raw/cell_images/Uninfected/C58P19thinF_IMG_20150802_122520_cell_90.png,smear,malaria,train
data/malaria/raw/cell_images/Uninfected/C61P22N_ThinF_IMG_20150818_112433_cell_152.png,smear,malaria,train
data/malaria/raw/cell_images/Uninfected/C58P19thinF_IMG_20150802_122520_cell_149.png,smear,malaria,train
data/malaria/raw/cell_images/Parasitized/C132P93ThinF_IMG_20151004_151733_cell_136.png,smear,malaria,train
data/malaria/raw/cell_images/Uninfected/C83P44ThinF_IMG_20150817_133454_cell_100.png,smear,malaria,train
data/malaria/raw/cell_images/Parasitized/C97P58ThinF_IMG_20150917_151512_cell_175.png,smear,malaria,train
data/malaria/raw/cell_images/Uninfected/C136P97ThinF_IMG_20151005_141321_cell_20.png,smear,malaria,train
data/malaria/raw/cell_images/Parasitized/C172P133ThinF_IMG_20151119_155343_cell_288.png,smear,malaria,train
data/malaria/raw/cell_images/Parasitized/C129P90ThinF_IMG_20151004_134700_cell_33.png,smear,malaria,train
data/malaria/raw/cell_images/Uninfected/C185P146ThinF_IMG_20151203_110817_cell_29.png,smear,malaria,train
data/malaria/raw/cell_images/Uninfected/C13NThinF_IMG_20150614_131529_cell_203.png,smear,malaria,train
data/malaria/raw/cell_images/Uninfected/C75P36_ThinF_IMG_20150815_163225_cell_164.png,smear,malaria,train
data/malaria/raw/cell_images/Uninfected/C213ThinF_IMG_20151106_112252_cell_244.png,smear,malaria,train
data/malaria/raw/cell_images/Uninfected/C62P23N_ThinF_IMG_20150818_132811_cell_150.png,smear,malaria,train
data/malaria/raw/cell_images/Parasitized/C116P77ThinF_IMG_20150930_171448_cell_99.png,smear,malaria,train
data/malaria/raw/cell_images/Uninfected/C164P125ThinF_IMG_20151116_115149_cell_73.png,smear,malaria,train
data/malaria/raw/cell_images/Uninfected/C129P90ThinF_IMG_20151004_134306_cell_84.png,smear,malaria,train
data/malaria/raw/cell_images/Parasitized/C133P94ThinF_IMG_20151004_153930_cell_107.png,smear,malaria,train
data/malaria/raw/cell_images/Uninfected/C116P77ThinF_IMG_20150930_171558_cell_64.png,smear,malaria,train
data/malaria/raw/cell_images/Parasitized/C180P141NThinF_IMG_20151201_170021_cell_21.png,smear,malaria,train
data/malaria/raw/cell_images/Parasitized/C132P93ThinF_IMG_20151004_151701_cell_174.png,smear,malaria,train
data/malaria/raw/cell_images/Uninfected/C203ThinF_IMG_20151029_110105_cell_206.png,smear,malaria,train
data/malaria/raw/cell_images/Parasitized/C137P98ThinF_IMG_20151005_164119_cell_79.png,smear,malaria,train
data/malaria/raw/cell_images/Parasitized/C89P50ThinF_IMG_20150820_162504_cell_188.png,smear,malaria,train
data/malaria/raw/cell_images/Parasitized/C59P20thinF_IMG_20150803_113809_cell_51.png,smear,malaria,train
data/malaria/raw/cell_images/Uninfected/C62P23N_ThinF_IMG_20150818_132918_cell_4.png,smear,malaria,train
data/malaria/raw/cell_images/Parasitized/C80P41ThinF_IMG_20150817_111246_cell_130.png,smear,malaria,train
data/malaria/raw/cell_images/Parasitized/C184P145ThinF_IMG_20151203_104153_cell_175.png,smear,malaria,train
data/malaria/raw/cell_images/Parasitized/C182P143NThinF_IMG_20151201_172057_cell_135.png,smear,malaria,train
data/malaria/raw/cell_images/Uninfected/C187P148NThinF_IMG_20151203_154200_cell_76.png,smear,malaria,train
data/malaria/raw/cell_images/Parasitized/C170P131ThinF_IMG_20151119_120019_cell_245.png,smear,malaria,train
data/malaria/raw/cell_images/Uninfected/C131P92ThinF_IMG_20151004_151001_cell_15.png,smear,malaria,train
data/malaria/raw/cell_images/Uninfected/C77P38ThinF_IMG_20150601_155642_cell_3.png,smear,malaria,train
data/malaria/raw/cell_images/Parasitized/C119P80ThinF_IMG_20151002_124345_cell_148.png,smear,malaria,train
data/malaria/raw/cell_images/Uninfected/C131P92ThinF_IMG_20151004_151001_cell_60.png,smear,malaria,train
data/malaria/raw/cell_images/Parasitized/C146P107ThinF_IMG_20151018_134554_cell_257.png,smear,malaria,train
data/malaria/raw/cell_images/Parasitized/C184P145ThinF_IMG_20151203_103824_cell_115.png,smear,malaria,train
data/malaria/raw/cell_images/Parasitized/C132P93ThinF_IMG_20151004_152808_cell_45.png,smear,malaria,train
data/malaria/raw/cell_images/Uninfected/C12NThinF_IMG_20150614_124244_cell_109.png,smear,malaria,train
data/malaria/raw/cell_images/Parasitized/C167P128ReThinF_IMG_20151201_105707_cell_236.png,smear,malaria,train
data/malaria/raw/cell_images/Uninfected/C159P120ThinF_IMG_20151115_190421_cell_52.png,smear,malaria,train
data/malaria/raw/cell_images/Uninfected/C6NThinF_IMG_20150609_122421_cell_180.png,smear,malaria,train
data/malaria/raw/cell_images/Uninfected/C218ThinF_IMG_20151106_144337_cell_215.png,smear,malaria,train
data/malaria/raw/cell_images/Parasitized/C56P17thinF_IMG_20150728_151330_cell_121.png,smear,malaria,train
data/malaria/raw/cell_images/Parasitized/C170P131ThinF_IMG_20151119_120233_cell_187.png,smear,malaria,train
data/malaria/raw/cell_images/Uninfected/C175P136NThinF_IMG_20151127_142326_cell_108.png,smear,malaria,train
data/malaria/raw/cell_images/Parasitized/C60P21thinF_IMG_20150804_104919_cell_141.png,smear,malaria,train
data/malaria/raw/cell_images/Parasitized/C137P98ThinF_IMG_20151005_160918_cell_64.png,smear,malaria,train
data/malaria/raw/cell_images/Uninfected/C53P14thinF_IMG_20150726_120600_cell_26.png,smear,malaria,train
data/malaria/raw/cell_images/Parasitized/C184P145ThinF_IMG_20151203_104334_cell_27.png,smear,malaria,train
data/malaria/raw/cell_images/Parasitized/C63P24N_ThinF_IMG_20150818_143544_cell_169.png,smear,malaria,train
data/malaria/raw/cell_images/Parasitized/C59P20thinF_IMG_20150803_113051_cell_179.png,smear,malaria,train
data/malaria/raw/cell_images/Parasitized/C176P137NThinF_IMG_20151201_121030_cell_16.png,smear,malaria,train
data/malaria/raw/cell_images/Parasitized/C39P4thinF_original_IMG_20150622_105554_cell_22.png,smear,malaria,train
data/malaria/raw/cell_images/Uninfected/C163P124ThinF_IMG_20151116_111147_cell_113.png,smear,malaria,train
data/malaria/raw/cell_images/Uninfected/C146P107ThinF_IMG_20151018_134554_cell_137.png,smear,malaria,train
data/malaria/raw/cell_images/Parasitized/C80P41ThinF_IMG_20150817_112557_cell_11.png,smear,malaria,train
data/malaria/raw/cell_images/Parasitized/C99P60ThinF_IMG_20150918_141620_cell_45.png,smear,malaria,train
data/malaria/raw/cell_images/Parasitized/C132P93ThinF_IMG_20151004_151733_cell_179.png,smear,malaria,train
data/malaria/raw/cell_images/Uninfected/C114P75ThinF_IMG_20150930_150733_cell_19.png,smear,malaria,train
data/malaria/raw/cell_images/Parasitized/C68P29N_ThinF_IMG_20150819_134830_cell_76.png,smear,malaria,train
data/malaria/raw/cell_images/Parasitized/C103P64ThinF_IMG_20150918_165510_cell_188.png,smear,malaria,train
data/malaria/raw/cell_images/Uninfected/C135P96ThinF_IMG_20151005_123441_cell_167.png,smear,malaria,train
data/malaria/raw/cell_images/Parasitized/C180P141NThinF_IMG_20151201_163848_cell_174.png,smear,malaria,train
data/malaria/raw/cell_images/Uninfected/C117P78ThinF_IMG_20150930_222228_cell_40.png,smear,malaria,train
data/malaria/raw/cell_images/Uninfected/C57P18thinF_IMG_20150729_110134_cell_5.png,smear,malaria,train
data/malaria/raw/cell_images/Uninfected/C82P43ThinF_IMG_20150817_123652_cell_80.png,smear,malaria,train
data/malaria/raw/cell_images/Parasitized/C68P29N_ThinF_IMG_20150819_134326_cell_150.png,smear,malaria,train
data/malaria/raw/cell_images/Uninfected/C86P47ThinF_IMG_20150820_125057_cell_62.png,smear,malaria,train
data/malaria/raw/cell_images/Parasitized/C93P54ThinF_IMG_20150821_163815_cell_212.png,smear,malaria,train
data/malaria/raw/cell_images/Parasitized/C39P4thinF_original_IMG_20150622_113842_cell_18.png,smear,malaria,train
data/malaria/raw/cell_images/Uninfected/C63P24N_ThinF_IMG_20150818_142948_cell_56.png,smear,malaria,train
data/malaria/raw/cell_images/Parasitized/C46P7ThinF_IMG_20151130_205719_cell_134.png,smear,malaria,train
data/malaria/raw/cell_images/Parasitized/C158P119ThinF_IMG_20151115_181035_cell_176.png,smear,malaria,train
data/malaria/raw/cell_images/Uninfected/C118P79ThinF_IMG_20151002_105125_cell_43.png,smear,malaria,train
data/malaria/raw/cell_images/Uninfected/C47P8thin_Original_Motic_IMG_20150714_094054_cell_70.png,smear,malaria,train
data/malaria/raw/cell_images/Parasitized/C129P90ThinF_IMG_20151004_133329_cell_104.png,smear,malaria,train
data/malaria/raw/cell_images/Uninfected/C81P42ThinF_IMG_20150817_120712_cell_20.png,smear,malaria,train
data/malaria/raw/cell_images/Uninfected/C82P43ThinF_IMG_20150817_123824_cell_103.png,smear,malaria,train
data/malaria/raw/cell_images/Uninfected/C63P24N_ThinF_IMG_20150818_143319_cell_63.png,smear,malaria,train
data/malaria/raw/cell_images/Parasitized/C182P143NThinF_IMG_20151201_171950_cell_160.png,smear,malaria,train
data/malaria/raw/cell_images/Uninfected/C72P33_ThinF_IMG_20150815_105033_cell_4.png,smear,malaria,train
data/malaria/raw/cell_images/Uninfected/C186P147NThinF_IMG_20151203_150222_cell_57.png,smear,malaria,train
data/malaria/raw/cell_images/Uninfected/C231ThinF_IMG_20151112_153246_cell_46.png,smear,malaria,train
data/malaria/raw/cell_images/Uninfected/C85P46ThinF_IMG_20150820_110040_cell_3.png,smear,malaria,train
data/malaria/raw/cell_images/Parasitized/C68P29N_ThinF_IMG_20150819_134504_cell_172.png,smear,malaria,train
data/malaria/raw/cell_images/Uninfected/C141P102ThinF_IMG_20151005_213930_cell_26.png,smear,malaria,train
data/malaria/raw/cell_images/Parasitized/C137P98ThinF_IMG_20151005_163251_cell_58.png,smear,malaria,train
data/malaria/raw/cell_images/Uninfected/C174P135NThinF_IMG_20151127_135311_cell_88.png,smear,malaria,train
data/malaria/raw/cell_images/Parasitized/C101P62ThinF_IMG_20150918_151149_cell_75.png,smear,malaria,train
data/malaria/raw/cell_images/Parasitized/C132P93ThinF_IMG_20151004_152808_cell_35.png,smear,malaria,train
data/malaria/raw/cell_images/Uninfected/C104P65ThinF_IMG_20150918_171751_cell_175.png,smear,malaria,train
data/malaria/raw/cell_images/Uninfected/C118P79ThinF_IMG_20151002_105827_cell_18.png,smear,malaria,train
data/malaria/raw/cell_images/Uninfected/C82P43ThinF_IMG_20150817_123652_cell_99.png,smear,malaria,train
data/malaria/raw/cell_images/Parasitized/C137P98ThinF_IMG_20151005_160918_cell_74.png,smear,malaria,train
data/malaria/raw/cell_images/Uninfected/C76P37ThinF_IMG_20150815_171454_cell_117.png,smear,malaria,train
data/malaria/raw/cell_images/Uninfected/C172P133ThinF_IMG_20151119_155019_cell_146.png,smear,malaria,train
data/malaria/raw/cell_images/Parasitized/C172P133ThinF_IMG_20151119_155343_cell_284.png,smear,malaria,train
data/malaria/raw/cell_images/Parasitized/C60P21thinF_IMG_20150804_113602_cell_124.png,smear,malaria,train
data/malaria/raw/cell_images/Uninfected/C5NThinF_IMG_20150609_122034_cell_147.png,smear,malaria,train
data/malaria/raw/cell_images/Uninfected/C203ThinF_IMG_20151029_102123_cell_24.png,smear,malaria,train
data/malaria/raw/cell_images/Parasitized/C133P94ThinF_IMG_20151004_154351_cell_108.png,smear,malaria,train
data/malaria/raw/cell_images/Parasitized/C99P60ThinF_IMG_20150918_141520_cell_131.png,smear,malaria,train
data/malaria/raw/cell_images/Parasitized/C132P93ThinF_IMG_20151004_152642_cell_35.png,smear,malaria,train
data/malaria/raw/cell_images/Uninfected/C132P93ThinF_IMG_20151004_151701_cell_6.png,smear,malaria,train
data/malaria/raw/cell_images/Uninfected/C61P22N_ThinF_IMG_20150818_112704_cell_212.png,smear,malaria,train
data/malaria/raw/cell_images/Parasitized/C149P110ThinF_IMG_20151115_115154_cell_258.png,smear,malaria,train
data/malaria/raw/cell_images/Parasitized/C103P64ThinF_IMG_20150918_165510_cell_178.png,smear,malaria,train
data/malaria/raw/cell_images/Parasitized/C131P92ThinF_IMG_20151004_145410_cell_130.png,smear,malaria,train
data/malaria/raw/cell_images/Parasitized/C91P52ThinF_IMG_20150821_125423_cell_11.png,smear,malaria,train
data/malaria/raw/cell_images/Uninfected/C202ThinF_IMG_20151015_152701_cell_84.png,smear,malaria,train
data/malaria/raw/cell_images/Parasitized/C181P142ThinF_IMG_20151127_155722_cell_180.png,smear,malaria,train
data/malaria/raw/cell_images/Uninfected/C7NthinF_IMG_20150611_104824_cell_81.png,smear,malaria,train
data/malaria/raw/cell_images/Parasitized/C136P97ThinF_IMG_20151005_143743_cell_121.png,smear,malaria,train
data/malaria/raw/cell_images/Parasitized/C176P137NThinF_IMG_20151201_122811_cell_137.png,smear,malaria,train
data/malaria/raw/cell_images/Parasitized/C184P145ThinF_IMG_20151203_104334_cell_44.png,smear,malaria,train
data/malaria/raw/cell_images/Uninfected/C80P41ThinF_IMG_20150817_110834_cell_105.png,smear,malaria,train
data/malaria/raw/cell_images/Uninfected/C38P3thinF_original_IMG_20150621_112138_cell_1.png,smear,malaria,train
data/malaria/raw/cell_images/Parasitized/C118P79ThinF_IMG_20151002_104831_cell_168.png,smear,malaria,train
data/malaria/raw/cell_images/Uninfected/C118P79ThinF_IMG_20151002_110725_cell_69.png,smear,malaria,train
data/malaria/raw/cell_images/Parasitized/C33P1thinF_IMG_20150619_121229a_cell_179.png,smear,malaria,train
data/malaria/raw/cell_images/Parasitized/C68P29N_ThinF_IMG_20150819_133236_cell_153.png,smear,malaria,train
data/malaria/raw/cell_images/Uninfected/C55P16thinF_IMG_20150728_121350_cell_78.png,smear,malaria,train
data/malaria/raw/cell_images/Uninfected/C183P144NThinF_IMG_20151201_224458_cell_12.png,smear,malaria,train
data/malaria/raw/cell_images/Uninfected/C55P16thinF_IMG_20150728_123154_cell_29.png,smear,malaria,train
data/malaria/raw/cell_images/Parasitized/C182P143NThinF_IMG_20151201_171950_cell_214.png,smear,malaria,train
data/malaria/raw/cell_images/Uninfected/C241NThinF_IMG_20151207_124030_cell_98.png,smear,malaria,train
data/malaria/raw/cell_images/Uninfected/C52P13thinF_IMG_20150725_124606_cell_16.png,smear,malaria,train
data/malaria/raw/cell_images/Parasitized/C184P145ThinF_IMG_20151203_103637_cell_154.png,smear,malaria,train
data/malaria/raw/cell_images/Parasitized/C132P93ThinF_IMG_20151004_151701_cell_179.png,smear,malaria,train
data/malaria/raw/cell_images/Uninfected/C136P97ThinF_IMG_20151005_143743_cell_42.png,smear,malaria,train
data/malaria/raw/cell_images/Uninfected/C87P48ThinF_IMG_20150820_144855_cell_147.png,smear,malaria,train
data/malaria/raw/cell_images/Parasitized/C48P9thinF_IMG_20150721_164129_cell_18.png,smear,malaria,train
data/malaria/raw/cell_images/Uninfected/C92P53ThinF_IMG_20150821_150457_cell_65.png,smear,malaria,train
data/malaria/raw/cell_images/Parasitized/C33P1thinF_IMG_20150619_121300a_cell_156.png,smear,malaria,train
data/malaria/raw/cell_images/Parasitized/C126P87ThinF_IMG_20151004_104813_cell_151.png,smear,malaria,train
data/malaria/raw/cell_images/Uninfected/C125P86ThinF_IMG_20151004_102619_cell_1.png,smear,malaria,train
data/malaria/raw/cell_images/Uninfected/C180P141NThinF_IMG_20151201_165528_cell_55.png,smear,malaria,train
data/malaria/raw/cell_images/Parasitized/C101P62ThinF_IMG_20150918_151006_cell_62.png,smear,malaria,train
data/malaria/raw/cell_images/Parasitized/C183P144NThinF_IMG_20151201_223208_cell_122.png,smear,malaria,train
data/malaria/raw/cell_images/Parasitized/C60P21thinF_IMG_20150804_105955_cell_127.png,smear,malaria,train
data/malaria/raw/cell_images/Parasitized/C39P4thinF_original_IMG_20150622_113632_cell_3.png,smear,malaria,train
data/malaria/raw/cell_images/Uninfected/C58P19thinF_IMG_20150802_122846_cell_115.png,smear,malaria,train
data/malaria/raw/cell_images/Parasitized/C51AP12thinF_IMG_20150724_160140_cell_65.png,smear,malaria,train
data/malaria/raw/cell_images/Uninfected/C120P81ThinF_IMG_20151002_130150_cell_23.png,smear,malaria,train
data/malaria/raw/cell_images/Parasitized/C189P150ThinF_IMG_20151203_141110_cell_75.png,smear,malaria,train
data/malaria/raw/cell_images/Uninfected/C78P39ThinF_IMG_20150606_103413_cell_157.png,smear,malaria,train
data/malaria/raw/cell_images/Uninfected/C3thin_original_IMG_20150608_162835_cell_26.png,smear,malaria,train
data/malaria/raw/cell_images/Parasitized/C168P129ThinF_IMG_20151118_154651_cell_139.png,smear,malaria,train
data/malaria/raw/cell_images/Uninfected/C121P82ThinF_IMG_20151002_133001_cell_21.png,smear,malaria,train
data/malaria/raw/cell_images/Uninfected/C67P28N_ThinF_IMG_20150819_115955_cell_29.png,smear,malaria,train
data/malaria/raw/cell_images/Uninfected/C79P40ThinF_IMG_20150817_102702_cell_39.png,smear,malaria,train
data/malaria/raw/cell_images/Parasitized/C136P97ThinF_IMG_20151005_140538_cell_114.png,smear,malaria,train
data/malaria/raw/cell_images/Uninfected/C226ThinF_IMG_20151112_131255_cell_3.png,smear,malaria,train
data/malaria/raw/cell_images/Uninfected/C226ThinF_IMG_20151112_131731_cell_80.png,smear,malaria,train
data/malaria/raw/cell_images/Uninfected/C101P62ThinF_IMG_20150918_151239_cell_29.png,smear,malaria,train
data/malaria/raw/cell_images/Uninfected/C100P61ThinF_IMG_20150918_145042_cell_27.png,smear,malaria,train
data/malaria/raw/cell_images/Parasitized/C128P89ThinF_IMG_20151004_131632_cell_175.png,smear,malaria,train
data/malaria/raw/cell_images/Parasitized/C136P97ThinF_IMG_20151005_141321_cell_92.png,smear,malaria,train
data/malaria/raw/cell_images/Uninfected/C47P8thinOriginalOlympusCX21_IMG_20150717_174222_cell_124.png,smear,malaria,train
data/malaria/raw/cell_images/Parasitized/C132P93ThinF_IMG_20151004_151811_cell_145.png,smear,malaria,train
data/malaria/raw/cell_images/Uninfected/C99P60ThinF_IMG_20150918_141314_cell_79.png,smear,malaria,train
data/malaria/raw/cell_images/Parasitized/C116P77ThinF_IMG_20150930_171809_cell_76.png,smear,malaria,train
data/malaria/raw/cell_images/Parasitized/C189P150ThinF_IMG_20151203_142224_cell_80.png,smear,malaria,train
data/malaria/raw/cell_images/Uninfected/C39P4thinF_original_IMG_20150622_110352_cell_37.png,smear,malaria,train
data/malaria/raw/cell_images/Uninfected/C132P93ThinF_IMG_20151004_152353_cell_7.png,smear,malaria,train
data/malaria/raw/cell_images/Parasitized/C132P93ThinF_IMG_20151004_151701_cell_168.png,smear,malaria,train
data/malaria/raw/cell_images/Parasitized/C68P29N_ThinF_IMG_20150819_134504_cell_124.png,smear,malaria,train
data/malaria/raw/cell_images/Parasitized/C184P145ThinF_IMG_20151203_103637_cell_176.png,smear,malaria,train
data/malaria/raw/cell_images/Parasitized/C172P133ThinF_IMG_20151119_155343_cell_268.png,smear,malaria,train
data/malaria/raw/cell_images/Parasitized/C168P129ThinF_IMG_20151118_161940_cell_156.png,smear,malaria,train
data/malaria/raw/cell_images/Parasitized/C103P64ThinF_IMG_20150918_165510_cell_185.png,smear,malaria,train
data/malaria/raw/cell_images/Uninfected/C1_thinF_IMG_20150604_105100_cell_213.png,smear,malaria,train
data/malaria/raw/cell_images/Parasitized/C182P143NThinF_IMG_20151201_172842_cell_23.png,smear,malaria,train
data/malaria/raw/cell_images/Parasitized/C184P145ThinF_IMG_20151203_102721_cell_31.png,smear,malaria,train
data/malaria/raw/cell_images/Parasitized/C116P77ThinF_IMG_20150930_171844_cell_88.png,smear,malaria,train
data/malaria/raw/cell_images/Uninfected/C12NThinF_IMG_20150614_124301_cell_76.png,smear,malaria,train
data/malaria/raw/cell_images/Uninfected/C164P125ThinF_IMG_20151116_115149_cell_37.png,smear,malaria,train
data/malaria/raw/cell_images/Uninfected/C124P85ThinF_IMG_20151002_155101_cell_53.png,smear,malaria,train
data/malaria/raw/cell_images/Parasitized/C117P78ThinF_IMG_20150930_221927_cell_83.png,smear,malaria,train
data/malaria/raw/cell_images/Parasitized/C59P20thinF_IMG_20150803_112802_cell_194.png,smear,malaria,train
data/malaria/raw/cell_images/Parasitized/C183P144NThinF_IMG_20151201_222119_cell_138.png,smear,malaria,train
data/malaria/raw/cell_images/Uninfected/C76P37ThinF_IMG_20150815_171454_cell_226.png,smear,malaria,train
data/malaria/raw/cell_images/Parasitized/C84P45ThinF_IMG_20150818_101257_cell_91.png,smear,malaria,train
data/malaria/raw/cell_images/Uninfected/C141P102ThinF_IMG_20151005_213930_cell_61.png,smear,malaria,train
data/malaria/raw/cell_images/Uninfected/C93P54ThinF_IMG_20150821_163815_cell_149.png,smear,malaria,train
data/malaria/raw/cell_images/Parasitized/C184P145ThinF_IMG_20151203_103637_cell_168.png,smear,malaria,train
data/malaria/raw/cell_images/Parasitized/C136P97ThinF_IMG_20151005_143743_cell_120.png,smear,malaria,train
data/malaria/raw/cell_images/Parasitized/C70P31_ThinF_IMG_20150813_131609_cell_98.png,smear,malaria,train
data/malaria/raw/cell_images/Parasitized/C116P77ThinF_IMG_20150930_171558_cell_110.png,smear,malaria,train
data/malaria/raw/cell_images/Parasitized/C174P135NThinF_IMG_20151127_135435_cell_199.png,smear,malaria,train
data/malaria/raw/cell_images/Uninfected/C207ThinF_IMG_20151029_143711_cell_48.png,smear,malaria,train
data/malaria/raw/cell_images/Uninfected/C2NThinF_IMG_20150604_114751_cell_113.png,smear,malaria,train
data/malaria/raw/cell_images/Parasitized/C118P79ThinF_IMG_20151002_105125_cell_151.png,smear,malaria,train
data/malaria/raw/cell_images/Parasitized/C39P4thinF_original_IMG_20150622_113842_cell_21.png,smear,malaria,train
data/malaria/raw/cell_images/Uninfected/C180P141NThinF_IMG_20151201_165423_cell_136.png,smear,malaria,train
data/malaria/raw/cell_images/Parasitized/C51AP12thinF_IMG_20150724_162636_cell_95.png,smear,malaria,train
data/malaria/raw/cell_images/Parasitized/C48P9thinF_IMG_20150721_161412_cell_178.png,smear,malaria,train
data/malaria/raw/cell_images/Uninfected/C176P137NThinF_IMG_20151201_122811_cell_130.png,smear,malaria,train
data/malaria/raw/cell_images/Uninfected/C65P26N_ThinF_IMG_20150818_154714_cell_41.png,smear,malaria,train
data/malaria/raw/cell_images/Parasitized/C182P143NThinF_IMG_20151201_172842_cell_41.png,smear,malaria,train
data/malaria/raw/cell_images/Parasitized/C132P93ThinF_IMG_20151004_152257_cell_157.png,smear,malaria,train
data/malaria/raw/cell_images/Uninfected/C189P150ThinF_IMG_20151203_142224_cell_13.png,smear,malaria,train
data/malaria/raw/cell_images/Uninfected/C105P66ThinF_IMG_20150924_094944_cell_3.png,smear,malaria,train
data/malaria/raw/cell_images/Parasitized/C133P94ThinF_IMG_20151004_154351_cell_101.png,smear,malaria,train
data/malaria/raw/cell_images/Parasitized/C182P143NThinF_IMG_20151201_172607_cell_45.png,smear,malaria,train
data/malaria/raw/cell_images/Parasitized/C99P60ThinF_IMG_20150918_141314_cell_135.png,smear,malaria,train
data/malaria/raw/cell_images/Uninfected/C1_thinF_IMG_20150604_104919_cell_157.png,smear,malaria,train
data/malaria/raw/cell_images/Parasitized/C101P62ThinF_IMG_20150918_151239_cell_75.png,smear,malaria,train
data/malaria/raw/cell_images/Parasitized/C146P107ThinF_IMG_20151018_135846_cell_219.png,smear,malaria,train
data/malaria/raw/cell_images/Parasitized/C133P94ThinF_IMG_20151004_153930_cell_112.png,smear,malaria,train
data/malaria/raw/cell_images/Parasitized/C129P90ThinF_IMG_20151004_134520_cell_122.png,smear,malaria,train
data/malaria/raw/cell_images/Uninfected/C80P41ThinF_IMG_20150817_110834_cell_42.png,smear,malaria,train
data/malaria/raw/cell_images/Uninfected/C39P4thinF_original_IMG_20150622_110435_cell_41.png,smear,malaria,train
data/malaria/raw/cell_images/Parasitized/C132P93ThinF_IMG_20151004_152505_cell_135.png,smear,malaria,train
data/malaria/raw/cell_images/Uninfected/C179P140ThinF_IMG_20151127_153350_cell_110.png,smear,malaria,train
data/malaria/raw/cell_images/Uninfected/C60P21thinF_IMG_20150803_144003_cell_1.png,smear,malaria,train
data/malaria/raw/cell_images/Parasitized/C120P81ThinF_IMG_20151002_131120_cell_190.png,smear,malaria,train
data/malaria/raw/cell_images/Uninfected/C183P144NThinF_IMG_20151201_224107_cell_46.png,smear,malaria,train
data/malaria/raw/cell_images/Parasitized/C189P150ThinF_IMG_20151203_141901_cell_85.png,smear,malaria,train
data/malaria/raw/cell_images/Uninfected/C71P32_ThinF_IMG_20150813_163120_cell_124.png,smear,malaria,train
data/malaria/raw/cell_images/Uninfected/C166P127ThinF_IMG_20151117_194147_cell_53.png,smear,malaria,train
data/malaria/raw/cell_images/Uninfected/C98P59ThinF_IMG_20150917_153311_cell_73.png,smear,malaria,train
data/malaria/raw/cell_images/Parasitized/C184P145ThinF_IMG_20151203_104153_cell_165.png,smear,malaria,train
data/malaria/raw/cell_images/Uninfected/C233ThinF_IMG_20151112_160129_cell_28.png,smear,malaria,train
data/malaria/raw/cell_images/Parasitized/C97P58ThinF_IMG_20150917_151512_cell_174.png,smear,malaria,train
data/malaria/raw/cell_images/Uninfected/C182P143NThinF_IMG_20151201_172257_cell_3.png,smear,malaria,train
data/malaria/raw/cell_images/Uninfected/C113P74ThinF_IMG_20150930_134751_cell_30.png,smear,malaria,train
data/malaria/raw/cell_images/Parasitized/C78P39ThinF_IMG_20150606_104106_cell_172.png,smear,malaria,train
data/malaria/raw/cell_images/Parasitized/C82P43ThinF_IMG_20150817_125326_cell_1.png,smear,malaria,train
data/malaria/raw/cell_images/Parasitized/C78P39ThinF_IMG_20150606_104106_cell_174.png,smear,malaria,train
data/malaria/raw/cell_images/Parasitized/C107P68ThinF_IMG_20150924_222415_cell_177.png,smear,malaria,train
data/malaria/raw/cell_images/Parasitized/C101P62ThinF_IMG_20150918_151507_cell_56.png,smear,malaria,train
data/malaria/raw/cell_images/Parasitized/C39P4thinF_original_IMG_20150622_111942_cell_24.png,smear,malaria,train
data/malaria/raw/cell_images/Parasitized/C81P42ThinF_IMG_20150817_115942_cell_213.png,smear,malaria,train
data/malaria/raw/cell_images/Uninfected/C206ThinF_IMG_20151029_140511_cell_182.png,smear,malaria,train
data/malaria/raw/cell_images/Parasitized/C129P90ThinF_IMG_20151004_134520_cell_121.png,smear,malaria,train
data/malaria/raw/cell_images/Uninfected/C51AP12thinF_IMG_20150724_162636_cell_15.png,smear,malaria,train
data/malaria/raw/cell_images/Uninfected/C215ThinF_IMG_20151106_133247_cell_154.png,smear,malaria,train
data/malaria/raw/cell_images/Parasitized/C131P92ThinF_IMG_20151004_145410_cell_131.png,smear,malaria,train
data/malaria/raw/cell_images/Uninfected/C228ThinF_IMG_20151112_142109_cell_100.png,smear,malaria,train
data/malaria/raw/cell_images/Uninfected/C50P11thinF_IMG_20150724_115749_cell_74.png,smear,malaria,train
data/malaria/raw/cell_images/Uninfected/C237ThinF_IMG_20151127_104844_cell_158.png,smear,malaria,train
data/malaria/raw/cell_images/Parasitized/C130P91ThinF_IMG_20151004_142109_cell_139.png,smear,malaria,train
data/malaria/raw/cell_images/Parasitized/C107P68ThinF_IMG_20150924_222415_cell_172.png,smear,malaria,train
data/malaria/raw/cell_images/Parasitized/C59P20thinF_IMG_20150803_112733_cell_184.png,smear,malaria,train
data/malaria/raw/cell_images/Parasitized/C45P6ThinF_IMG_20151130_160135_cell_212.png,smear,malaria,train
data/malaria/raw/cell_images/Uninfected/C88P49ThinF_IMG_20150820_150141_cell_93.png,smear,malaria,train
data/malaria/raw/cell_images/Parasitized/C80P41ThinF_IMG_20150817_112557_cell_16.png,smear,malaria,train
data/malaria/raw/cell_images/Parasitized/C52P13thinF_IMG_20150725_125847_cell_172.png,smear,malaria,train
data/malaria/raw/cell_images/Uninfected/C224ThinF_IMG_20151112_112834_cell_12.png,smear,malaria,train
data/malaria/raw/cell_images/Uninfected/C159P120ThinF_IMG_20151115_190002_cell_118.png,smear,malaria,train
data/malaria/raw/cell_images/Uninfected/C134P95ThinF_IMG_20151005_121656_cell_59.png,smear,malaria,train
data/malaria/raw/cell_images/Parasitized/C137P98ThinF_IMG_20151005_162010_cell_88.png,smear,malaria,train
data/malaria/raw/cell_images/Parasitized/C182P143NThinF_IMG_20151201_172216_cell_148.png,smear,malaria,train
data/malaria/raw/cell_images/Uninfected/C222ThinF_IMG_20151115_150925_cell_71.png,smear,malaria,train
data/malaria/raw/cell_images/Parasitized/C84P45ThinF_IMG_20150818_101903_cell_13.png,smear,malaria,train
data/malaria/raw/cell_images/Uninfected/C33P1thinF_IMG_20150619_115740a_cell_127.png,smear,malaria,train
data/malaria/raw/cell_images/Uninfected/C170P131ThinF_IMG_20151119_115918_cell_247.png,smear,malaria,train
data/malaria/raw/cell_images/Parasitized/C179P140ThinF_IMG_20151127_153436_cell_185.png,smear,malaria,train
data/malaria/raw/cell_images/Parasitized/C98P59ThinF_IMG_20150917_153311_cell_164.png,smear,malaria,train
data/malaria/raw/cell_images/Uninfected/C42P5thin_original_IMG_20150623_135251_cell_43.png,smear,malaria,train
data/malaria/raw/cell_images/Parasitized/C126P87ThinF_IMG_20151004_105234_cell_132.png,smear,malaria,train
data/malaria/raw/cell_images/Uninfected/C5NThinF_IMG_20150609_122108_cell_173.png,smear,malaria,train
data/malaria/raw/cell_images/Parasitized/C180P141NThinF_IMG_20151201_170110_cell_3.png,smear,malaria,train
data/malaria/raw/cell_images/Uninfected/C4thin_original_IMG_20150608_165540_cell_187.png,smear,malaria,train
data/malaria/raw/cell_images/Parasitized/C82P43ThinF_IMG_20150817_124418_cell_174.png,smear,malaria,train
data/malaria/raw/cell_images/Uninfected/C220ThinF_IMG_20151106_153947_cell_201.png,smear,malaria,train
data/malaria/raw/cell_images/Parasitized/C47P8thin_Original_Motic_IMG_20150714_094054_cell_189.png,smear,malaria,train
data/malaria/raw/cell_images/Uninfected/C142P103ThinF_IMG_20151005_223257_cell_174.png,smear,malaria,train
data/malaria/raw/cell_images/Parasitized/C177P138NThinF_IMG_20151201_143025_cell_176.png,smear,malaria,train
data/malaria/raw/cell_images/Parasitized/C113P74ThinF_IMG_20150930_134949_cell_163.png,smear,malaria,train
data/malaria/raw/cell_images/Parasitized/C84P45ThinF_IMG_20150818_104849_cell_12.png,smear,malaria,train
data/malaria/raw/cell_images/Parasitized/C184P145ThinF_IMG_20151203_103637_cell_145.png,smear,malaria,train
data/malaria/raw/cell_images/Parasitized/C51AP12thinF_IMG_20150724_161126_cell_125.png,smear,malaria,train
data/malaria/raw/cell_images/Parasitized/C184P145ThinF_IMG_20151203_102721_cell_19.png,smear,malaria,train
data/malaria/raw/cell_images/Uninfected/C168P129ThinF_IMG_20151118_154651_cell_37.png,smear,malaria,train
data/malaria/raw/cell_images/Uninfected/C233ThinF_IMG_20151112_161119_cell_244.png,smear,malaria,train
data/malaria/raw/cell_images/Parasitized/C180P141NThinF_IMG_20151201_165601_cell_193.png,smear,malaria,train
data/malaria/raw/cell_images/Uninfected/C13NThinF_IMG_20150614_131529_cell_38.png,smear,malaria,train
data/malaria/raw/cell_images/Parasitized/C67P28N_ThinF_IMG_20150819_115417_cell_180.png,smear,malaria,train
data/malaria/raw/cell_images/Parasitized/C174P135NThinF_IMG_20151127_135435_cell_214.png,smear,malaria,train
data/malaria/raw/cell_images/Uninfected/C211ThinF_IMG_20151029_164248_cell_207.png,smear,malaria,train
data/malaria/raw/cell_images/Uninfected/C116P77ThinF_IMG_20150930_171448_cell_72.png,smear,malaria,train
data/malaria/raw/cell_images/Uninfected/C117P78ThinF_IMG_20150930_221048_cell_47.png,smear,malaria,train
data/malaria/raw/cell_images/Uninfected/C12NThinF_IMG_20150614_125741_cell_74.png,smear,malaria,train
data/malaria/raw/cell_images/Parasitized/C156P117ThinF_IMG_20151115_155104_cell_257.png,smear,malaria,train
data/malaria/raw/cell_images/Parasitized/C59P20thinF_IMG_20150803_115303_cell_29.png,smear,malaria,train
data/malaria/raw/cell_images/Uninfected/C176P137NThinF_IMG_20151201_121808_cell_43.png,smear,malaria,train
data/malaria/raw/cell_images/Parasitized/C133P94ThinF_IMG_20151004_155518_cell_112.png,smear,malaria,train
data/malaria/raw/cell_images/Parasitized/C70P31_ThinF_IMG_20150819_142703_cell_17.png,smear,malaria,train
data/malaria/raw/cell_images/Parasitized/C46P7ThinF_IMG_20151130_210815_cell_6.png,smear,malaria,train
data/malaria/raw/cell_images/Uninfected/C89P50ThinF_IMG_20150820_163728_cell_5.png,smear,malaria,train
data/malaria/raw/cell_images/Parasitized/C183P144NThinF_IMG_20151201_222917_cell_159.png,smear,malaria,train
data/malaria/raw/cell_images/Parasitized/C133P94ThinF_IMG_20151004_154512_cell_130.png,smear,malaria,train
data/malaria/raw/cell_images/Parasitized/C189P150ThinF_IMG_20151203_141809_cell_93.png,smear,malaria,train
data/malaria/raw/cell_images/Parasitized/C180P141NThinF_IMG_20151201_163848_cell_176.png,smear,malaria,train
data/malaria/raw/cell_images/Uninfected/C212ThinF_IMG_20151106_110230_cell_118.png,smear,malaria,train
data/malaria/raw/cell_images/Parasitized/C176P137NThinF_IMG_20151201_122708_cell_143.png,smear,malaria,train
data/malaria/raw/cell_images/Parasitized/C80P41ThinF_IMG_20150817_110608_cell_141.png,smear,malaria,train
data/malaria/raw/cell_images/Uninfected/C209ThinF_IMG_20151029_160803_cell_185.png,smear,malaria,train
data/malaria/raw/cell_images/Parasitized/C186P147NThinF_IMG_20151203_150322_cell_162.png,smear,malaria,train
data/malaria/raw/cell_images/Uninfected/C45P6ThinF_IMG_20151130_160409_cell_85.png,smear,malaria,train
data/malaria/raw/cell_images/Parasitized/C70P31_ThinF_IMG_20150813_130849_cell_73.png,smear,malaria,train
data/malaria/raw/cell_images/Uninfected/C240ThinF_IMG_20151127_115328_cell_16.png,smear,malaria,train
data/malaria/raw/cell_images/Uninfected/C83P44ThinF_IMG_20150817_133355_cell_175.png,smear,malaria,train
data/malaria/raw/cell_images/Parasitized/C116P77ThinF_IMG_20150930_172112_cell_92.png,smear,malaria,train
data/malaria/raw/cell_images/Parasitized/C48P9thinF_IMG_20150721_163810_cell_10.png,smear,malaria,train
data/malaria/raw/cell_images/Parasitized/C172P133ThinF_IMG_20151119_155343_cell_273.png,smear,malaria,train
data/malaria/raw/cell_images/Parasitized/C48P9thinF_IMG_20150721_161055_cell_167.png,smear,malaria,train
data/malaria/raw/cell_images/Uninfected/C206ThinF_IMG_20151029_140538_cell_119.png,smear,malaria,train
data/malaria/raw/cell_images/Parasitized/C107P68ThinF_IMG_20150924_221632_cell_172.png,smear,malaria,train
data/malaria/raw/cell_images/Parasitized/C39P4thinF_original_IMG_20150622_110435_cell_105.png,smear,malaria,train
data/malaria/raw/cell_images/Parasitized/C129P90ThinF_IMG_20151004_133244_cell_107.png,smear,malaria,train
data/malaria/raw/cell_images/Uninfected/C212ThinF_IMG_20151106_105941_cell_110.png,smear,malaria,train
data/malaria/raw/cell_images/Parasitized/C132P93ThinF_IMG_20151004_151811_cell_128.png,smear,malaria,train
data/malaria/raw/cell_images/Parasitized/C97P58ThinF_IMG_20150917_151512_cell_162.png,smear,malaria,train
data/malaria/raw/cell_images/Uninfected/C177P138NThinF_IMG_20151201_142942_cell_29.png,smear,malaria,train
data/malaria/raw/cell_images/Uninfected/C3thin_original_IMG_20150608_163029_cell_52.png,smear,malaria,train
data/malaria/raw/cell_images/Uninfected/C215ThinF_IMG_20151106_133043_cell_110.png,smear,malaria,train
data/malaria/raw/cell_images/Uninfected/C209ThinF_IMG_20151029_160803_cell_78.png,smear,malaria,train
data/malaria/raw/cell_images/Parasitized/C49P10thinF_IMG_20150724_103054_cell_190.png,smear,malaria,train
data/malaria/raw/cell_images/Parasitized/C118P79ThinF_IMG_20151002_105346_cell_152.png,smear,malaria,train
data/malaria/raw/cell_images/Parasitized/C159P120ThinF_IMG_20151115_190812_cell_240.png,smear,malaria,train
data/malaria/raw/cell_images/Uninfected/C185P146ThinF_IMG_20151203_110448_cell_243.png,smear,malaria,train
data/malaria/raw/cell_images/Parasitized/C82P43ThinF_IMG_20150817_123824_cell_179.png,smear,malaria,train
data/malaria/raw/cell_images/Uninfected/C92P53ThinF_IMG_20150821_151224_cell_195.png,smear,malaria,train
data/malaria/raw/cell_images/Parasitized/C97P58ThinF_IMG_20150917_151903_cell_1.png,smear,malaria,train
data/malaria/raw/cell_images/Uninfected/C214ThinF_IMG_20151106_114526_cell_171.png,smear,malaria,train
data/malaria/raw/cell_images/Uninfected/C170P131ThinF_IMG_20151119_115918_cell_136.png,smear,malaria,train
data/malaria/raw/cell_images/Parasitized/C184P145ThinF_IMG_20151203_104334_cell_35.png,smear,malaria,train
data/malaria/raw/cell_images/Uninfected/C71P32_ThinF_IMG_20150813_161634_cell_128.png,smear,malaria,train
data/malaria/raw/cell_images/Uninfected/C93P54ThinF_IMG_20150821_162901_cell_57.png,smear,malaria,train
data/malaria/raw/cell_images/Parasitized/C68P29N_ThinF_IMG_20150819_134326_cell_169.png,smear,malaria,train
data/malaria/raw/cell_images/Parasitized/C116P77ThinF_IMG_20150930_172112_cell_96.png,smear,malaria,train
data/malaria/raw/cell_images/Parasitized/C126P87ThinF_IMG_20151004_104441_cell_118.png,smear,malaria,train
data/malaria/raw/cell_images/Uninfected/C54P15thinF_IMG_20150728_112832_cell_188.png,smear,malaria,train
data/malaria/raw/cell_images/Uninfected/C81P42ThinF_IMG_20150817_120351_cell_76.png,smear,malaria,train
data/malaria/raw/cell_images/Parasitized/C128P89ThinF_IMG_20151004_131030_cell_158.png,smear,malaria,train
data/malaria/raw/cell_images/Uninfected/C115P76ThinF_IMG_20150930_163018_cell_123.png,smear,malaria,train
data/malaria/raw/cell_images/Uninfected/C75P36_ThinF_IMG_20150815_163147_cell_39.png,smear,malaria,train
data/malaria/raw/cell_images/Parasitized/C133P94ThinF_IMG_20151004_155144_cell_132.png,smear,malaria,train
data/malaria/raw/cell_images/Uninfected/C216ThinF_IMG_20151106_134733_cell_123.png,smear,malaria,train
data/malaria/raw/cell_images/Uninfected/C140P101ThinF_IMG_20151005_211735_cell_87.png,smear,malaria,train
data/malaria/raw/cell_images/Parasitized/C179P140ThinF_IMG_20151127_153521_cell_175.png,smear,malaria,train
data/malaria/raw/cell_images/Uninfected/C166P127ThinF_IMG_20151117_193931_cell_112.png,smear,malaria,train
data/malaria/raw/cell_images/Parasitized/C99P60ThinF_IMG_20150918_141351_cell_141.png,smear,malaria,train
data/malaria/raw/cell_images/Parasitized/C103P64ThinF_IMG_20150918_164250_cell_170.png,smear,malaria,train
data/malaria/raw/cell_images/Uninfected/C84P45ThinF_IMG_20150818_101257_cell_51.png,smear,malaria,train
data/malaria/raw/cell_images/Uninfected/C160P121ThinF_IMG_20151116_094128_cell_66.png,smear,malaria,train
data/malaria/raw/cell_images/Parasitized/C74P35_ThinF_IMG_20150815_114401_cell_156.png,smear,malaria,train
data/malaria/raw/cell_images/Uninfected/C177P138NThinF_IMG_20151201_143546_cell_41.png,smear,malaria,train
data/malaria/raw/cell_images/Parasitized/C158P119ThinF_IMG_20151115_183157_cell_172.png,smear,malaria,train
data/malaria/raw/cell_images/Uninfected/C54P15thinF_IMG_20150728_112938_cell_204.png,smear,malaria,train
data/malaria/raw/cell_images/Parasitized/C68P29N_ThinF_IMG_20150819_134112_cell_139.png,smear,malaria,train
data/malaria/raw/cell_images/Parasitized/C48P9thinF_IMG_20150721_160406_cell_199.png,smear,malaria,train
data/malaria/raw/cell_images/Uninfected/C136P97ThinF_IMG_20151005_143329_cell_26.png,smear,malaria,train
data/malaria/raw/cell_images/Parasitized/C62P23N_ThinF_IMG_20150818_132918_cell_193.png,smear,malaria,train
data/malaria/raw/cell_images/Uninfected/C6NThinF_IMG_20150609_122547_cell_163.png,smear,malaria,train
data/malaria/raw/cell_images/Parasitized/C116P77ThinF_IMG_20150930_172112_cell_86.png,smear,malaria,train
data/malaria/raw/cell_images/Uninfected/C64P25N_ThinF_IMG_20150818_153517_cell_76.png,smear,malaria,train
data/malaria/raw/cell_images/Uninfected/C68P29N_ThinF_IMG_20150819_133447_cell_15.png,smear,malaria,train
data/malaria/raw/cell_images/Uninfected/C84P45ThinF_IMG_20150818_102325_cell_5.png,smear,malaria,train
data/malaria/raw/cell_images/Parasitized/C128P89ThinF_IMG_20151004_131030_cell_165.png,smear,malaria,train
data/malaria/raw/cell_images/Parasitized/C175P136NThinF_IMG_20151127_142009_cell_209.png,smear,malaria,train
data/malaria/raw/cell_images/Parasitized/C182P143NThinF_IMG_20151201_172607_cell_44.png,smear,malaria,train
data/malaria/raw/cell_images/Uninfected/C42P5thin_original_IMG_20150623_134547_cell_70.png,smear,malaria,train
data/malaria/raw/cell_images/Uninfected/C184P145ThinF_IMG_20151203_103114_cell_124.png,smear,malaria,train
data/malaria/raw/cell_images/Parasitized/C126P87ThinF_IMG_20151004_105234_cell_130.png,smear,malaria,train
data/malaria/raw/cell_images/Uninfected/C60P21thinF_IMG_20150804_105034_cell_95.png,smear,malaria,train
data/malaria/raw/cell_images/Parasitized/C137P98ThinF_IMG_20151005_163946_cell_8.png,smear,malaria,train
data/malaria/raw/cell_images/Parasitized/C180P141NThinF_IMG_20151201_165659_cell_5.png,smear,malaria,train
data/malaria/raw/cell_images/Uninfected/C236ThinF_IMG_20151127_102428_cell_91.png,smear,malaria,train
data/malaria/raw/cell_images/Parasitized/C66P27N_ThinF_IMG_20150818_164408_cell_149.png,smear,malaria,train
data/malaria/raw/cell_images/Uninfected/C58P19thinF_IMG_20150802_122520_cell_161.png,smear,malaria,train
data/malaria/raw/cell_images/Uninfected/C219ThinF_IMG_20151106_145856_cell_140.png,smear,malaria,train
data/malaria/raw/cell_images/Uninfected/C128P89ThinF_IMG_20151004_131129_cell_93.png,smear,malaria,train
data/malaria/raw/cell_images/Parasitized/C100P61ThinF_IMG_20150918_145422_cell_169.png,smear,malaria,train
data/malaria/raw/cell_images/Uninfected/C131P92ThinF_IMG_20151004_145410_cell_20.png,smear,malaria,train
data/malaria/raw/cell_images/Uninfected/C225ThinF_IMG_20151112_113836_cell_148.png,smear,malaria,train
data/malaria/raw/cell_images/Uninfected/C107P68ThinF_IMG_20150924_222630_cell_170.png,smear,malaria,train
data/malaria/raw/cell_images/Uninfected/C90P51ThinF_IMG_20150821_115700_cell_15.png,smear,malaria,train
data/malaria/raw/cell_images/Uninfected/C7NthinF_IMG_20150611_104510_cell_110.png,smear,malaria,train
data/malaria/raw/cell_images/Parasitized/C137P98ThinF_IMG_20151005_163946_cell_7.png,smear,malaria,train
data/malaria/raw/cell_images/Parasitized/C82P43ThinF_IMG_20150817_124010_cell_189.png,smear,malaria,train
data/malaria/raw/cell_images/Parasitized/C116P77ThinF_IMG_20150930_171219_cell_112.png,smear,malaria,train
data/malaria/raw/cell_images/Parasitized/C99P60ThinF_IMG_20150918_141857_cell_37.png,smear,malaria,train
data/malaria/raw/cell_images/Parasitized/C116P77ThinF_IMG_20150930_171219_cell_85.png,smear,malaria,train
data/malaria/raw/cell_images/Uninfected/C223ThinF_IMG_20151112_104410_cell_25.png,smear,malaria,train
data/malaria/raw/cell_images/Uninfected/C53P14thinF_IMG_20150726_115046_cell_142.png,smear,malaria,train
data/malaria/raw/cell_images/Uninfected/C220ThinF_IMG_20151106_154510_cell_172.png,smear,malaria,train
data/malaria/raw/cell_images/Parasitized/C176P137NThinF_IMG_20151201_122708_cell_146.png,smear,malaria,train
data/malaria/raw/cell_images/Parasitized/C39P4thinF_original_IMG_20150622_110435_cell_87.png,smear,malaria,train
data/malaria/raw/cell_images/Parasitized/C46P7ThinF_IMG_20151130_210309_cell_154.png,smear,malaria,train
data/malaria/raw/cell_images/Uninfected/C110P71ThinF_IMG_20150930_105729_cell_167.png,smear,malaria,train
data/malaria/raw/cell_images/Parasitized/C98P59ThinF_IMG_20150917_154452_cell_209.png,smear,malaria,train
data/malaria/raw/cell_images/Uninfected/C87P48ThinF_IMG_20150820_132327_cell_133.png,smear,malaria,train
data/malaria/raw/cell_images/Uninfected/C4thin_original_IMG_20150608_170016_cell_117.png,smear,malaria,train
data/malaria/raw/cell_images/Parasitized/C68P29N_ThinF_IMG_20150819_134625_cell_6.png,smear,malaria,train
data/malaria/raw/cell_images/Parasitized/C132P93ThinF_IMG_20151004_151701_cell_142.png,smear,malaria,train
data/malaria/raw/cell_images/Parasitized/C91P52ThinF_IMG_20150821_124504_cell_207.png,smear,malaria,train
data/malaria/raw/cell_images/Parasitized/C145P106ThinF_IMG_20151016_154641_cell_145.png,smear,malaria,train
data/malaria/raw/cell_images/Parasitized/C132P93ThinF_IMG_20151004_152505_cell_148.png,smear,malaria,train
data/malaria/raw/cell_images/Uninfected/C177P138NThinF_IMG_20151201_143025_cell_16.png,smear,malaria,train
data/malaria/raw/cell_images/Parasitized/C99P60ThinF_IMG_20150918_141351_cell_106.png,smear,malaria,train
data/malaria/raw/cell_images/Uninfected/C101P62ThinF_IMG_20150923_170246_cell_30.png,smear,malaria,train
data/malaria/raw/cell_images/Parasitized/C48P9thinF_IMG_20150721_160944_cell_229.png,smear,malaria,train
data/malaria/raw/cell_images/Uninfected/C161P122ThinF_IMG_20151116_101722_cell_77.png,smear,malaria,train
data/malaria/raw/cell_images/Uninfected/C124P85ThinF_IMG_20151002_155101_cell_164.png,smear,malaria,train
data/malaria/raw/cell_images/Parasitized/C97P58ThinF_IMG_20150917_152032_cell_155.png,smear,malaria,train
data/malaria/raw/cell_images/Uninfected/C93P54ThinF_IMG_20150821_163452_cell_130.png,smear,malaria,train
data/malaria/raw/cell_images/Uninfected/C117P78ThinF_IMG_20150930_221812_cell_51.png,smear,malaria,train
data/malaria/raw/cell_images/Parasitized/C51AP12thinF_IMG_20150724_162636_cell_89.png,smear,malaria,train
data/malaria/raw/cell_images/Uninfected/C202ThinF_IMG_20151015_152333_cell_169.png,smear,malaria,train
data/malaria/raw/cell_images/Uninfected/C172P133ThinF_IMG_20151119_155307_cell_6.png,smear,malaria,train
data/malaria/raw/cell_images/Uninfected/C129P90ThinF_IMG_20151004_133921_cell_73.png,smear,malaria,train
data/malaria/raw/cell_images/Parasitized/C171P132ThinF_IMG_20151119_153851_cell_249.png,smear,malaria,train
data/malaria/raw/cell_images/Uninfected/C215ThinF_IMG_20151106_133116_cell_196.png,smear,malaria,train
data/malaria/raw/cell_images/Uninfected/C154P115ThinF_IMG_20151115_141507_cell_138.png,smear,malaria,train
data/malaria/raw/cell_images/Uninfected/C131P92ThinF_IMG_20151004_145224_cell_88.png,smear,malaria,train
data/malaria/raw/cell_images/Uninfected/C206ThinF_IMG_20151029_140917_cell_167.png,smear,malaria,train
data/malaria/raw/cell_images/Uninfected/C66P27N_ThinF_IMG_20150818_164408_cell_42.png,smear,malaria,train
data/malaria/raw/cell_images/Parasitized/C68P29N_ThinF_IMG_20150819_134326_cell_145.png,smear,malaria,train
data/malaria/raw/cell_images/Parasitized/C181P142ThinF_IMG_20151127_155722_cell_193.png,smear,malaria,train
data/malaria/raw/cell_images/Uninfected/C46P7ThinF_IMG_20151130_210743_cell_83.png,smear,malaria,train
data/malaria/raw/cell_images/Uninfected/C216ThinF_IMG_20151106_134733_cell_120.png,smear,malaria,train
data/malaria/raw/cell_images/Uninfected/C56P17thinF_IMG_20150728_155921_cell_73.png,smear,malaria,train
data/malaria/raw/cell_images/Parasitized/C91P52ThinF_IMG_20150821_124504_cell_203.png,smear,malaria,train
data/malaria/raw/cell_images/Parasitized/C39P4thinF_original_IMG_20150622_114804_cell_11.png,smear,malaria,train
data/malaria/raw/cell_images/Parasitized/C189P150ThinF_IMG_20151203_141455_cell_72.png,smear,malaria,train
data/malaria/raw/cell_images/Uninfected/C189P150ThinF_IMG_20151203_141110_cell_36.png,smear,malaria,train
data/malaria/raw/cell_images/Parasitized/C70P31_ThinF_IMG_20150813_131457_cell_10.png,smear,malaria,train
data/malaria/raw/cell_images/Uninfected/C64P25N_ThinF_IMG_20150818_153517_cell_144.png,smear,malaria,train
data/malaria/raw/cell_images/Parasitized/C68P29N_ThinF_IMG_20150819_134712_cell_45.png,smear,malaria,train
data/malaria/raw/cell_images/Parasitized/C128P89ThinF_IMG_20151004_130810_cell_161.png,smear,malaria,train
data/malaria/raw/cell_images/Uninfected/C214ThinF_IMG_20151106_114611_cell_166.png,smear,malaria,train
data/malaria/raw/cell_images/Uninfected/C119P80ThinF_IMG_20151002_124304_cell_110.png,smear,malaria,train
data/malaria/raw/cell_images/Parasitized/C132P93ThinF_IMG_20151004_151941_cell_38.png,smear,malaria,train
data/malaria/raw/cell_images/Parasitized/C129P90ThinF_IMG_20151004_133538_cell_83.png,smear,malaria,train
data/malaria/raw/cell_images/Parasitized/C189P150ThinF_IMG_20151203_141719_cell_60.png,smear,malaria,train
data/malaria/raw/cell_images/Parasitized/C123P84ThinF_IMG_20151002_152144_cell_183.png,smear,malaria,train
data/malaria/raw/cell_images/Uninfected/C115P76ThinF_IMG_20150930_161825_cell_191.png,smear,malaria,train
data/malaria/raw/cell_images/Parasitized/C148P109ThinF_IMG_20151115_112333_cell_245.png,smear,malaria,train
data/malaria/raw/cell_images/Parasitized/C68P29N_ThinF_IMG_20150819_134712_cell_10.png,smear,malaria,train
data/malaria/raw/cell_images/Parasitized/C48P9thinF_IMG_20150721_161055_cell_193.png,smear,malaria,train
data/malaria/raw/cell_images/Parasitized/C82P43ThinF_IMG_20150817_125114_cell_2.png,smear,malaria,train
data/malaria/raw/cell_images/Parasitized/C116P77ThinF_IMG_20150930_171558_cell_93.png,smear,malaria,train
data/malaria/raw/cell_images/Parasitized/C39P4thinF_original_IMG_20150622_113632_cell_1.png,smear,malaria,train
data/malaria/raw/cell_images/Parasitized/C118P79ThinF_IMG_20151002_105346_cell_165.png,smear,malaria,train
data/malaria/raw/cell_images/Uninfected/C239ThinF_IMG_20151127_113253_cell_278.png,smear,malaria,train
data/malaria/raw/cell_images/Uninfected/C179P140ThinF_IMG_20151127_153350_cell_152.png,smear,malaria,train
data/malaria/raw/cell_images/Parasitized/C68P29N_ThinF_IMG_20150819_134504_cell_166.png,smear,malaria,train
data/malaria/raw/cell_images/Uninfected/C74P35_ThinF_IMG_20150815_120957_cell_36.png,smear,malaria,train
data/malaria/raw/cell_images/Parasitized/C89P50ThinF_IMG_20150820_163728_cell_200.png,smear,malaria,train
data/malaria/raw/cell_images/Uninfected/C222ThinF_IMG_20151115_151433_cell_105.png,smear,malaria,train
data/malaria/raw/cell_images/Uninfected/C73P34_ThinF_IMG_20150815_111422_cell_51.png,smear,malaria,train
data/malaria/raw/cell_images/Uninfected/C115P76ThinF_IMG_20150930_163156_cell_221.png,smear,malaria,train
data/malaria/raw/cell_images/Uninfected/C182P143NThinF_IMG_20151201_171905_cell_117.png,smear,malaria,train
data/malaria/raw/cell_images/Parasitized/C184P145ThinF_IMG_20151203_104030_cell_33.png,smear,malaria,train
data/malaria/raw/cell_images/Parasitized/C179P140ThinF_IMG_20151127_153852_cell_176.png,smear,malaria,train
data/malaria/raw/cell_images/Uninfected/C55P16thinF_IMG_20150728_123510_cell_92.png,smear,malaria,train
data/malaria/raw/cell_images/Parasitized/C119P80ThinF_IMG_20151002_124345_cell_164.png,smear,malaria,train
data/malaria/raw/cell_images/Parasitized/C145P106ThinF_IMG_20151016_155121_cell_195.png,smear,malaria,train
data/malaria/raw/cell_images/Parasitized/C176P137NThinF_IMG_20151201_120612_cell_18.png,smear,malaria,train
data/malaria/raw/cell_images/Uninfected/C33P1thinF_IMG_20150619_120804a_cell_3.png,smear,malaria,train
data/malaria/raw/cell_images/Uninfected/C187P148NThinF_IMG_20151203_154111_cell_77.png,smear,malaria,train
data/malaria/raw/cell_images/Uninfected/C69P30N_ThinF_IMG_20150819_135705_cell_57.png,smear,malaria,train
data/malaria/raw/cell_images/Uninfected/C67P28N_ThinF_IMG_20150819_125901_cell_72.png,smear,malaria,train
data/malaria/raw/cell_images/Uninfected/C174P135NThinF_IMG_20151127_135640_cell_131.png,smear,malaria,train
data/malaria/raw/cell_images/Uninfected/C90P51ThinF_IMG_20150821_115310_cell_33.png,smear,malaria,train
data/malaria/raw/cell_images/Uninfected/C119P80ThinF_IMG_20151002_124345_cell_86.png,smear,malaria,train
data/malaria/raw/cell_images/Uninfected/C13NThinF_IMG_20150614_131417_cell_135.png,smear,malaria,train
data/malaria/raw/cell_images/Parasitized/C163P124ThinF_IMG_20151116_111925_cell_282.png,smear,malaria,train
data/malaria/raw/cell_images/Uninfected/C82P43ThinF_IMG_20150817_123500_cell_175.png,smear,malaria,train
data/malaria/raw/cell_images/Parasitized/C77P38ThinF_IMG_20150602_143650_cell_153.png,smear,malaria,train
data/malaria/raw/cell_images/Parasitized/C99P60ThinF_IMG_20150918_141857_cell_12.png,smear,malaria,train
data/malaria/raw/cell_images/Parasitized/C89P50ThinF_IMG_20150820_163728_cell_195.png,smear,malaria,train
data/malaria/raw/cell_images/Parasitized/C39P4thinF_original_IMG_20150622_111206_cell_105.png,smear,malaria,train
data/malaria/raw/cell_images/Parasitized/C99P60ThinF_IMG_20150918_141001_cell_117.png,smear,malaria,train
data/malaria/raw/cell_images/Uninfected/C187P148NThinF_IMG_20151203_153713_cell_78.png,smear,malaria,train
data/malaria/raw/cell_images/Uninfected/C78P39ThinF_IMG_20150606_103630_cell_56.png,smear,malaria,train
data/malaria/raw/cell_images/Parasitized/C68P29N_ThinF_IMG_20150819_133350_cell_166.png,smear,malaria,train
data/malaria/raw/cell_images/Parasitized/C80P41ThinF_IMG_20150817_111121_cell_166.png,smear,malaria,train
data/malaria/raw/cell_images/Uninfected/C234ThinF_IMG_20151112_163036_cell_39.png,smear,malaria,train
data/malaria/raw/cell_images/Uninfected/C67P28N_ThinF_IMG_20150819_121240_cell_112.png,smear,malaria,train
data/malaria/raw/cell_images/Parasitized/C97P58ThinF_IMG_20150917_151320_cell_152.png,smear,malaria,train
data/malaria/raw/cell_images/Uninfected/C158P119ThinF_IMG_20151115_181136_cell_124.png,smear,malaria,train
data/malaria/raw/cell_images/Parasitized/C133P94ThinF_IMG_20151004_154158_cell_122.png,smear,malaria,train
data/malaria/raw/cell_images/Uninfected/C46P7ThinF_IMG_20151130_210123_cell_112.png,smear,malaria,train
data/malaria/raw/cell_images/Parasitized/C48P9thinF_IMG_20150721_162732_cell_12.png,smear,malaria,train
data/malaria/raw/cell_images/Uninfected/C189P150ThinF_IMG_20151203_141308_cell_41.png,smear,malaria,train
data/malaria/raw/cell_images/Uninfected/C47P8thin_Original_Motic_IMG_20150714_093715_cell_116.png,smear,malaria,train
data/malaria/raw/cell_images/Uninfected/C95P56ThinF_IMG_20150821_171242_cell_28.png,smear,malaria,train
data/malaria/raw/cell_images/Uninfected/C154P115ThinF_IMG_20151115_141407_cell_52.png,smear,malaria,train
data/malaria/raw/cell_images/Parasitized/C59P20thinF_IMG_20150803_112802_cell_172.png,smear,malaria,train
data/malaria/raw/cell_images/Parasitized/C76P37ThinF_IMG_20150815_172808_cell_232.png,smear,malaria,train
data/malaria/raw/cell_images/Parasitized/C137P98ThinF_IMG_20151005_161659_cell_13.png,smear,malaria,train
data/malaria/raw/cell_images/Parasitized/C99P60ThinF_IMG_20150918_142334_cell_26.png,smear,malaria,train
data/malaria/raw/cell_images/Parasitized/C184P145ThinF_IMG_20151203_102405_cell_147.png,smear,malaria,train
data/malaria/raw/cell_images/Parasitized/C99P60ThinF_IMG_20150918_141001_cell_123.png,smear,malaria,train
data/malaria/raw/cell_images/Uninfected/C213ThinF_IMG_20151106_112759_cell_148.png,smear,malaria,train
data/malaria/raw/cell_images/Parasitized/C91P52ThinF_IMG_20150821_125423_cell_13.png,smear,malaria,train
data/malaria/raw/cell_images/Parasitized/C84P45ThinF_IMG_20150818_101226_cell_93.png,smear,malaria,train
data/malaria/raw/cell_images/Parasitized/C126P87ThinF_IMG_20151004_105100_cell_129.png,smear,malaria,train
data/malaria/raw/cell_images/Parasitized/C116P77ThinF_IMG_20150930_171558_cell_101.png,smear,malaria,train
data/malaria/raw/cell_images/Parasitized/C157P118ThinF_IMG_20151115_164141_cell_203.png,smear,malaria,train
data/malaria/raw/cell_images/Uninfected/C110P71ThinF_IMG_20150930_110052_cell_28.png,smear,malaria,train
data/malaria/raw/cell_images/Uninfected/C56P17thinF_IMG_20150728_153413_cell_53.png,smear,malaria,train
data/malaria/raw/cell_images/Parasitized/C68P29N_ThinF_IMG_20150819_134625_cell_16.png,smear,malaria,train
data/malaria/raw/cell_images/Uninfected/C2NThinF_IMG_20150604_114730_cell_139.png,smear,malaria,train
data/malaria/raw/cell_images/Parasitized/C91P52ThinF_IMG_20150821_124937_cell_199.png,smear,malaria,train
data/malaria/raw/cell_images/Parasitized/C113P74ThinF_IMG_20150930_134429_cell_182.png,smear,malaria,train
data/malaria/raw/cell_images/Parasitized/C48P9thinF_IMG_20150721_162732_cell_4.png,smear,malaria,train
data/malaria/raw/cell_images/Parasitized/C181P142ThinF_IMG_20151127_155722_cell_200.png,smear,malaria,train
data/malaria/raw/cell_images/Uninfected/C134P95ThinF_IMG_20151005_122331_cell_20.png,smear,malaria,train
data/malaria/raw/cell_images/Uninfected/C56P17thinF_IMG_20150728_151330_cell_98.png,smear,malaria,train
data/malaria/raw/cell_images/Parasitized/C60P21thinF_IMG_20150804_105955_cell_129.png,smear,malaria,train
data/malaria/raw/cell_images/Uninfected/C55P16thinF_IMG_20150728_121151_cell_34.png,smear,malaria,train
data/malaria/raw/cell_images/Uninfected/C224ThinF_IMG_20151112_111955_cell_190.png,smear,malaria,train
data/malaria/raw/cell_images/Parasitized/C99P60ThinF_IMG_20150918_141520_cell_116.png,smear,malaria,train
data/malaria/raw/cell_images/Parasitized/C185P146ThinF_IMG_20151203_111121_cell_220.png,smear,malaria,train
data/malaria/raw/cell_images/Parasitized/C70P31_ThinF_IMG_20150819_141436_cell_105.png,smear,malaria,train
data/malaria/raw/cell_images/Parasitized/C137P98ThinF_IMG_20151005_161859_cell_80.png,smear,malaria,train
data/malaria/raw/cell_images/Parasitized/C188P149ThinF_IMG_20151203_134209_cell_202.png,smear,malaria,train
data/malaria/raw/cell_images/Parasitized/C132P93ThinF_IMG_20151004_151701_cell_159.png,smear,malaria,train
data/malaria/raw/cell_images/Parasitized/C182P143NThinF_IMG_20151201_172216_cell_147.png,smear,malaria,train
data/malaria/raw/cell_images/Parasitized/C48P9thinF_IMG_20150721_161055_cell_202.png,smear,malaria,train
data/malaria/raw/cell_images/Uninfected/C209ThinF_IMG_20151029_160927_cell_23.png,smear,malaria,train
data/malaria/raw/cell_images/Parasitized/C117P78ThinF_IMG_20150930_214629_cell_103.png,smear,malaria,train
data/malaria/raw/cell_images/Uninfected/C172P133ThinF_IMG_20151119_155019_cell_115.png,smear,malaria,train
data/malaria/raw/cell_images/Parasitized/C179P140ThinF_IMG_20151127_153521_cell_164.png,smear,malaria,train
data/malaria/raw/cell_images/Parasitized/C99P60ThinF_IMG_20150918_141620_cell_25.png,smear,malaria,train
data/malaria/raw/cell_images/Uninfected/C97P58ThinF_IMG_20150917_151512_cell_26.png,smear,malaria,train
data/malaria/raw/cell_images/Uninfected/C63P24N_ThinF_IMG_20150818_143423_cell_127.png,smear,malaria,train
data/malaria/raw/cell_images/Parasitized/C45P6ThinF_IMG_20151130_154725_cell_175.png,smear,malaria,train
data/malaria/raw/cell_images/Parasitized/C99P60ThinF_IMG_20150918_141857_cell_2.png,smear,malaria,train
data/malaria/raw/cell_images/Parasitized/C118P79ThinF_IMG_20151002_110609_cell_11.png,smear,malaria,train
data/malaria/raw/cell_images/Uninfected/C59P20thinF_IMG_20150803_112733_cell_2.png,smear,malaria,train
data/malaria/raw/cell_images/Uninfected/C220ThinF_IMG_20151106_154016_cell_114.png,smear,malaria,train
data/malaria/raw/cell_images/Parasitized/C93P54ThinF_IMG_20150821_164024_cell_206.png,smear,malaria,train
data/malaria/raw/cell_images/Parasitized/C84P45ThinF_IMG_20150818_101903_cell_6.png,smear,malaria,train
data/malaria/raw/cell_images/Parasitized/C186P147NThinF_IMG_20151203_150132_cell_188.png,smear,malaria,train
data/malaria/raw/cell_images/Uninfected/C153P114ThinF_IMG_20151115_135911_cell_92.png,smear,malaria,train
data/malaria/raw/cell_images/Uninfected/C186P147NThinF_IMG_20151203_150132_cell_35.png,smear,malaria,train
data/malaria/raw/cell_images/Uninfected/C241NThinF_IMG_20151207_124608_cell_30.png,smear,malaria,train
data/malaria/raw/cell_images/Uninfected/C64P25N_ThinF_IMG_20150818_152455_cell_54.png,smear,malaria,train
data/malaria/raw/cell_images/Parasitized/C184P145ThinF_IMG_20151203_104334_cell_39.png,smear,malaria,train
data/malaria/raw/cell_images/Parasitized/C116P77ThinF_IMG_20150930_171739_cell_105.png,smear,malaria,train
data/malaria/raw/cell_images/Parasitized/C137P98ThinF_IMG_20151005_162437_cell_88.png,smear,malaria,train
data/malaria/raw/cell_images/Parasitized/C180P141NThinF_IMG_20151201_163702_cell_177.png,smear,malaria,train
data/malaria/raw/cell_images/Uninfected/C63P24N_ThinF_IMG_20150818_144456_cell_74.png,smear,malaria,train
data/malaria/raw/cell_images/Parasitized/C76P37ThinF_IMG_20150815_173019_cell_231.png,smear,malaria,train
data/malaria/raw/cell_images/Parasitized/C94P55ThinF_IMG_20150821_170249_cell_225.png,smear,malaria,train
data/malaria/raw/cell_images/Parasitized/C137P98ThinF_IMG_20151005_163901_cell_85.png,smear,malaria,train
data/malaria/raw/cell_images/Uninfected/C85P46ThinF_IMG_20150820_105748_cell_15.png,smear,malaria,train
data/malaria/raw/cell_images/Parasitized/C68P29N_ThinF_IMG_20150819_134504_cell_148.png,smear,malaria,train
data/malaria/raw/cell_images/Uninfected/C124P85ThinF_IMG_20151002_153825_cell_144.png,smear,malaria,train
data/malaria/raw/cell_images/Uninfected/C181P142ThinF_IMG_20151127_160539_cell_2.png,smear,malaria,train
data/malaria/raw/cell_images/Uninfected/C221ThinF_IMG_20151106_160022_cell_105.png,smear,malaria,train
data/malaria/raw/cell_images/Parasitized/C46P7ThinF_IMG_20151130_205756_cell_127.png,smear,malaria,train
data/malaria/raw/cell_images/Parasitized/C186P147NThinF_IMG_20151203_150322_cell_171.png,smear,malaria,train
data/malaria/raw/cell_images/Parasitized/C132P93ThinF_IMG_20151004_152505_cell_149.png,smear,malaria,train
data/malaria/raw/cell_images/Uninfected/C113P74ThinF_IMG_20150930_134614_cell_138.png,smear,malaria,train
data/malaria/raw/cell_images/Uninfected/C71P32_ThinF_IMG_20150813_162554_cell_95.png,smear,malaria,train
data/malaria/raw/cell_images/Uninfected/C126P87ThinF_IMG_20151004_104813_cell_78.png,smear,malaria,train
data/malaria/raw/cell_images/Parasitized/C181P142ThinF_IMG_20151127_160434_cell_178.png,smear,malaria,train
data/malaria/raw/cell_images/Uninfected/C148P109ThinF_IMG_20151115_112333_cell_232.png,smear,malaria,train
data/malaria/raw/cell_images/Uninfected/C152P113ThinF_IMG_20151115_123837_cell_140.png,smear,malaria,train
data/malaria/raw/cell_images/Parasitized/C182P143NThinF_IMG_20151201_171836_cell_166.png,smear,malaria,train
data/malaria/raw/cell_images/Uninfected/C48P9thinF_IMG_20150721_161055_cell_117.png,smear,malaria,train
data/malaria/raw/cell_images/Parasitized/C91P52ThinF_IMG_20150821_124311_cell_15.png,smear,malaria,train
data/malaria/raw/cell_images/Uninfected/C143P104ThinF_IMG_20151005_225623_cell_11.png,smear,malaria,train
data/malaria/raw/cell_images/Uninfected/C12NThinF_IMG_20150614_125703_cell_71.png,smear,malaria,train
data/malaria/raw/cell_images/Parasitized/C129P90ThinF_IMG_20151004_133329_cell_107.png,smear,malaria,train
data/malaria/raw/cell_images/Uninfected/C189P150ThinF_IMG_20151203_140902_cell_92.png,smear,malaria,train
data/malaria/raw/cell_images/Uninfected/C13NThinF_IMG_20150614_131417_cell_141.png,smear,malaria,train
data/malaria/raw/cell_images/Uninfected/C4thin_original_IMG_20150608_170016_cell_96.png,smear,malaria,train
data/malaria/raw/cell_images/Uninfected/C231ThinF_IMG_20151112_153246_cell_163.png,smear,malaria,train
data/malaria/raw/cell_images/Uninfected/C212ThinF_IMG_20151106_105437_cell_219.png,smear,malaria,train
data/malaria/raw/cell_images/Uninfected/C91P52ThinF_IMG_20150821_124739_cell_76.png,smear,malaria,train
data/malaria/raw/cell_images/Uninfected/C186P147NThinF_IMG_20151203_150859_cell_51.png,smear,malaria,train
data/malaria/raw/cell_images/Uninfected/C227ThinF_IMG_20151112_135158_cell_122.png,smear,malaria,train
data/malaria/raw/cell_images/Parasitized/C51AP12thinF_IMG_20150724_155557_cell_83.png,smear,malaria,train
data/malaria/raw/cell_images/Parasitized/C101P62ThinF_IMG_20150918_155731_cell_80.png,smear,malaria,train
data/malaria/raw/cell_images/Uninfected/C123P84ThinF_IMG_20151002_152144_cell_88.png,smear,malaria,train
data/malaria/raw/cell_images/Uninfected/C149P110ThinF_IMG_20151115_114555_cell_196.png,smear,malaria,train
data/malaria/raw/cell_images/Parasitized/C101P62ThinF_IMG_20150918_151239_cell_97.png,smear,malaria,train
data/malaria/raw/cell_images/Parasitized/C119P80ThinF_IMG_20151002_124425_cell_137.png,smear,malaria,train
data/malaria/raw/cell_images/Parasitized/C130P91ThinF_IMG_20151004_142109_cell_142.png,smear,malaria,train
data/malaria/raw/cell_images/Uninfected/C53P14thinF_IMG_20150726_114918_cell_23.png,smear,malaria,train
data/malaria/raw/cell_images/Uninfected/C85P46ThinF_IMG_20150820_105154_cell_146.png,smear,malaria,train
data/malaria/raw/cell_images/Parasitized/C158P119ThinF_IMG_20151115_181859_cell_195.png,smear,malaria,train
data/malaria/raw/cell_images/Parasitized/C82P43ThinF_IMG_20150817_123824_cell_188.png,smear,malaria,train
data/malaria/raw/cell_images/Parasitized/C59P20thinF_IMG_20150803_111244_cell_194.png,smear,malaria,train
data/malaria/raw/cell_images/Parasitized/C62P23N_ThinF_IMG_20150818_133211_cell_197.png,smear,malaria,train
data/malaria/raw/cell_images/Uninfected/C114P75ThinF_IMG_20150930_151150_cell_104.png,smear,malaria,train
data/malaria/raw/cell_images/Parasitized/C76P37ThinF_IMG_20150815_171454_cell_245.png,smear,malaria,train
data/malaria/raw/cell_images/Uninfected/C70P31_ThinF_IMG_20150813_130332_cell_32.png,smear,malaria,train
data/malaria/raw/cell_images/Uninfected/C121P82ThinF_IMG_20151002_134659_cell_38.png,smear,malaria,train
data/malaria/raw/cell_images/Parasitized/C175P136NThinF_IMG_20151127_141253_cell_252.png,smear,malaria,train
data/malaria/raw/cell_images/Uninfected/C208ThinF_IMG_20151029_151017_cell_193.png,smear,malaria,train
data/malaria/raw/cell_images/Parasitized/C133P94ThinF_IMG_20151004_153930_cell_99.png,smear,malaria,train
data/malaria/raw/cell_images/Uninfected/C124P85ThinF_IMG_20151002_154502_cell_101.png,smear,malaria,train
data/malaria/raw/cell_images/Parasitized/C120P81ThinF_IMG_20151002_130918_cell_208.png,smear,malaria,train
data/malaria/raw/cell_images/Uninfected/C161P122ThinF_IMG_20151116_101126_cell_101.png,smear,malaria,train
data/malaria/raw/cell_images/Parasitized/C132P93ThinF_IMG_20151004_151941_cell_2.png,smear,malaria,train
data/malaria/raw/cell_images/Parasitized/C106P67ThinF_IMG_20150924_102413_cell_190.png,smear,malaria,train
data/malaria/raw/cell_images/Parasitized/C48P9thinF_IMG_20150721_161055_cell_198.png,smear,malaria,train
data/malaria/raw/cell_images/Uninfected/C131P92ThinF_IMG_20151004_150208_cell_5.png,smear,malaria,train
data/malaria/raw/cell_images/Uninfected/C175P136NThinF_IMG_20151127_141253_cell_167.png,smear,malaria,train
data/malaria/raw/cell_images/Parasitized/C99P60ThinF_IMG_20150918_141620_cell_15.png,smear,malaria,train
data/malaria/raw/cell_images/Parasitized/C116P77ThinF_IMG_20150930_171809_cell_69.png,smear,malaria,train
data/malaria/raw/cell_images/Parasitized/C180P141NThinF_IMG_20151201_170110_cell_22.png,smear,malaria,train
data/malaria/raw/cell_images/Parasitized/C97P58ThinF_IMG_20150917_150838_cell_162.png,smear,malaria,train
data/malaria/raw/cell_images/Uninfected/C220ThinF_IMG_20151106_154016_cell_64.png,smear,malaria,train
data/malaria/raw/cell_images/Uninfected/C125P86ThinF_IMG_20151004_102205_cell_22.png,smear,malaria,train
data/malaria/raw/cell_images/Parasitized/C84P45ThinF_IMG_20150818_101412_cell_104.png,smear,malaria,train
data/malaria/raw/cell_images/Parasitized/C68P29N_ThinF_IMG_20150819_133350_cell_154.png,smear,malaria,train
data/malaria/raw/cell_images/Uninfected/C203ThinF_IMG_20151029_104112_cell_233.png,smear,malaria,train
data/malaria/raw/cell_images/Uninfected/C56P17thinF_IMG_20150728_155921_cell_51.png,smear,malaria,train
data/malaria/raw/cell_images/Uninfected/C42P5thin_original_IMG_20150623_135251_cell_36.png,smear,malaria,train
data/malaria/raw/cell_images/Parasitized/C117P78ThinF_IMG_20150930_214629_cell_100.png,smear,malaria,train
data/malaria/raw/cell_images/Parasitized/C140P101ThinF_IMG_20151005_205922_cell_192.png,smear,malaria,train
data/malaria/raw/cell_images/Parasitized/C81P42ThinF_IMG_20150817_115942_cell_222.png,smear,malaria,train
data/malaria/raw/cell_images/Parasitized/C85P46ThinF_IMG_20150820_105748_cell_259.png,smear,malaria,train
data/malaria/raw/cell_images/Parasitized/C99P60ThinF_IMG_20150918_142334_cell_45.png,smear,malaria,train
data/malaria/raw/cell_images/Parasitized/C137P98ThinF_IMG_20151005_162348_cell_11.png,smear,malaria,train
data/malaria/raw/cell_images/Parasitized/C179P140ThinF_IMG_20151127_153436_cell_170.png,smear,malaria,train
data/malaria/raw/cell_images/Uninfected/C216ThinF_IMG_20151106_135228_cell_13.png,smear,malaria,train
data/malaria/raw/cell_images/Uninfected/C123P84ThinF_IMG_20151002_151143_cell_169.png,smear,malaria,train
data/malaria/raw/cell_images/Uninfected/C90P51ThinF_IMG_20150821_115700_cell_153.png,smear,malaria,train
data/malaria/raw/cell_images/Parasitized/C99P60ThinF_IMG_20150918_142128_cell_104.png,smear,malaria,train
data/malaria/raw/cell_images/Uninfected/C150P111ThinF_IMG_20151115_120244_cell_37.png,smear,malaria,train
data/malaria/raw/cell_images/Parasitized/C68P29N_ThinF_IMG_20150819_134712_cell_15.png,smear,malaria,train
data/malaria/raw/cell_images/Uninfected/C112P73ThinF_IMG_20150930_131605_cell_117.png,smear,malaria,train
data/malaria/raw/cell_images/Uninfected/C171P132ThinF_IMG_20151119_153851_cell_95.png,smear,malaria,train
data/malaria/raw/cell_images/Uninfected/C86P47ThinF_IMG_20150820_123717_cell_63.png,smear,malaria,train
data/malaria/raw/cell_images/Uninfected/C45P6ThinF_IMG_20151130_154725_cell_159.png,smear,malaria,train
data/malaria/raw/cell_images/Parasitized/C186P147NThinF_IMG_20151203_150557_cell_179.png,smear,malaria,train
data/malaria/raw/cell_images/Uninfected/C118P79ThinF_IMG_20151002_105346_cell_121.png,smear,malaria,train
data/malaria/raw/cell_images/Uninfected/C50P11thinF_IMG_20150724_115651_cell_143.png,smear,malaria,train
data/malaria/raw/cell_images/Parasitized/C129P90ThinF_IMG_20151004_133703_cell_110.png,smear,malaria,train
data/malaria/raw/cell_images/Parasitized/C116P77ThinF_IMG_20150930_171739_cell_100.png,smear,malaria,train
data/malaria/raw/cell_images/Parasitized/C184P145ThinF_IMG_20151203_104440_cell_25.png,smear,malaria,train
data/malaria/raw/cell_images/Uninfected/C213ThinF_IMG_20151106_112853_cell_170.png,smear,malaria,train
data/malaria/raw/cell_images/Uninfected/C91P52ThinF_IMG_20150821_123314_cell_16.png,smear,malaria,train
data/malaria/raw/cell_images/Uninfected/C122P83ThinF_IMG_20151002_144855_cell_47.png,smear,malaria,train
data/malaria/raw/cell_images/Uninfected/C85P46ThinF_IMG_20150820_105154_cell_68.png,smear,malaria,train
data/malaria/raw/cell_images/Uninfected/C228ThinF_IMG_20151112_142900_cell_245.png,smear,malaria,train
data/malaria/raw/cell_images/Uninfected/C215ThinF_IMG_20151106_133116_cell_63.png,smear,malaria,train
data/malaria/raw/cell_images/Uninfected/C12NThinF_IMG_20150614_125741_cell_268.png,smear,malaria,train
data/malaria/raw/cell_images/Uninfected/C189P150ThinF_IMG_20151203_141615_cell_56.png,smear,malaria,train
data/malaria/raw/cell_images/Uninfected/C165P126ThinF_IMG_20151117_171646_cell_189.png,smear,malaria,train
data/malaria/raw/cell_images/Uninfected/C225ThinF_IMG_20151112_113735_cell_162.png,smear,malaria,train
data/malaria/raw/cell_images/Parasitized/C176P137NThinF_IMG_20151201_114235_cell_9.png,smear,malaria,train
data/malaria/raw/cell_images/Parasitized/C82P43ThinF_IMG_20150817_124728_cell_15.png,smear,malaria,train
data/malaria/raw/cell_images/Parasitized/C136P97ThinF_IMG_20151005_141552_cell_1.png,smear,malaria,train
data/malaria/raw/cell_images/Parasitized/C182P143NThinF_IMG_20151201_171836_cell_168.png,smear,malaria,train
data/malaria/raw/cell_images/Parasitized/C76P37ThinF_IMG_20150815_173019_cell_235.png,smear,malaria,train
data/malaria/raw/cell_images/Uninfected/C155P116ThinF_IMG_20151115_143051_cell_17.png,smear,malaria,train
data/malaria/raw/cell_images/Parasitized/C101P62ThinF_IMG_20150918_151942_cell_58.png,smear,malaria,train
data/malaria/raw/cell_images/Parasitized/C136P97ThinF_IMG_20151005_142627_cell_4.png,smear,malaria,train
data/malaria/raw/cell_images/Uninfected/C119P80ThinF_IMG_20151002_123608_cell_56.png,smear,malaria,train
data/malaria/raw/cell_images/Uninfected/C159P120ThinF_IMG_20151115_185541_cell_41.png,smear,malaria,train
data/malaria/raw/cell_images/Uninfected/C68P29N_ThinF_IMG_20150819_133236_cell_79.png,smear,malaria,train
data/malaria/raw/cell_images/Uninfected/C110P71ThinF_IMG_20150930_110052_cell_75.png,smear,malaria,train
data/malaria/raw/cell_images/Parasitized/C99P60ThinF_IMG_20150918_142334_cell_36.png,smear,malaria,train
data/malaria/raw/cell_images/Parasitized/C59P20thinF_IMG_20150803_112858_cell_183.png,smear,malaria,train
data/malaria/raw/cell_images/Parasitized/C158P119ThinF_IMG_20151115_181035_cell_180.png,smear,malaria,train
data/malaria/raw/cell_images/Parasitized/C46P7ThinF_IMG_20151130_210843_cell_136.png,smear,malaria,train
data/malaria/raw/cell_images/Parasitized/C137P98ThinF_IMG_20151005_155704_cell_58.png,smear,malaria,train
data/malaria/raw/cell_images/Uninfected/C214ThinF_IMG_20151106_115440_cell_163.png,smear,malaria,train
data/malaria/raw/cell_images/Uninfected/C52P13thinF_IMG_20150725_130013_cell_17.png,smear,malaria,train
data/malaria/raw/cell_images/Parasitized/C178P139NThinF_IMG_20151201_154025_cell_128.png,smear,malaria,train
data/malaria/raw/cell_images/Parasitized/C91P52ThinF_IMG_20150821_123314_cell_199.png,smear,malaria,train
data/malaria/raw/cell_images/Uninfected/C229ThinF_IMG_20151112_144534_cell_127.png,smear,malaria,train
data/malaria/raw/cell_images/Uninfected/C203ThinF_IMG_20151029_102123_cell_130.png,smear,malaria,train
data/malaria/raw/cell_images/Uninfected/C114P75ThinF_IMG_20150930_150145_cell_77.png,smear,malaria,train
data/malaria/raw/cell_images/Parasitized/C182P143NThinF_IMG_20151201_172759_cell_24.png,smear,malaria,train
data/malaria/raw/cell_images/Uninfected/C217ThinF_IMG_20151106_141135_cell_92.png,smear,malaria,train
data/malaria/raw/cell_images/Uninfected/C122P83ThinF_IMG_20151002_145014_cell_125.png,smear,malaria,train
data/malaria/raw/cell_images/Uninfected/C61P22N_ThinF_IMG_20150818_112433_cell_37.png,smear,malaria,train
data/malaria/raw/cell_images/Uninfected/C113P74ThinF_IMG_20150930_134949_cell_47.png,smear,malaria,train
data/malaria/raw/cell_images/Uninfected/C123P84ThinF_IMG_20151002_151143_cell_153.png,smear,malaria,train
data/malaria/raw/cell_images/Uninfected/C145P106ThinF_IMG_20151016_154844_cell_45.png,smear,malaria,train
data/malaria/raw/cell_images/Parasitized/C186P147NThinF_IMG_20151203_150132_cell_199.png,smear,malaria,train
data/malaria/raw/cell_images/Uninfected/C139P100ThinF_IMG_20151005_182257_cell_85.png,smear,malaria,train
data/malaria/raw/cell_images/Parasitized/C128P89ThinF_IMG_20151004_130810_cell_155.png,smear,malaria,train
data/malaria/raw/cell_images/Uninfected/C241NThinF_IMG_20151207_124115_cell_75.png,smear,malaria,train
data/malaria/raw/cell_images/Parasitized/C137P98ThinF_IMG_20151005_161306_cell_22.png,smear,malaria,train
data/malaria/raw/cell_images/Uninfected/C185P146ThinF_IMG_20151203_111121_cell_45.png,smear,malaria,train
data/malaria/raw/cell_images/Parasitized/C46P7ThinF_IMG_20151130_210123_cell_120.png,smear,malaria,train
data/malaria/raw/cell_images/Uninfected/C47P8thin_Original_Motic_IMG_20150714_094054_cell_63.png,smear,malaria,train
data/malaria/raw/cell_images/Uninfected/C89P50ThinF_IMG_20150820_163347_cell_189.png,smear,malaria,train
data/malaria/raw/cell_images/Uninfected/C59P20thinF_IMG_20150803_111333_cell_48.png,smear,malaria,train
data/malaria/raw/cell_images/Uninfected/C123P84ThinF_IMG_20151002_151851_cell_106.png,smear,malaria,train
data/malaria/raw/cell_images/Parasitized/C59P20thinF_IMG_20150803_113809_cell_44.png,smear,malaria,train
data/malaria/raw/cell_images/Uninfected/C154P115ThinF_IMG_20151115_141336_cell_140.png,smear,malaria,train
data/malaria/raw/cell_images/Uninfected/C233ThinF_IMG_20151112_161119_cell_148.png,smear,malaria,train
data/malaria/raw/cell_images/Uninfected/C185P146ThinF_IMG_20151203_110817_cell_79.png,smear,malaria,train
data/malaria/raw/cell_images/Parasitized/C180P141NThinF_IMG_20151201_165453_cell_44.png,smear,malaria,train
data/malaria/raw/cell_images/Parasitized/C84P45ThinF_IMG_20150818_102654_cell_78.png,smear,malaria,train
data/malaria/raw/cell_images/Parasitized/C186P147NThinF_IMG_20151203_150222_cell_172.png,smear,malaria,train
data/malaria/raw/cell_images/Parasitized/C99P60ThinF_IMG_20150918_141351_cell_101.png,smear,malaria,train
data/malaria/raw/cell_images/Parasitized/C187P148NThinF_IMG_20151203_152841_cell_161.png,smear,malaria,train
data/malaria/raw/cell_images/Parasitized/C176P137NThinF_IMG_20151201_120612_cell_12.png,smear,malaria,train
data/malaria/raw/cell_images/Uninfected/C134P95ThinF_IMG_20151005_121425_cell_30.png,smear,malaria,train
data/malaria/raw/cell_images/Uninfected/C65P26N_ThinF_IMG_20150818_154624_cell_99.png,smear,malaria,train
data/malaria/raw/cell_images/Parasitized/C48P9thinF_IMG_20150721_161055_cell_194.png,smear,malaria,train
data/malaria/raw/cell_images/Uninfected/C97P58ThinF_IMG_20150917_151320_cell_102.png,smear,malaria,train
data/malaria/raw/cell_images/Uninfected/C209ThinF_IMG_20151029_160721_cell_43.png,smear,malaria,train
data/malaria/raw/cell_images/Parasitized/C80P41ThinF_IMG_20150817_111802_cell_16.png,smear,malaria,train
data/malaria/raw/cell_images/Parasitized/C110P71ThinF_IMG_20150930_110052_cell_239.png,smear,malaria,train
data/malaria/raw/cell_images/Uninfected/C82P43ThinF_IMG_20150817_124010_cell_91.png,smear,malaria,train
data/malaria/raw/cell_images/Parasitized/C156P117ThinF_IMG_20151115_154022_cell_279.png,smear,malaria,train
data/malaria/raw/cell_images/Uninfected/C81P42ThinF_IMG_20150817_115942_cell_44.png,smear,malaria,train
data/malaria/raw/cell_images/Uninfected/C94P55ThinF_IMG_20150821_170021_cell_23.png,smear,malaria,train
data/malaria/raw/cell_images/Uninfected/C209ThinF_IMG_20151029_160803_cell_219.png,smear,malaria,train
data/malaria/raw/cell_images/Uninfected/C53P14thinF_IMG_20150726_114918_cell_15.png,smear,malaria,train
data/malaria/raw/cell_images/Uninfected/C145P106ThinF_IMG_20151016_154756_cell_77.png,smear,malaria,train
data/malaria/raw/cell_images/Uninfected/C215ThinF_IMG_20151106_133043_cell_148.png,smear,malaria,train
data/malaria/raw/cell_images/Parasitized/C97P58ThinF_IMG_20150917_151320_cell_147.png,smear,malaria,train
data/malaria/raw/cell_images/Parasitized/C116P77ThinF_IMG_20150930_171739_cell_85.png,smear,malaria,train
data/malaria/raw/cell_images/Parasitized/C45P6ThinF_IMG_20151130_155110_cell_197.png,smear,malaria,train
data/malaria/raw/cell_images/Parasitized/C91P52ThinF_IMG_20150821_124311_cell_37.png,smear,malaria,train
data/malaria/raw/cell_images/Uninfected/C120P81ThinF_IMG_20151002_130407_cell_119.png,smear,malaria,train
data/malaria/raw/cell_images/Parasitized/C172P133ThinF_IMG_20151119_155156_cell_256.png,smear,malaria,train
data/malaria/raw/cell_images/Uninfected/C150P111ThinF_IMG_20151115_115950_cell_9.png,smear,malaria,train
data/malaria/raw/cell_images/Uninfected/C39P4thinF_original_IMG_20150622_110352_cell_42.png,smear,malaria,train
data/malaria/raw/cell_images/Uninfected/C189P150ThinF_IMG_20151203_141110_cell_17.png,smear,malaria,train
data/malaria/raw/cell_images/Uninfected/C82P43ThinF_IMG_20150817_124418_cell_121.png,smear,malaria,train
data/malaria/raw/cell_images/Parasitized/C116P77ThinF_IMG_20150930_171809_cell_81.png,smear,malaria,train
data/malaria/raw/cell_images/Uninfected/C166P127ThinF_IMG_20151117_193235_cell_97.png,smear,malaria,train
data/malaria/raw/cell_images/Uninfected/C88P49ThinF_IMG_20150820_151451_cell_99.png,smear,malaria,train
data/malaria/raw/cell_images/Uninfected/C72P33_ThinF_IMG_20150815_104307_cell_182.png,smear,malaria,train
data/malaria/raw/cell_images/Uninfected/C58P19thinF_IMG_20150802_122846_cell_30.png,smear,malaria,train
data/malaria/raw/cell_images/Parasitized/C129P90ThinF_IMG_20151004_134636_cell_3.png,smear,malaria,train
data/malaria/raw/cell_images/Uninfected/C203ThinF_IMG_20151029_102123_cell_128.png,smear,malaria,train
data/malaria/raw/cell_images/Parasitized/C52P13thinF_IMG_20150725_125213_cell_170.png,smear,malaria,train
data/malaria/raw/cell_images/Uninfected/C42P5thin_original_IMG_20150623_134919_cell_155.png,smear,malaria,train
data/malaria/raw/cell_images/Parasitized/C68P29N_ThinF_IMG_20150819_134504_cell_142.png,smear,malaria,train
data/malaria/raw/cell_images/Uninfected/C160P121ThinF_IMG_20151116_093748_cell_4.png,smear,malaria,train
data/malaria/raw/cell_images/Uninfected/C78P39ThinF_IMG_20150606_103413_cell_68.png,smear,malaria,train
data/malaria/raw/cell_images/Uninfected/C56P17thinF_IMG_20150728_160256_cell_21.png,smear,malaria,train
data/malaria/raw/cell_images/Parasitized/C101P62ThinF_IMG_20150923_170246_cell_83.png,smear,malaria,train
data/malaria/raw/cell_images/Uninfected/C187P148NThinF_IMG_20151203_153410_cell_70.png,smear,malaria,train
data/malaria/raw/cell_images/Uninfected/C212ThinF_IMG_20151106_105941_cell_34.png,smear,malaria,train
data/malaria/raw/cell_images/Uninfected/C228ThinF_IMG_20151112_142109_cell_127.png,smear,malaria,train
data/malaria/raw/cell_images/Uninfected/C109P70ThinF_IMG_20150930_102944_cell_155.png,smear,malaria,train
data/malaria/raw/cell_images/Uninfected/C47P8thinOriginalOlympusCX21_IMG_20150717_174844_cell_39.png,smear,malaria,train
data/malaria/raw/cell_images/Parasitized/C68P29N_ThinF_IMG_20150819_134830_cell_53.png,smear,malaria,train
data/malaria/raw/cell_images/Uninfected/C92P53ThinF_IMG_20150821_151722_cell_183.png,smear,malaria,train
data/malaria/raw/cell_images/Uninfected/C184P145ThinF_IMG_20151203_103326_cell_41.png,smear,malaria,train
data/malaria/raw/cell_images/Uninfected/C156P117ThinF_IMG_20151115_154022_cell_71.png,smear,malaria,train
data/malaria/raw/cell_images/Uninfected/C101P62ThinF_IMG_20150923_170344_cell_31.png,smear,malaria,train
data/malaria/raw/cell_images/Uninfected/C84P45ThinF_IMG_20150818_101412_cell_95.png,smear,malaria,train
data/malaria/raw/cell_images/Uninfected/C92P53ThinF_IMG_20150821_151722_cell_173.png,smear,malaria,train
data/malaria/raw/cell_images/Uninfected/C133P94ThinF_IMG_20151004_155721_cell_103.png,smear,malaria,train
data/malaria/raw/cell_images/Parasitized/C68P29N_ThinF_IMG_20150819_134504_cell_138.png,smear,malaria,train
data/malaria/raw/cell_images/Parasitized/C174P135NThinF_IMG_20151127_135311_cell_202.png,smear,malaria,train
data/malaria/raw/cell_images/Uninfected/C156P117ThinF_IMG_20151115_153831_cell_246.png,smear,malaria,train
data/malaria/raw/cell_images/Uninfected/C72P33_ThinF_IMG_20150815_104307_cell_154.png,smear,malaria,train
data/malaria/raw/cell_images/Parasitized/C129P90ThinF_IMG_20151004_134636_cell_21.png,smear,malaria,train
data/malaria/raw/cell_images/Uninfected/C1_thinF_IMG_20150604_104919_cell_240.png,smear,malaria,train
data/malaria/raw/cell_images/Uninfected/C213ThinF_IMG_20151106_112853_cell_219.png,smear,malaria,train
data/malaria/raw/cell_images/Uninfected/C149P110ThinF_IMG_20151115_115154_cell_128.png,smear,malaria,train
data/malaria/raw/cell_images/Uninfected/C157P118ThinF_IMG_20151115_164026_cell_221.png,smear,malaria,train
data/malaria/raw/cell_images/Uninfected/C5NThinF_IMG_20150609_122006_cell_109.png,smear,malaria,train
data/malaria/raw/cell_images/Parasitized/C50P11thinF_IMG_20150724_120716_cell_155.png,smear,malaria,train
data/malaria/raw/cell_images/Parasitized/C62P23N_ThinF_IMG_20150818_133055_cell_184.png,smear,malaria,train
data/malaria/raw/cell_images/Parasitized/C132P93ThinF_IMG_20151004_151701_cell_141.png,smear,malaria,train
data/malaria/raw/cell_images/Parasitized/C176P137NThinF_IMG_20151201_120845_cell_126.png,smear,malaria,train
data/malaria/raw/cell_images/Parasitized/C39P4thinF_original_IMG_20150622_111206_cell_103.png,smear,malaria,train
data/malaria/raw/cell_images/Parasitized/C116P77ThinF_IMG_20150930_171809_cell_60.png,smear,malaria,train
data/malaria/raw/cell_images/Parasitized/C180P141NThinF_IMG_20151201_163848_cell_161.png,smear,malaria,train
data/malaria/raw/cell_images/Parasitized/C184P145ThinF_IMG_20151203_104153_cell_131.png,smear,malaria,train
data/malaria/raw/cell_images/Uninfected/C168P129ThinF_IMG_20151118_160516_cell_105.png,smear,malaria,train
data/malaria/raw/cell_images/Parasitized/C136P97ThinF_IMG_20151005_141321_cell_91.png,smear,malaria,train
data/malaria/raw/cell_images/Parasitized/C59P20thinF_IMG_20150803_113430_cell_44.png,smear,malaria,train
data/malaria/raw/cell_images/Parasitized/C80P41ThinF_IMG_20150817_112329_cell_9.png,smear,malaria,train
data/malaria/raw/cell_images/Uninfected/C165P126ThinF_IMG_20151117_173346_cell_83.png,smear,malaria,train
data/malaria/raw/cell_images/Parasitized/C182P143NThinF_IMG_20151201_172057_cell_137.png,smear,malaria,train
data/malaria/raw/cell_images/Uninfected/C171P132ThinF_IMG_20151119_153851_cell_58.png,smear,malaria,train
data/malaria/raw/cell_images/Parasitized/C167P128ReThinF_IMG_20151201_110011_cell_230.png,smear,malaria,train
data/malaria/raw/cell_images/Parasitized/C65P26N_ThinF_IMG_20150818_154436_cell_179.png,smear,malaria,train
data/malaria/raw/cell_images/Uninfected/C175P136NThinF_IMG_20151127_141325_cell_113.png,smear,malaria,train
data/malaria/raw/cell_images/Uninfected/C210ThinF_IMG_20151029_162834_cell_32.png,smear,malaria,train
data/malaria/raw/cell_images/Uninfected/C166P127ThinF_IMG_20151117_194932_cell_188.png,smear,malaria,train
data/malaria/raw/cell_images/Parasitized/C71P32_ThinF_IMG_20150813_162146_cell_216.png,smear,malaria,train
data/malaria/raw/cell_images/Parasitized/C132P93ThinF_IMG_20151004_151733_cell_153.png,smear,malaria,train
data/malaria/raw/cell_images/Parasitized/C101P62ThinF_IMG_20150923_165215_cell_41.png,smear,malaria,train
data/malaria/raw/cell_images/Uninfected/C129P90ThinF_IMG_20151004_133703_cell_58.png,smear,malaria,train
data/malaria/raw/cell_images/Parasitized/C180P141NThinF_IMG_20151201_165423_cell_154.png,smear,malaria,train
data/malaria/raw/cell_images/Parasitized/C133P94ThinF_IMG_20151004_154919_cell_134.png,smear,malaria,train
data/malaria/raw/cell_images/Uninfected/C74P35_ThinF_IMG_20150815_121324_cell_67.png,smear,malaria,train
data/malaria/raw/cell_images/Uninfected/C125P86ThinF_IMG_20151004_102013_cell_36.png,smear,malaria,train
data/malaria/raw/cell_images/Uninfected/C185P146ThinF_IMG_20151203_110344_cell_76.png,smear,malaria,train
data/malaria/raw/cell_images/Uninfected/C48P9thinF_IMG_20150721_161412_cell_137.png,smear,malaria,train
data/malaria/raw/cell_images/Uninfected/C211ThinF_IMG_20151029_164033_cell_1.png,smear,malaria,train
data/malaria/raw/cell_images/Uninfected/C186P147NThinF_IMG_20151203_150322_cell_110.png,smear,malaria,train
data/malaria/raw/cell_images/Uninfected/C77P38ThinF_IMG_20150602_112011_cell_10.png,smear,malaria,train
data/malaria/raw/cell_images/Uninfected/C186P147NThinF_IMG_20151203_150222_cell_47.png,smear,malaria,train
data/malaria/raw/cell_images/Parasitized/C119P80ThinF_IMG_20151002_123608_cell_150.png,smear,malaria,train
data/malaria/raw/cell_images/Uninfected/C239ThinF_IMG_20151127_113150_cell_225.png,smear,malaria,train
data/malaria/raw/cell_images/Uninfected/C73P34_ThinF_IMG_20150815_111501_cell_34.png,smear,malaria,train
data/malaria/raw/cell_images/Uninfected/C178P139NThinF_IMG_20151201_151903_cell_44.png,smear,malaria,train
data/malaria/raw/cell_images/Parasitized/C39P4thinF_original_IMG_20150622_114804_cell_30.png,smear,malaria,train
data/malaria/raw/cell_images/Uninfected/C115P76ThinF_IMG_20150930_163156_cell_204.png,smear,malaria,train
data/malaria/raw/cell_images/Parasitized/C136P97ThinF_IMG_20151005_142437_cell_121.png,smear,malaria,train
data/malaria/raw/cell_images/Parasitized/C39P4thinF_original_IMG_20150622_114804_cell_33.png,smear,malaria,train
data/malaria/raw/cell_images/Parasitized/C174P135NThinF_IMG_20151127_135311_cell_207.png,smear,malaria,train
data/malaria/raw/cell_images/Uninfected/C160P121ThinF_IMG_20151116_093109_cell_99.png,smear,malaria,train
data/malaria/raw/cell_images/Uninfected/C229ThinF_IMG_20151112_144613_cell_269.png,smear,malaria,train
data/malaria/raw/cell_images/Parasitized/C133P94ThinF_IMG_20151004_155012_cell_13.png,smear,malaria,train
data/malaria/raw/cell_images/Uninfected/C117P78ThinF_IMG_20150930_221812_cell_12.png,smear,malaria,train
data/malaria/raw/cell_images/Parasitized/C48P9thinF_IMG_20150721_161055_cell_174.png,smear,malaria,train
data/malaria/raw/cell_images/Uninfected/C42P5thin_original_IMG_20150623_134547_cell_121.png,smear,malaria,train
data/malaria/raw/cell_images/Parasitized/C118P79ThinF_IMG_20151002_110942_cell_20.png,smear,malaria,train
data/malaria/raw/cell_images/Uninfected/C126P87ThinF_IMG_20151004_104813_cell_108.png,smear,malaria,train
data/malaria/raw/cell_images/Uninfected/C47P8thinOriginalOlympusCX21_IMG_20150717_173554_cell_28.png,smear,malaria,train
data/malaria/raw/cell_images/Parasitized/C84P45ThinF_IMG_20150818_101146_cell_102.png,smear,malaria,train
data/malaria/raw/cell_images/Parasitized/C175P136NThinF_IMG_20151127_142326_cell_228.png,smear,malaria,train
data/malaria/raw/cell_images/Parasitized/C120P81ThinF_IMG_20151002_130407_cell_194.png,smear,malaria,train
data/malaria/raw/cell_images/Parasitized/C100P61ThinF_IMG_20150918_144104_cell_168.png,smear,malaria,train
data/malaria/raw/cell_images/Uninfected/C174P135NThinF_IMG_20151127_135640_cell_88.png,smear,malaria,train
data/malaria/raw/cell_images/Parasitized/C133P94ThinF_IMG_20151004_153930_cell_109.png,smear,malaria,train
data/malaria/raw/cell_images/Uninfected/C163P124ThinF_IMG_20151116_111925_cell_143.png,smear,malaria,train
data/malaria/raw/cell_images/Parasitized/C63P24N_ThinF_IMG_20150818_143423_cell_167.png,smear,malaria,train
data/malaria/raw/cell_images/Uninfected/C182P143NThinF_IMG_20151201_171950_cell_53.png,smear,malaria,train
data/malaria/raw/cell_images/Uninfected/C55P16thinF_IMG_20150728_123237_cell_78.png,smear,malaria,train
data/malaria/raw/cell_images/Uninfected/C226ThinF_IMG_20151112_131546_cell_167.png,smear,malaria,train
data/malaria/raw/cell_images/Uninfected/C135P96ThinF_IMG_20151005_124444_cell_78.png,smear,malaria,train
data/malaria/raw/cell_images/Parasitized/C182P143NThinF_IMG_20151201_171950_cell_193.png,smear,malaria,train
data/malaria/raw/cell_images/Uninfected/C81P42ThinF_IMG_20150817_120351_cell_142.png,smear,malaria,train
data/malaria/raw/cell_images/Uninfected/C126P87ThinF_IMG_20151004_104408_cell_146.png,smear,malaria,train
data/malaria/raw/cell_images/Parasitized/C180P141NThinF_IMG_20151201_165453_cell_9.png,smear,malaria,train
data/malaria/raw/cell_images/Uninfected/C165P126ThinF_IMG_20151117_172859_cell_191.png,smear,malaria,train
data/malaria/raw/cell_images/Uninfected/C97P58ThinF_IMG_20150917_145555_cell_40.png,smear,malaria,train
data/malaria/raw/cell_images/Parasitized/C80P41ThinF_IMG_20150817_112329_cell_24.png,smear,malaria,train
data/malaria/raw/cell_images/Uninfected/C65P26N_ThinF_IMG_20150818_154624_cell_43.png,smear,malaria,train
data/malaria/raw/cell_images/Uninfected/C101P62ThinF_IMG_20150923_170246_cell_27.png,smear,malaria,train
data/malaria/raw/cell_images/Parasitized/C136P97ThinF_IMG_20151005_144727_cell_107.png,smear,malaria,train
data/malaria/raw/cell_images/Uninfected/C77P38ThinF_IMG_20150602_111510_cell_53.png,smear,malaria,train
data/malaria/raw/cell_images/Parasitized/C136P97ThinF_IMG_20151005_142437_cell_118.png,smear,malaria,train
data/malaria/raw/cell_images/Uninfected/C215ThinF_IMG_20151106_133116_cell_75.png,smear,malaria,train
data/malaria/raw/cell_images/Parasitized/C136P97ThinF_IMG_20151005_144727_cell_113.png,smear,malaria,train
data/malaria/raw/cell_images/Uninfected/C39P4thinF_original_IMG_20150622_105253_cell_61.png,smear,malaria,train
data/malaria/raw/cell_images/Uninfected/C129P90ThinF_IMG_20151004_133421_cell_16.png,smear,malaria,train
data/malaria/raw/cell_images/Uninfected/C110P71ThinF_IMG_20150930_110404_cell_43.png,smear,malaria,train
data/malaria/raw/cell_images/Uninfected/C224ThinF_IMG_20151112_113157_cell_77.png,smear,malaria,train
data/malaria/raw/cell_images/Parasitized/C80P41ThinF_IMG_20150817_110834_cell_129.png,smear,malaria,train
data/malaria/raw/cell_images/Uninfected/C61P22N_ThinF_IMG_20150818_112518_cell_17.png,smear,malaria,train
data/malaria/raw/cell_images/Uninfected/C110P71ThinF_IMG_20150930_105925_cell_153.png,smear,malaria,train
data/malaria/raw/cell_images/Uninfected/C175P136NThinF_IMG_20151127_141428_cell_161.png,smear,malaria,train
data/malaria/raw/cell_images/Parasitized/C84P45ThinF_IMG_20150818_102325_cell_96.png,smear,malaria,train
data/malaria/raw/cell_images/Uninfected/C214ThinF_IMG_20151106_114526_cell_192.png,smear,malaria,train
data/malaria/raw/cell_images/Parasitized/C76P37ThinF_IMG_20150815_172808_cell_230.png,smear,malaria,train
data/malaria/raw/cell_images/Uninfected/C53P14thinF_IMG_20150726_114404_cell_90.png,smear,malaria,train
data/malaria/raw/cell_images/Uninfected/C98P59ThinF_IMG_20150917_153030_cell_28.png,smear,malaria,train
data/malaria/raw/cell_images/Parasitized/C103P64ThinF_IMG_20150918_165016_cell_158.png,smear,malaria,train
data/malaria/raw/cell_images/Parasitized/C159P120ThinF_IMG_20151115_190002_cell_233.png,smear,malaria,train
data/malaria/raw/cell_images/Parasitized/C133P94ThinF_IMG_20151004_154919_cell_121.png,smear,malaria,train
data/malaria/raw/cell_images/Parasitized/C144P105ThinF_IMG_20151015_155004_cell_301.png,smear,malaria,train
data/malaria/raw/cell_images/Parasitized/C70P31_ThinF_IMG_20150813_131022_cell_94.png,smear,malaria,train
data/malaria/raw/cell_images/Parasitized/C46P7ThinF_IMG_20151130_205756_cell_126.png,smear,malaria,train
data/malaria/raw/cell_images/Uninfected/C70P31_ThinF_IMG_20150819_141403_cell_27.png,smear,malaria,train
data/malaria/raw/cell_images/Uninfected/C62P23N_ThinF_IMG_20150818_132811_cell_9.png,smear,malaria,train
data/malaria/raw/cell_images/Parasitized/C124P85ThinF_IMG_20151002_155026_cell_175.png,smear,malaria,train
data/malaria/raw/cell_images/Uninfected/C208ThinF_IMG_20151029_155411_cell_108.png,smear,malaria,train
data/malaria/raw/cell_images/Uninfected/C92P53ThinF_IMG_20150821_151646_cell_155.png,smear,malaria,train
data/malaria/raw/cell_images/Parasitized/C59P20thinF_IMG_20150803_113139_cell_40.png,smear,malaria,train
data/malaria/raw/cell_images/Uninfected/C224ThinF_IMG_20151112_112334_cell_108.png,smear,malaria,train
data/malaria/raw/cell_images/Parasitized/C184P145ThinF_IMG_20151203_104440_cell_24.png,smear,malaria,train
data/malaria/raw/cell_images/Uninfected/C12NThinF_IMG_20150614_124212_cell_165.png,smear,malaria,train
data/malaria/raw/cell_images/Parasitized/C182P143NThinF_IMG_20151201_171950_cell_171.png,smear,malaria,train
data/malaria/raw/cell_images/Parasitized/C82P43ThinF_IMG_20150817_124010_cell_203.png,smear,malaria,train
data/malaria/raw/cell_images/Uninfected/C123P84ThinF_IMG_20151002_151851_cell_99.png,smear,malaria,train
data/malaria/raw/cell_images/Uninfected/C233ThinF_IMG_20151112_161119_cell_12.png,smear,malaria,train
data/malaria/raw/cell_images/Parasitized/C59P20thinF_IMG_20150803_113809_cell_4.png,smear,malaria,train
data/malaria/raw/cell_images/Parasitized/C166P127ThinF_IMG_20151117_193235_cell_214.png,smear,malaria,train
data/malaria/raw/cell_images/Uninfected/C178P139NThinF_IMG_20151201_153246_cell_29.png,smear,malaria,train
data/malaria/raw/cell_images/Parasitized/C132P93ThinF_IMG_20151004_152257_cell_153.png,smear,malaria,train
data/malaria/raw/cell_images/Parasitized/C80P41ThinF_IMG_20150817_112557_cell_20.png,smear,malaria,train
data/malaria/raw/cell_images/Uninfected/C88P49ThinF_IMG_20150820_151451_cell_158.png,smear,malaria,train
data/malaria/raw/cell_images/Parasitized/C51AP12thinF_IMG_20150724_153313_cell_106.png,smear,malaria,train
data/malaria/raw/cell_images/Uninfected/C87P48ThinF_IMG_20150820_132642_cell_92.png,smear,malaria,train
data/malaria/raw/cell_images/Parasitized/C118P79ThinF_IMG_20151002_110212_cell_11.png,smear,malaria,train
data/malaria/raw/cell_images/Parasitized/C99P60ThinF_IMG_20150918_141129_cell_126.png,smear,malaria,train
data/malaria/raw/cell_images/Parasitized/C70P31_ThinF_IMG_20150819_142744_cell_100.png,smear,malaria,train
data/malaria/raw/cell_images/Uninfected/C37BP2_thinF_IMG_20150620_133205a_cell_58.png,smear,malaria,train
data/malaria/raw/cell_images/Uninfected/C106P67ThinF_IMG_20150924_102245_cell_69.png,smear,malaria,train
data/malaria/raw/cell_images/Uninfected/C184P145ThinF_IMG_20151203_103637_cell_61.png,smear,malaria,train
data/malaria/raw/cell_images/Parasitized/C82P43ThinF_IMG_20150817_123824_cell_202.png,smear,malaria,train
data/malaria/raw/cell_images/Uninfected/C207ThinF_IMG_20151029_143952_cell_153.png,smear,malaria,train
data/malaria/raw/cell_images/Uninfected/C87P48ThinF_IMG_20150820_144714_cell_24.png,smear,malaria,train
data/malaria/raw/cell_images/Uninfected/C121P82ThinF_IMG_20151002_135054_cell_87.png,smear,malaria,train
data/malaria/raw/cell_images/Parasitized/C137P98ThinF_IMG_20151005_163946_cell_3.png,smear,malaria,train
data/malaria/raw/cell_images/Uninfected/C46P7ThinF_IMG_20151130_205719_cell_58.png,smear,malaria,train
data/malaria/raw/cell_images/Parasitized/C184P145ThinF_IMG_20151203_103824_cell_146.png,smear,malaria,train
data/malaria/raw/cell_images/Uninfected/C182P143NThinF_IMG_20151201_172216_cell_33.png,smear,malaria,train
data/malaria/raw/cell_images/Uninfected/C91P52ThinF_IMG_20150821_123314_cell_114.png,smear,malaria,train
data/malaria/raw/cell_images/Parasitized/C132P93ThinF_IMG_20151004_151733_cell_160.png,smear,malaria,train
data/malaria/raw/cell_images/Uninfected/C127P88ThinF_IMG_20151004_111526_cell_34.png,smear,malaria,train
data/malaria/raw/cell_images/Uninfected/C97P58ThinF_IMG_20150917_151551_cell_2.png,smear,malaria,train
data/malaria/raw/cell_images/Uninfected/C170P131ThinF_IMG_20151119_120150_cell_82.png,smear,malaria,train
data/malaria/raw/cell_images/Parasitized/C59P20thinF_IMG_20150803_113430_cell_12.png,smear,malaria,train
data/malaria/raw/cell_images/Uninfected/C145P106ThinF_IMG_20151016_155121_cell_121.png,smear,malaria,train
data/malaria/raw/cell_images/Uninfected/C97P58ThinF_IMG_20150917_151551_cell_99.png,smear,malaria,train
data/malaria/raw/cell_images/Parasitized/C48P9thinF_IMG_20150721_160406_cell_206.png,smear,malaria,train
data/malaria/raw/cell_images/Parasitized/C99P60ThinF_IMG_20150918_142128_cell_109.png,smear,malaria,train
data/malaria/raw/cell_images/Parasitized/C137P98ThinF_IMG_20151005_164119_cell_70.png,smear,malaria,train
data/malaria/raw/cell_images/Uninfected/C216ThinF_IMG_20151106_135228_cell_120.png,smear,malaria,train
data/malaria/raw/cell_images/Uninfected/C237ThinF_IMG_20151127_104748_cell_168.png,smear,malaria,train
data/malaria/raw/cell_images/Parasitized/C68P29N_ThinF_IMG_20150819_133236_cell_198.png,smear,malaria,train
data/malaria/raw/cell_images/Parasitized/C88P49ThinF_IMG_20150820_151626_cell_188.png,smear,malaria,train
data/malaria/raw/cell_images/Parasitized/C101P62ThinF_IMG_20150923_170246_cell_67.png,smear,malaria,train
data/malaria/raw/cell_images/Uninfected/C54P15thinF_IMG_20150728_113006_cell_183.png,smear,malaria,train
data/malaria/raw/cell_images/Uninfected/C83P44ThinF_IMG_20150817_134331_cell_92.png,smear,malaria,train
data/malaria/raw/cell_images/Parasitized/C136P97ThinF_IMG_20151005_143329_cell_108.png,smear,malaria,train
data/malaria/raw/cell_images/Parasitized/C172P133ThinF_IMG_20151119_154936_cell_263.png,smear,malaria,train
data/malaria/raw/cell_images/Parasitized/C116P77ThinF_IMG_20150930_171558_cell_119.png,smear,malaria,train
data/malaria/raw/cell_images/Uninfected/C108P69ThinF_IMG_20150924_224038_cell_6.png,smear,malaria,train
data/malaria/raw/cell_images/Uninfected/C214ThinF_IMG_20151106_114526_cell_231.png,smear,malaria,train
data/malaria/raw/cell_images/Uninfected/C80P41ThinF_IMG_20150817_110608_cell_138.png,smear,malaria,train
data/malaria/raw/cell_images/Parasitized/C144P105ThinF_IMG_20151015_163142_cell_321.png,smear,malaria,train
data/malaria/raw/cell_images/Uninfected/C141P102ThinF_IMG_20151005_213930_cell_45.png,smear,malaria,train
data/malaria/raw/cell_images/Parasitized/C39P4thinF_original_IMG_20150622_112119_cell_2.png,smear,malaria,train
data/malaria/raw/cell_images/Uninfected/C111P72ThinF_IMG_20150930_113210_cell_5.png,smear,malaria,train
data/malaria/raw/cell_images/Parasitized/C91P52ThinF_IMG_20150821_123314_cell_195.png,smear,malaria,train
data/malaria/raw/cell_images/Parasitized/C133P94ThinF_IMG_20151004_155012_cell_23.png,smear,malaria,train
data/malaria/raw/cell_images/Parasitized/C39P4thinF_original_IMG_20150622_105803_cell_102.png,smear,malaria,train
data/malaria/raw/cell_images/Parasitized/C48P9thinF_IMG_20150721_164304_cell_14.png,smear,malaria,train
data/malaria/raw/cell_images/Uninfected/C210ThinF_IMG_20151029_162834_cell_7.png,smear,malaria,train
data/malaria/raw/cell_images/Parasitized/C132P93ThinF_IMG_20151004_152642_cell_33.png,smear,malaria,train
data/malaria/raw/cell_images/Uninfected/C77P38ThinF_IMG_20150602_143524_cell_136.png,smear,malaria,train
data/malaria/raw/cell_images/Uninfected/C94P55ThinF_IMG_20150821_165118_cell_262.png,smear,malaria,train
data/malaria/raw/cell_images/Uninfected/C217ThinF_IMG_20151106_141326_cell_109.png,smear,malaria,train
data/malaria/raw/cell_images/Uninfected/C228ThinF_IMG_20151112_142730_cell_173.png,smear,malaria,train
data/malaria/raw/cell_images/Uninfected/C228ThinF_IMG_20151112_142216_cell_183.png,smear,malaria,train
data/malaria/raw/cell_images/Parasitized/C60P21thinF_IMG_20150804_105639_cell_5.png,smear,malaria,train
data/malaria/raw/cell_images/Uninfected/C183P144NThinF_IMG_20151201_223357_cell_35.png,smear,malaria,train
data/malaria/raw/cell_images/Parasitized/C182P143NThinF_IMG_20151201_172216_cell_135.png,smear,malaria,train
data/malaria/raw/cell_images/Uninfected/C97P58ThinF_IMG_20150917_151320_cell_142.png,smear,malaria,train
data/malaria/raw/cell_images/Parasitized/C175P136NThinF_IMG_20151127_142326_cell_217.png,smear,malaria,train
data/malaria/raw/cell_images/Parasitized/C164P125ThinF_IMG_20151116_115112_cell_145.png,smear,malaria,train
data/malaria/raw/cell_images/Uninfected/C157P118ThinF_IMG_20151115_163611_cell_170.png,smear,malaria,train
data/malaria/raw/cell_images/Parasitized/C130P91ThinF_IMG_20151004_135449_cell_122.png,smear,malaria,train
data/malaria/raw/cell_images/Uninfected/C80P41ThinF_IMG_20150817_111121_cell_117.png,smear,malaria,train
data/malaria/raw/cell_images/Uninfected/C13NThinF_IMG_20150614_131318_cell_104.png,smear,malaria,train
data/malaria/raw/cell_images/Uninfected/C167P128ReThinF_IMG_20151201_105354_cell_160.png,smear,malaria,train
data/malaria/raw/cell_images/Parasitized/C129P90ThinF_IMG_20151004_133244_cell_120.png,smear,malaria,train
data/malaria/raw/cell_images/Parasitized/C124P85ThinF_IMG_20151002_155026_cell_172.png,smear,malaria,train
data/malaria/raw/cell_images/Uninfected/C132P93ThinF_IMG_20151004_152045_cell_88.png,smear,malaria,train
data/malaria/raw/cell_images/Parasitized/C133P94ThinF_IMG_20151004_154919_cell_142.png,smear,malaria,train
data/malaria/raw/cell_images/Uninfected/C238NThinF_IMG_20151207_114345_cell_189.png,smear,malaria,train
data/malaria/raw/cell_images/Parasitized/C70P31_ThinF_IMG_20150819_141403_cell_94.png,smear,malaria,train
data/malaria/raw/cell_images/Parasitized/C158P119ThinF_IMG_20151115_181436_cell_204.png,smear,malaria,train
data/malaria/raw/cell_images/Parasitized/C132P93ThinF_IMG_20151004_152257_cell_109.png,smear,malaria,train
data/malaria/raw/cell_images/Parasitized/C144P105ThinF_IMG_20151015_155149_cell_303.png,smear,malaria,train
data/malaria/raw/cell_images/Uninfected/C174P135NThinF_IMG_20151127_135435_cell_49.png,smear,malaria,train
data/malaria/raw/cell_images/Parasitized/C68P29N_ThinF_IMG_20150819_134504_cell_117.png,smear,malaria,train
data/malaria/raw/cell_images/Uninfected/C121P82ThinF_IMG_20151002_135054_cell_90.png,smear,malaria,train
data/malaria/raw/cell_images/Parasitized/C129P90ThinF_IMG_20151004_133329_cell_110.png,smear,malaria,train
data/malaria/raw/cell_images/Parasitized/C99P60ThinF_IMG_20150918_141129_cell_135.png,smear,malaria,train
data/malaria/raw/cell_images/Parasitized/C189P150ThinF_IMG_20151203_141615_cell_93.png,smear,malaria,train
data/malaria/raw/cell_images/Parasitized/C80P41ThinF_IMG_20150817_112329_cell_17.png,smear,malaria,train
data/malaria/raw/cell_images/Uninfected/C239ThinF_IMG_20151127_113253_cell_94.png,smear,malaria,train
data/malaria/raw/cell_images/Uninfected/C233ThinF_IMG_20151112_161119_cell_140.png,smear,malaria,train
data/malaria/raw/cell_images/Uninfected/C219ThinF_IMG_20151106_150314_cell_53.png,smear,malaria,train
data/malaria/raw/cell_images/Uninfected/C49P10thinF_IMG_20150724_102843_cell_13.png,smear,malaria,train
data/malaria/raw/cell_images/Parasitized/C67P28N_ThinF_IMG_20150819_121053_cell_237.png,smear,malaria,train
data/malaria/raw/cell_images/Uninfected/C95P56ThinF_IMG_20150821_171701_cell_79.png,smear,malaria,train
data/malaria/raw/cell_images/Uninfected/C184P145ThinF_IMG_20151203_103637_cell_30.png,smear,malaria,train
data/malaria/raw/cell_images/Uninfected/C219ThinF_IMG_20151106_150135_cell_14.png,smear,malaria,train
data/malaria/raw/cell_images/Parasitized/C97P58ThinF_IMG_20150917_152032_cell_180.png,smear,malaria,train
data/malaria/raw/cell_images/Uninfected/C73P34_ThinF_IMG_20150815_111422_cell_12.png,smear,malaria,train
data/malaria/raw/cell_images/Uninfected/C161P122ThinF_IMG_20151116_101126_cell_67.png,smear,malaria,train
data/malaria/raw/cell_images/Uninfected/C189P150ThinF_IMG_20151203_141004_cell_26.png,smear,malaria,train
data/malaria/raw/cell_images/Uninfected/C97P58ThinF_IMG_20150917_145555_cell_157.png,smear,malaria,train
data/malaria/raw/cell_images/Parasitized/C60P21thinF_IMG_20150804_113602_cell_121.png,smear,malaria,train
data/malaria/raw/cell_images/Uninfected/C187P148NThinF_IMG_20151203_153036_cell_85.png,smear,malaria,train
data/malaria/raw/cell_images/Uninfected/C137P98ThinF_IMG_20151005_163218_cell_41.png,smear,malaria,train
data/malaria/raw/cell_images/Parasitized/C118P79ThinF_IMG_20151002_110942_cell_19.png,smear,malaria,train
data/malaria/raw/cell_images/Parasitized/C48P9thinF_IMG_20150721_164031_cell_12.png,smear,malaria,train
data/malaria/raw/cell_images/Uninfected/C137P98ThinF_IMG_20151005_163251_cell_34.png,smear,malaria,train
data/malaria/raw/cell_images/Uninfected/C153P114ThinF_IMG_20151115_140242_cell_152.png,smear,malaria,train
data/malaria/raw/cell_images/Parasitized/C184P145ThinF_IMG_20151203_104440_cell_29.png,smear,malaria,train
data/malaria/raw/cell_images/Parasitized/C102P63ThinF_IMG_20150918_162927_cell_4.png,smear,malaria,train
data/malaria/raw/cell_images/Uninfected/C62P23N_ThinF_IMG_20150818_132918_cell_28.png,smear,malaria,train
data/malaria/raw/cell_images/Uninfected/C172P133ThinF_IMG_20151119_155307_cell_54.png,smear,malaria,train
data/malaria/raw/cell_images/Parasitized/C137P98ThinF_IMG_20151005_160122_cell_68.png,smear,malaria,train
data/malaria/raw/cell_images/Uninfected/C214ThinF_IMG_20151106_131748_cell_148.png,smear,malaria,train
data/malaria/raw/cell_images/Uninfected/C234ThinF_IMG_20151112_162940_cell_208.png,smear,malaria,train
data/malaria/raw/cell_images/Parasitized/C39P4thinF_original_IMG_20150622_110352_cell_95.png,smear,malaria,train
data/malaria/raw/cell_images/Parasitized/C80P41ThinF_IMG_20150817_112329_cell_12.png,smear,malaria,train
data/malaria/raw/cell_images/Uninfected/C46P7ThinF_IMG_20151130_210743_cell_143.png,smear,malaria,train
data/malaria/raw/cell_images/Parasitized/C48P9thinF_IMG_20150721_160944_cell_199.png,smear,malaria,train
data/malaria/raw/cell_images/Parasitized/C133P94ThinF_IMG_20151004_155012_cell_17.png,smear,malaria,train
data/malaria/raw/cell_images/Parasitized/C116P77ThinF_IMG_20150930_171558_cell_123.png,smear,malaria,train
data/malaria/raw/cell_images/Uninfected/C215ThinF_IMG_20151106_133012_cell_43.png,smear,malaria,train
data/malaria/raw/cell_images/Uninfected/C72P33_ThinF_IMG_20150815_104307_cell_85.png,smear,malaria,train
data/malaria/raw/cell_images/Parasitized/C184P145ThinF_IMG_20151203_102721_cell_3.png,smear,malaria,train
data/malaria/raw/cell_images/Uninfected/C97P58ThinF_IMG_20150917_150838_cell_82.png,smear,malaria,train
data/malaria/raw/cell_images/Parasitized/C115P76ThinF_IMG_20150930_161825_cell_221.png,smear,malaria,train
data/malaria/raw/cell_images/Uninfected/C145P106ThinF_IMG_20151016_154921_cell_54.png,smear,malaria,train
data/malaria/raw/cell_images/Parasitized/C99P60ThinF_IMG_20150918_141620_cell_6.png,smear,malaria,train
data/malaria/raw/cell_images/Uninfected/C238NThinF_IMG_20151207_114605_cell_64.png,smear,malaria,train
data/malaria/raw/cell_images/Uninfected/C13NThinF_IMG_20150614_131617_cell_225.png,smear,malaria,train
data/malaria/raw/cell_images/Parasitized/C99P60ThinF_IMG_20150918_141857_cell_42.png,smear,malaria,train
data/malaria/raw/cell_images/Parasitized/C46P7ThinF_IMG_20151130_210843_cell_137.png,smear,malaria,train
data/malaria/raw/cell_images/Parasitized/C182P143NThinF_IMG_20151201_172257_cell_189.png,smear,malaria,train
data/malaria/raw/cell_images/Parasitized/C145P106ThinF_IMG_20151016_155121_cell_196.png,smear,malaria,train
data/malaria/raw/cell_images/Uninfected/C5NThinF_IMG_20150609_122020_cell_138.png,smear,malaria,train
data/malaria/raw/cell_images/Parasitized/C116P77ThinF_IMG_20150930_171219_cell_78.png,smear,malaria,train
data/malaria/raw/cell_images/Parasitized/C136P97ThinF_IMG_20151005_143329_cell_90.png,smear,malaria,train
data/malaria/raw/cell_images/Parasitized/C131P92ThinF_IMG_20151004_145302_cell_130.png,smear,malaria,train
data/malaria/raw/cell_images/Parasitized/C189P150ThinF_IMG_20151203_141455_cell_74.png,smear,malaria,train
data/malaria/raw/cell_images/Uninfected/C12NThinF_IMG_20150614_125703_cell_32.png,smear,malaria,train
data/malaria/raw/cell_images/Uninfected/C153P114ThinF_IMG_20151115_135911_cell_124.png,smear,malaria,train
data/malaria/raw/cell_images/Uninfected/C149P110ThinF_IMG_20151115_114629_cell_262.png,smear,malaria,train
data/malaria/raw/cell_images/Parasitized/C137P98ThinF_IMG_20151005_162010_cell_76.png,smear,malaria,train
data/malaria/raw/cell_images/Parasitized/C137P98ThinF_IMG_20151005_161306_cell_7.png,smear,malaria,train
data/malaria/raw/cell_images/Parasitized/C48P9thinF_IMG_20150721_163810_cell_20.png,smear,malaria,train
data/malaria/raw/cell_images/Uninfected/C57P18thinF_IMG_20150729_110134_cell_122.png,smear,malaria,train
data/malaria/raw/cell_images/Uninfected/C93P54ThinF_IMG_20150821_163815_cell_209.png,smear,malaria,train
data/malaria/raw/cell_images/Uninfected/C161P122ThinF_IMG_20151116_101722_cell_25.png,smear,malaria,train
data/malaria/raw/cell_images/Parasitized/C39P4thinF_original_IMG_20150622_105102_cell_93.png,smear,malaria,train
data/malaria/raw/cell_images/Parasitized/C182P143NThinF_IMG_20151201_171905_cell_181.png,smear,malaria,train
data/malaria/raw/cell_images/Uninfected/C77P38ThinF_IMG_20150601_155125_cell_56.png,smear,malaria,train
data/malaria/raw/cell_images/Uninfected/C123P84ThinF_IMG_20151002_152144_cell_10.png,smear,malaria,train
data/malaria/raw/cell_images/Parasitized/C97P58ThinF_IMG_20150917_150838_cell_148.png,smear,malaria,train
data/malaria/raw/cell_images/Parasitized/C118P79ThinF_IMG_20151002_105735_cell_157.png,smear,malaria,train
data/malaria/raw/cell_images/Parasitized/C116P77ThinF_IMG_20150930_171739_cell_118.png,smear,malaria,train
data/malaria/raw/cell_images/Uninfected/C158P119ThinF_IMG_20151115_181859_cell_108.png,smear,malaria,train
data/malaria/raw/cell_images/Uninfected/C142P103ThinF_IMG_20151005_222255_cell_12.png,smear,malaria,train
data/malaria/raw/cell_images/Parasitized/C136P97ThinF_IMG_20151005_141803_cell_111.png,smear,malaria,train
data/malaria/raw/cell_images/Uninfected/C97P58ThinF_IMG_20150917_151512_cell_117.png,smear,malaria,train
data/malaria/raw/cell_images/Parasitized/C132P93ThinF_IMG_20151004_152353_cell_167.png,smear,malaria,train
data/malaria/raw/cell_images/Parasitized/C101P62ThinF_IMG_20150918_151942_cell_77.png,smear,malaria,train
data/malaria/raw/cell_images/Parasitized/C84P45ThinF_IMG_20150818_102800_cell_15.png,smear,malaria,train
data/malaria/raw/cell_images/Uninfected/C62P23N_ThinF_IMG_20150818_133211_cell_86.png,smear,malaria,train
data/malaria/raw/cell_images/Uninfected/C182P143NThinF_IMG_20151201_171836_cell_122.png,smear,malaria,train
data/malaria/raw/cell_images/Uninfected/C234ThinF_IMG_20151112_162759_cell_71.png,smear,malaria,train
data/malaria/raw/cell_images/Parasitized/C116P77ThinF_IMG_20150930_171954_cell_89.png,smear,malaria,train
data/malaria/raw/cell_images/Parasitized/C183P144NThinF_IMG_20151201_224458_cell_125.png,smear,malaria,train
data/malaria/raw/cell_images/Uninfected/C108P69ThinF_IMG_20150924_224909_cell_165.png,smear,malaria,train
data/malaria/raw/cell_images/Parasitized/C180P141NThinF_IMG_20151201_164714_cell_172.png,smear,malaria,train
data/malaria/raw/cell_images/Uninfected/C89P50ThinF_IMG_20150820_162300_cell_30.png,smear,malaria,train
data/malaria/raw/cell_images/Parasitized/C66P27N_ThinF_IMG_20150818_163419_cell_195.png,smear,malaria,train
data/malaria/raw/cell_images/Uninfected/C133P94ThinF_IMG_20151004_153930_cell_95.png,smear,malaria,train
data/malaria/raw/cell_images/Uninfected/C216ThinF_IMG_20151106_135228_cell_104.png,smear,malaria,train
data/malaria/raw/cell_images/Uninfected/C168P129ThinF_IMG_20151118_160845_cell_4.png,smear,malaria,train
data/malaria/raw/cell_images/Parasitized/C126P87ThinF_IMG_20151004_104728_cell_127.png,smear,malaria,train
data/malaria/raw/cell_images/Parasitized/C167P128ReThinF_IMG_20151201_105354_cell_238.png,smear,malaria,train
data/malaria/raw/cell_images/Uninfected/C63P24N_ThinF_IMG_20150818_143757_cell_83.png,smear,malaria,train
data/malaria/raw/cell_images/Uninfected/C109P70ThinF_IMG_20150930_103645_cell_155.png,smear,malaria,train
data/malaria/raw/cell_images/Parasitized/C52P13thinF_IMG_20150725_125847_cell_168.png,smear,malaria,train
data/malaria/raw/cell_images/Parasitized/C118P79ThinF_IMG_20151002_110725_cell_138.png,smear,malaria,train
data/malaria/raw/cell_images/Parasitized/C182P143NThinF_IMG_20151201_172607_cell_36.png,smear,malaria,train
data/malaria/raw/cell_images/Parasitized/C188P149ThinF_IMG_20151203_134229_cell_220.png,smear,malaria,train
data/malaria/raw/cell_images/Uninfected/C130P91ThinF_IMG_20151004_141504_cell_18.png,smear,malaria,train
data/malaria/raw/cell_images/Uninfected/C216ThinF_IMG_20151106_135337_cell_54.png,smear,malaria,train
data/malaria/raw/cell_images/Parasitized/C46P7ThinF_IMG_20151130_205828_cell_145.png,smear,malaria,train
data/malaria/raw/cell_images/Uninfected/C229ThinF_IMG_20151112_144613_cell_155.png,smear,malaria,train
data/malaria/raw/cell_images/Parasitized/C39P4thinF_original_IMG_20150622_110435_cell_99.png,smear,malaria,train
data/malaria/raw/cell_images/Parasitized/C101P62ThinF_IMG_20150918_151335_cell_78.png,smear,malaria,train
data/malaria/raw/cell_images/Uninfected/C150P111ThinF_IMG_20151115_120244_cell_136.png,smear,malaria,train
data/malaria/raw/cell_images/Uninfected/C166P127ThinF_IMG_20151117_194147_cell_70.png,smear,malaria,train
data/malaria/raw/cell_images/Parasitized/C131P92ThinF_IMG_20151004_151126_cell_127.png,smear,malaria,train
data/malaria/raw/cell_images/Uninfected/C217ThinF_IMG_20151106_141500_cell_222.png,smear,malaria,train
data/malaria/raw/cell_images/Uninfected/C234ThinF_IMG_20151112_162843_cell_195.png,smear,malaria,train
data/malaria/raw/cell_images/Parasitized/C67P28N_ThinF_IMG_20150819_132441_cell_173.png,smear,malaria,train
data/malaria/raw/cell_images/Uninfected/C71P32_ThinF_IMG_20150813_162146_cell_188.png,smear,malaria,train
data/malaria/raw/cell_images/Uninfected/C183P144NThinF_IMG_20151201_223357_cell_22.png,smear,malaria,train
data/malaria/raw/cell_images/Parasitized/C128P89ThinF_IMG_20151004_131030_cell_164.png,smear,malaria,train
data/malaria/raw/cell_images/Uninfected/C174P135NThinF_IMG_20151127_135640_cell_116.png,smear,malaria,train
data/malaria/raw/cell_images/Parasitized/C140P101ThinF_IMG_20151005_205406_cell_166.png,smear,malaria,train
data/malaria/raw/cell_images/Uninfected/C47P8thin_Original_Motic_IMG_20150714_094054_cell_97.png,smear,malaria,train
data/malaria/raw/cell_images/Parasitized/C183P144NThinF_IMG_20151201_222119_cell_127.png,smear,malaria,train
data/malaria/raw/cell_images/Parasitized/C186P147NThinF_IMG_20151203_150808_cell_137.png,smear,malaria,train
data/malaria/raw/cell_images/Parasitized/C97P58ThinF_IMG_20150917_152437_cell_8.png,smear,malaria,train
data/malaria/raw/cell_images/Parasitized/C68P29N_ThinF_IMG_20150819_134112_cell_151.png,smear,malaria,train
data/malaria/raw/cell_images/Parasitized/C132P93ThinF_IMG_20151004_151811_cell_143.png,smear,malaria,train
data/malaria/raw/cell_images/Parasitized/C149P110ThinF_IMG_20151115_114910_cell_291.png,smear,malaria,train
data/malaria/raw/cell_images/Parasitized/C136P97ThinF_IMG_20151005_143329_cell_95.png,smear,malaria,train
data/malaria/raw/cell_images/Parasitized/C132P93ThinF_IMG_20151004_151811_cell_164.png,smear,malaria,train
data/malaria/raw/cell_images/Uninfected/C210ThinF_IMG_20151029_162934_cell_248.png,smear,malaria,train
data/malaria/raw/cell_images/Parasitized/C91P52ThinF_IMG_20150821_123116_cell_195.png,smear,malaria,train
data/malaria/raw/cell_images/Parasitized/C68P29N_ThinF_IMG_20150819_134830_cell_18.png,smear,malaria,train
data/malaria/raw/cell_images/Parasitized/C137P98ThinF_IMG_20151005_162010_cell_78.png,smear,malaria,train
data/malaria/raw/cell_images/Parasitized/C128P89ThinF_IMG_20151004_131753_cell_127.png,smear,malaria,train
data/malaria/raw/cell_images/Parasitized/C132P93ThinF_IMG_20151004_152045_cell_114.png,smear,malaria,train
data/malaria/raw/cell_images/Uninfected/C97P58ThinF_IMG_20150917_151512_cell_133.png,smear,malaria,train
data/malaria/raw/cell_images/Uninfected/C126P87ThinF_IMG_20151004_104623_cell_14.png,smear,malaria,train
data/malaria/raw/cell_images/Parasitized/C147P108ThinF_IMG_20151115_095606_cell_176.png,smear,malaria,train
data/malaria/raw/cell_images/Parasitized/C144P105ThinF_IMG_20151015_163432_cell_309.png,smear,malaria,train
data/malaria/raw/cell_images/Parasitized/C46P7ThinF_IMG_20151130_205828_cell_140.png,smear,malaria,train
data/malaria/raw/cell_images/Parasitized/C59P20thinF_IMG_20150803_111244_cell_203.png,smear,malaria,train
data/malaria/raw/cell_images/Parasitized/C59P20thinF_IMG_20150803_112858_cell_172.png,smear,malaria,train
data/malaria/raw/cell_images/Parasitized/C116P77ThinF_IMG_20150930_172112_cell_90.png,smear,malaria,train
data/malaria/raw/cell_images/Parasitized/C39P4thinF_original_IMG_20150622_110900_cell_15.png,smear,malaria,train
data/malaria/raw/cell_images/Uninfected/C129P90ThinF_IMG_20151004_133329_cell_18.png,smear,malaria,train
data/malaria/raw/cell_images/Parasitized/C59P20thinF_IMG_20150803_112802_cell_162.png,smear,malaria,train
data/malaria/raw/cell_images/Parasitized/C113P74ThinF_IMG_20150930_134355_cell_170.png,smear,malaria,train
data/malaria/raw/cell_images/Uninfected/C86P47ThinF_IMG_20150820_124025_cell_26.png,smear,malaria,train
data/malaria/raw/cell_images/Parasitized/C132P93ThinF_IMG_20151004_151941_cell_20.png,smear,malaria,train
data/malaria/raw/cell_images/Uninfected/C222ThinF_IMG_20151115_150925_cell_21.png,smear,malaria,train
data/malaria/raw/cell_images/Parasitized/C133P94ThinF_IMG_20151004_154158_cell_114.png,smear,malaria,train
data/malaria/raw/cell_images/Parasitized/C113P74ThinF_IMG_20150930_134751_cell_174.png,smear,malaria,train
data/malaria/raw/cell_images/Uninfected/C37BP2_thinF_IMG_20150620_133238a_cell_22.png,smear,malaria,train
data/malaria/raw/cell_images/Parasitized/C156P117ThinF_IMG_20151115_154313_cell_276.png,smear,malaria,train
data/malaria/raw/cell_images/Parasitized/C168P129ThinF_IMG_20151118_154126_cell_161.png,smear,malaria,train
data/malaria/raw/cell_images/Uninfected/C88P49ThinF_IMG_20150820_150141_cell_211.png,smear,malaria,train
data/malaria/raw/cell_images/Parasitized/C49P10thinF_IMG_20150724_102843_cell_181.png,smear,malaria,train
data/malaria/raw/cell_images/Uninfected/C63P24N_ThinF_IMG_20150818_142948_cell_65.png,smear,malaria,train
data/malaria/raw/cell_images/Uninfected/C212ThinF_IMG_20151106_105834_cell_162.png,smear,malaria,train
data/malaria/raw/cell_images/Parasitized/C145P106ThinF_IMG_20151016_154719_cell_154.png,smear,malaria,train
data/malaria/raw/cell_images/Uninfected/C165P126ThinF_IMG_20151117_172859_cell_143.png,smear,malaria,train
data/malaria/raw/cell_images/Uninfected/C111P72ThinF_IMG_20150930_112827_cell_37.png,smear,malaria,train
data/malaria/raw/cell_images/Parasitized/C167P128ReThinF_IMG_20151201_105559_cell_230.png,smear,malaria,train
data/malaria/raw/cell_images/Uninfected/C168P129ThinF_IMG_20151118_160845_cell_33.png,smear,malaria,train
data/malaria/raw/cell_images/Parasitized/C184P145ThinF_IMG_20151203_102405_cell_182.png,smear,malaria,train
data/malaria/raw/cell_images/Parasitized/C119P80ThinF_IMG_20151002_123043_cell_163.png,smear,malaria,train
data/malaria/raw/cell_images/Parasitized/C184P145ThinF_IMG_20151203_104440_cell_26.png,smear,malaria,train
data/malaria/raw/cell_images/Parasitized/C80P41ThinF_IMG_20150817_112329_cell_23.png,smear,malaria,train
data/malaria/raw/cell_images/Parasitized/C132P93ThinF_IMG_20151004_152353_cell_152.png,smear,malaria,train
data/malaria/raw/cell_images/Parasitized/C116P77ThinF_IMG_20150930_171739_cell_83.png,smear,malaria,train
data/malaria/raw/cell_images/Parasitized/C97P58ThinF_IMG_20150917_151903_cell_31.png,smear,malaria,train
data/malaria/raw/cell_images/Parasitized/C80P41ThinF_IMG_20150817_110834_cell_135.png,smear,malaria,train
data/malaria/raw/cell_images/Uninfected/C226ThinF_IMG_20151112_131255_cell_263.png,smear,malaria,train
data/malaria/raw/cell_images/Parasitized/C129P90ThinF_IMG_20151004_134306_cell_129.png,smear,malaria,train
data/malaria/raw/cell_images/Uninfected/C92P53ThinF_IMG_20150821_151722_cell_56.png,smear,malaria,train
data/malaria/raw/cell_images/Uninfected/C7NthinF_IMG_20150611_104510_cell_63.png,smear,malaria,train
data/malaria/raw/cell_images/Uninfected/C213ThinF_IMG_20151106_112759_cell_197.png,smear,malaria,train
data/malaria/raw/cell_images/Uninfected/C218ThinF_IMG_20151106_144001_cell_44.png,smear,malaria,train
data/malaria/raw/cell_images/Parasitized/C138P99ThinF_IMG_20151005_170905_cell_164.png,smear,malaria,train
data/malaria/raw/cell_images/Parasitized/C136P97ThinF_IMG_20151005_140646_cell_124.png,smear,malaria,train
data/malaria/raw/cell_images/Uninfected/C84P45ThinF_IMG_20150818_101056_cell_68.png,smear,malaria,train
data/malaria/raw/cell_images/Uninfected/C128P89ThinF_IMG_20151004_130408_cell_83.png,smear,malaria,train
data/malaria/raw/cell_images/Parasitized/C186P147NThinF_IMG_20151203_150408_cell_169.png,smear,malaria,train
data/malaria/raw/cell_images/Parasitized/C89P50ThinF_IMG_20150820_162504_cell_198.png,smear,malaria,train
data/malaria/raw/cell_images/Uninfected/C88P49ThinF_IMG_20150820_150724_cell_97.png,smear,malaria,train
data/malaria/raw/cell_images/Uninfected/C113P74ThinF_IMG_20150930_135904_cell_18.png,smear,malaria,train
data/malaria/raw/cell_images/Uninfected/C56P17thinF_IMG_20150728_160438_cell_16.png,smear,malaria,train
data/malaria/raw/cell_images/Parasitized/C59P20thinF_IMG_20150803_113809_cell_41.png,smear,malaria,train
data/malaria/raw/cell_images/Parasitized/C80P41ThinF_IMG_20150817_110608_cell_157.png,smear,malaria,train
data/malaria/raw/cell_images/Parasitized/C184P145ThinF_IMG_20151203_102405_cell_180.png,smear,malaria,train
data/malaria/raw/cell_images/Uninfected/C116P77ThinF_IMG_20150930_171809_cell_1.png,smear,malaria,train
data/malaria/raw/cell_images/Uninfected/C218ThinF_IMG_20151106_144001_cell_43.png,smear,malaria,train
data/malaria/raw/cell_images/Parasitized/C159P120ThinF_IMG_20151115_190642_cell_197.png,smear,malaria,train
data/malaria/raw/cell_images/Uninfected/C95P56ThinF_IMG_20150821_171701_cell_88.png,smear,malaria,train
data/malaria/raw/cell_images/Uninfected/C5NThinF_IMG_20150609_122020_cell_205.png,smear,malaria,train
data/malaria/raw/cell_images/Parasitized/C51AP12thinF_IMG_20150724_153313_cell_107.png,smear,malaria,train
data/malaria/raw/cell_images/Parasitized/C183P144NThinF_IMG_20151201_224107_cell_132.png,smear,malaria,train
data/malaria/raw/cell_images/Parasitized/C163P124ThinF_IMG_20151116_111147_cell_223.png,smear,malaria,train
data/malaria/raw/cell_images/Parasitized/C101P62ThinF_IMG_20150918_151942_cell_70.png,smear,malaria,train
data/malaria/raw/cell_images/Parasitized/C104P65ThinF_IMG_20150918_172639_cell_182.png,smear,malaria,train
data/malaria/raw/cell_images/Uninfected/C157P118ThinF_IMG_20151115_164755_cell_112.png,smear,malaria,train
data/malaria/raw/cell_images/Parasitized/C99P60ThinF_IMG_20150918_141857_cell_24.png,smear,malaria,train
data/malaria/raw/cell_images/Uninfected/C180P141NThinF_IMG_20151201_163751_cell_134.png,smear,malaria,train
data/malaria/raw/cell_images/Uninfected/C57P18thinF_IMG_20150729_110457_cell_112.png,smear,malaria,train
data/malaria/raw/cell_images/Uninfected/C99P60ThinF_IMG_20150918_141001_cell_24.png,smear,malaria,train
data/malaria/raw/cell_images/Parasitized/C46P7ThinF_IMG_20151130_210123_cell_122.png,smear,malaria,train
data/malaria/raw/cell_images/Parasitized/C107P68ThinF_IMG_20150924_222233_cell_152.png,smear,malaria,train
data/malaria/raw/cell_images/Parasitized/C51AP12thinF_IMG_20150724_162636_cell_82.png,smear,malaria,train
data/malaria/raw/cell_images/Uninfected/C205ThinF_IMG_20151106_151800_cell_133.png,smear,malaria,train
data/malaria/raw/cell_images/Uninfected/C4thin_original_IMG_20150608_165540_cell_245.png,smear,malaria,train
data/malaria/raw/cell_images/Parasitized/C77P38ThinF_IMG_20150602_143524_cell_151.png,smear,malaria,train
data/malaria/raw/cell_images/Parasitized/C59P20thinF_IMG_20150803_113430_cell_29.png,smear,malaria,train
data/malaria/raw/cell_images/Parasitized/C184P145ThinF_IMG_20151203_104030_cell_24.png,smear,malaria,train
data/malaria/raw/cell_images/Uninfected/C51AP12thinF_IMG_20150724_153313_cell_57.png,smear,malaria,train
data/malaria/raw/cell_images/Uninfected/C108P69ThinF_IMG_20150924_225004_cell_20.png,smear,malaria,train
data/malaria/raw/cell_images/Uninfected/C240ThinF_IMG_20151127_115328_cell_225.png,smear,malaria,train
data/malaria/raw/cell_images/Uninfected/C136P97ThinF_IMG_20151005_140538_cell_59.png,smear,malaria,train
data/malaria/raw/cell_images/Parasitized/C184P145ThinF_IMG_20151203_102721_cell_21.png,smear,malaria,train
data/malaria/raw/cell_images/Uninfected/C49P10thinF_IMG_20150724_103233_cell_63.png,smear,malaria,train
data/malaria/raw/cell_images/Parasitized/C136P97ThinF_IMG_20151005_140646_cell_116.png,smear,malaria,train
data/malaria/raw/cell_images/Uninfected/C88P49ThinF_IMG_20150820_152521_cell_110.png,smear,malaria,train
data/malaria/raw/cell_images/Parasitized/C59P20thinF_IMG_20150803_113051_cell_186.png,smear,malaria,train
data/malaria/raw/cell_images/Parasitized/C60P21thinF_IMG_20150804_113602_cell_126.png,smear,malaria,train
data/malaria/raw/cell_images/Uninfected/C2NThinF_IMG_20150604_114730_cell_98.png,smear,malaria,train
data/malaria/raw/cell_images/Parasitized/C51AP12thinF_IMG_20150724_161126_cell_118.png,smear,malaria,train
data/malaria/raw/cell_images/Uninfected/C118P79ThinF_IMG_20151002_110834_cell_83.png,smear,malaria,train
data/malaria/raw/cell_images/Uninfected/C188P149ThinF_IMG_20151203_134209_cell_138.png,smear,malaria,train
data/malaria/raw/cell_images/Parasitized/C140P101ThinF_IMG_20151005_205406_cell_165.png,smear,malaria,train
data/malaria/raw/cell_images/Uninfected/C212ThinF_IMG_20151106_110230_cell_252.png,smear,malaria,train
data/malaria/raw/cell_images/Uninfected/C64P25N_ThinF_IMG_20150818_152921_cell_172.png,smear,malaria,train
data/malaria/raw/cell_images/Uninfected/C153P114ThinF_IMG_20151115_140242_cell_209.png,smear,malaria,train
data/malaria/raw/cell_images/Uninfected/C210ThinF_IMG_20151029_162934_cell_22.png,smear,malaria,train
data/malaria/raw/cell_images/Parasitized/C126P87ThinF_IMG_20151004_105844_cell_146.png,smear,malaria,train
data/malaria/raw/cell_images/Parasitized/C70P31_ThinF_IMG_20150813_131708_cell_8.png,smear,malaria,train
data/malaria/raw/cell_images/Uninfected/C223ThinF_IMG_20151112_104240_cell_171.png,smear,malaria,train
data/malaria/raw/cell_images/Uninfected/C97P58ThinF_IMG_20150917_151437_cell_32.png,smear,malaria,train
data/malaria/raw/cell_images/Parasitized/C132P93ThinF_IMG_20151004_151701_cell_131.png,smear,malaria,train
data/malaria/raw/cell_images/Parasitized/C84P45ThinF_IMG_20150818_101257_cell_83.png,smear,malaria,train
data/malaria/raw/cell_images/Parasitized/C128P89ThinF_IMG_20151004_131129_cell_150.png,smear,malaria,train
data/malaria/raw/cell_images/Parasitized/C84P45ThinF_IMG_20150818_102800_cell_3.png,smear,malaria,train
data/malaria/raw/cell_images/Parasitized/C120P81ThinF_IMG_20151002_130715_cell_187.png,smear,malaria,train
data/malaria/raw/cell_images/Uninfected/C132P93ThinF_IMG_20151004_151811_cell_37.png,smear,malaria,train
data/malaria/raw/cell_images/Uninfected/C91P52ThinF_IMG_20150821_123116_cell_78.png,smear,malaria,train
data/malaria/raw/cell_images/Uninfected/C103P64ThinF_IMG_20150918_164331_cell_87.png,smear,malaria,train
data/malaria/raw/cell_images/Uninfected/C169P130ThinF_IMG_20151119_143212_cell_18.png,smear,malaria,train
data/malaria/raw/cell_images/Parasitized/C89P50ThinF_IMG_20150820_162813_cell_214.png,smear,malaria,train
data/malaria/raw/cell_images/Parasitized/C180P141NThinF_IMG_20151201_170021_cell_11.png,smear,malaria,train
data/malaria/raw/cell_images/Parasitized/C68P29N_ThinF_IMG_20150819_134326_cell_171.png,smear,malaria,train
data/malaria/raw/cell_images/Uninfected/C177P138NThinF_IMG_20151201_143025_cell_123.png,smear,malaria,train
data/malaria/raw/cell_images/Uninfected/C6NThinF_IMG_20150609_122547_cell_139.png,smear,malaria,train
data/malaria/raw/cell_images/Parasitized/C68P29N_ThinF_IMG_20150819_134712_cell_49.png,smear,malaria,train
data/malaria/raw/cell_images/Parasitized/C116P77ThinF_IMG_20150930_171558_cell_100.png,smear,malaria,train
data/malaria/raw/cell_images/Parasitized/C59P20thinF_IMG_20150803_111244_cell_192.png,smear,malaria,train
data/malaria/raw/cell_images/Parasitized/C84P45ThinF_IMG_20150818_102800_cell_4.png,smear,malaria,train
data/malaria/raw/cell_images/Parasitized/C103P64ThinF_IMG_20150918_164553_cell_171.png,smear,malaria,train
data/malaria/raw/cell_images/Uninfected/C164P125ThinF_IMG_20151116_113954_cell_92.png,smear,malaria,train
data/malaria/raw/cell_images/Parasitized/C70P31_ThinF_IMG_20150813_131457_cell_15.png,smear,malaria,train
data/malaria/raw/cell_images/Parasitized/C118P79ThinF_IMG_20151002_105735_cell_144.png,smear,malaria,train
data/malaria/raw/cell_images/Parasitized/C78P39ThinF_IMG_20150606_103413_cell_165.png,smear,malaria,train
data/malaria/raw/cell_images/Parasitized/C116P77ThinF_IMG_20150930_172112_cell_82.png,smear,malaria,train
data/malaria/raw/cell_images/Parasitized/C68P29N_ThinF_IMG_20150819_133447_cell_174.png,smear,malaria,train
data/malaria/raw/cell_images/Uninfected/C66P27N_ThinF_IMG_20150818_164408_cell_22.png,smear,malaria,train
data/malaria/raw/cell_images/Uninfected/C163P124ThinF_IMG_20151116_111742_cell_276.png,smear,malaria,train
data/malaria/raw/cell_images/Parasitized/C48P9thinF_IMG_20150721_161055_cell_181.png,smear,malaria,train
data/malaria/raw/cell_images/Uninfected/C106P67ThinF_IMG_20150924_102413_cell_24.png,smear,malaria,train
data/malaria/raw/cell_images/Uninfected/C213ThinF_IMG_20151106_112252_cell_155.png,smear,malaria,train
data/malaria/raw/cell_images/Uninfected/C149P110ThinF_IMG_20151115_114729_cell_118.png,smear,malaria,train
data/malaria/raw/cell_images/Uninfected/C67P28N_ThinF_IMG_20150819_121240_cell_85.png,smear,malaria,train
data/malaria/raw/cell_images/Uninfected/C135P96ThinF_IMG_20151005_124444_cell_27.png,smear,malaria,train
data/malaria/raw/cell_images/Uninfected/C56P17thinF_IMG_20150728_160438_cell_8.png,smear,malaria,train
data/malaria/raw/cell_images/Parasitized/C176P137NThinF_IMG_20151201_120612_cell_23.png,smear,malaria,train
data/malaria/raw/cell_images/Parasitized/C176P137NThinF_IMG_20151201_121808_cell_131.png,smear,malaria,train
data/malaria/raw/cell_images/Uninfected/C3thin_original_IMG_20150608_163047_cell_215.png,smear,malaria,train
data/malaria/raw/cell_images/Uninfected/C117P78ThinF_IMG_20150930_221812_cell_66.png,smear,malaria,train
data/malaria/raw/cell_images/Parasitized/C144P105ThinF_IMG_20151015_163432_cell_310.png,smear,malaria,train
data/malaria/raw/cell_images/Uninfected/C76P37ThinF_IMG_20150815_173019_cell_220.png,smear,malaria,train
data/malaria/raw/cell_images/Parasitized/C188P149ThinF_IMG_20151203_134449_cell_204.png,smear,malaria,train
data/malaria/raw/cell_images/Parasitized/C59P20thinF_IMG_20150803_115303_cell_7.png,smear,malaria,train
data/malaria/raw/cell_images/Uninfected/C189P150ThinF_IMG_20151203_142224_cell_3.png,smear,malaria,train
data/malaria/raw/cell_images/Uninfected/C85P46ThinF_IMG_20150820_110040_cell_190.png,smear,malaria,train
data/malaria/raw/cell_images/Parasitized/C183P144NThinF_IMG_20151201_223431_cell_101.png,smear,malaria,train
data/malaria/raw/cell_images/Parasitized/C137P98ThinF_IMG_20151005_163712_cell_89.png,smear,malaria,train
data/malaria/raw/cell_images/Parasitized/C156P117ThinF_IMG_20151115_153831_cell_259.png,smear,malaria,train
data/malaria/raw/cell_images/Uninfected/C135P96ThinF_IMG_20151005_124204_cell_5.png,smear,malaria,train
data/malaria/raw/cell_images/Parasitized/C59P20thinF_IMG_20150803_112858_cell_157.png,smear,malaria,train
data/malaria/raw/cell_images/Uninfected/C144P105ThinF_IMG_20151015_155149_cell_149.png,smear,malaria,train
data/malaria/raw/cell_images/Parasitized/C188P149ThinF_IMG_20151203_134229_cell_223.png,smear,malaria,train
data/malaria/raw/cell_images/Uninfected/C38P3thinF_original_IMG_20150621_112023_cell_56.png,smear,malaria,train
data/malaria/raw/cell_images/Uninfected/C163P124ThinF_IMG_20151116_110921_cell_195.png,smear,malaria,train
data/malaria/raw/cell_images/Uninfected/C127P88ThinF_IMG_20151004_111436_cell_41.png,smear,malaria,train
data/malaria/raw/cell_images/Uninfected/C227ThinF_IMG_20151112_135818_cell_248.png,smear,malaria,train
data/malaria/raw/cell_images/Parasitized/C119P80ThinF_IMG_20151002_123043_cell_159.png,smear,malaria,train
data/malaria/raw/cell_images/Uninfected/C142P103ThinF_IMG_20151005_223257_cell_115.png,smear,malaria,train
data/malaria/raw/cell_images/Uninfected/C143P104ThinF_IMG_20151005_225746_cell_166.png,smear,malaria,train
data/malaria/raw/cell_images/Parasitized/C133P94ThinF_IMG_20151004_154351_cell_122.png,smear,malaria,train
data/malaria/raw/cell_images/Parasitized/C107P68ThinF_IMG_20150924_222233_cell_158.png,smear,malaria,train
data/malaria/raw/cell_images/Uninfected/C55P16thinF_IMG_20150728_123510_cell_103.png,smear,malaria,train
data/malaria/raw/cell_images/Uninfected/C38P3thinF_original_IMG_20150621_112116_cell_65.png,smear,malaria,train
data/malaria/raw/cell_images/Parasitized/C80P41ThinF_IMG_20150817_110348_cell_118.png,smear,malaria,train
data/malaria/raw/cell_images/Parasitized/C84P45ThinF_IMG_20150818_101226_cell_88.png,smear,malaria,train
data/malaria/raw/cell_images/Parasitized/C176P137NThinF_IMG_20151201_122708_cell_129.png,smear,malaria,train
data/malaria/raw/cell_images/Uninfected/C112P73ThinF_IMG_20150930_131605_cell_142.png,smear,malaria,train
data/malaria/raw/cell_images/Uninfected/C176P137NThinF_IMG_20151201_122444_cell_22.png,smear,malaria,train
data/malaria/raw/cell_images/Parasitized/C82P43ThinF_IMG_20150817_123652_cell_229.png,smear,malaria,train
data/malaria/raw/cell_images/Uninfected/C38P3thinF_original_IMG_20150621_112043_cell_21.png,smear,malaria,train
data/malaria/raw/cell_images/Uninfected/C84P45ThinF_IMG_20150818_101412_cell_85.png,smear,malaria,train
data/malaria/raw/cell_images/Parasitized/C174P135NThinF_IMG_20151127_135435_cell_211.png,smear,malaria,train
data/malaria/raw/cell_images/Uninfected/C97P58ThinF_IMG_20150917_150838_cell_124.png,smear,malaria,train
data/malaria/raw/cell_images/Parasitized/C128P89ThinF_IMG_20151004_130408_cell_153.png,smear,malaria,train
data/malaria/raw/cell_images/Parasitized/C84P45ThinF_IMG_20150818_102325_cell_102.png,smear,malaria,train
data/malaria/raw/cell_images/Uninfected/C87P48ThinF_IMG_20150820_132642_cell_94.png,smear,malaria,train
data/malaria/raw/cell_images/Uninfected/C99P60ThinF_IMG_20150918_140900_cell_69.png,smear,malaria,train
data/malaria/raw/cell_images/Parasitized/C182P143NThinF_IMG_20151201_172057_cell_138.png,smear,malaria,train
data/malaria/raw/cell_images/Uninfected/C96P57ThinF_IMG_20150824_105213_cell_157.png,smear,malaria,train
data/malaria/raw/cell_images/Parasitized/C136P97ThinF_IMG_20151005_140538_cell_98.png,smear,malaria,train
data/malaria/raw/cell_images/Parasitized/C136P97ThinF_IMG_20151005_140646_cell_111.png,smear,malaria,train
data/malaria/raw/cell_images/Uninfected/C237ThinF_IMG_20151127_105345_cell_38.png,smear,malaria,train
data/malaria/raw/cell_images/Uninfected/C131P92ThinF_IMG_20151004_151001_cell_82.png,smear,malaria,train
data/malaria/raw/cell_images/Uninfected/C77P38ThinF_IMG_20150602_143650_cell_37.png,smear,malaria,train
data/malaria/raw/cell_images/Parasitized/C184P145ThinF_IMG_20151203_102405_cell_144.png,smear,malaria,train
data/malaria/raw/cell_images/Parasitized/C120P81ThinF_IMG_20151002_130150_cell_204.png,smear,malaria,train
data/malaria/raw/cell_images/Uninfected/C136P97ThinF_IMG_20151005_140538_cell_70.png,smear,malaria,train
data/malaria/raw/cell_images/Parasitized/C132P93ThinF_IMG_20151004_153030_cell_19.png,smear,malaria,train
data/malaria/raw/cell_images/Uninfected/C170P131ThinF_IMG_20151119_120111_cell_132.png,smear,malaria,train
data/malaria/raw/cell_images/Parasitized/C131P92ThinF_IMG_20151004_145410_cell_133.png,smear,malaria,train
data/malaria/raw/cell_images/Parasitized/C180P141NThinF_IMG_20151201_170021_cell_9.png,smear,malaria,train
data/malaria/raw/cell_images/Parasitized/C59P20thinF_IMG_20150803_111244_cell_201.png,smear,malaria,train
data/malaria/raw/cell_images/Uninfected/C84P45ThinF_IMG_20150818_101056_cell_87.png,smear,malaria,train
data/malaria/raw/cell_images/Uninfected/C207ThinF_IMG_20151029_143952_cell_41.png,smear,malaria,train
data/malaria/raw/cell_images/Uninfected/C72P33_ThinF_IMG_20150815_104923_cell_156.png,smear,malaria,train
data/malaria/raw/cell_images/Uninfected/C177P138NThinF_IMG_20151201_143546_cell_94.png,smear,malaria,train
data/malaria/raw/cell_images/Uninfected/C4thin_original_IMG_20150608_165620_cell_111.png,smear,malaria,train
data/malaria/raw/cell_images/Uninfected/C83P44ThinF_IMG_20150817_133454_cell_71.png,smear,malaria,train
data/malaria/raw/cell_images/Parasitized/C129P90ThinF_IMG_20151004_134306_cell_142.png,smear,malaria,train
data/malaria/raw/cell_images/Uninfected/C47P8thinOriginalOlympusCX21_IMG_20150717_174222_cell_117.png,smear,malaria,train
data/malaria/raw/cell_images/Parasitized/C39P4thinF_original_IMG_20150622_105803_cell_87.png,smear,malaria,train
data/malaria/raw/cell_images/Uninfected/C63P24N_ThinF_IMG_20150818_143319_cell_32.png,smear,malaria,train
data/malaria/raw/cell_images/Parasitized/C98P59ThinF_IMG_20150917_154452_cell_208.png,smear,malaria,train
data/malaria/raw/cell_images/Parasitized/C180P141NThinF_IMG_20151201_165601_cell_170.png,smear,malaria,train
data/malaria/raw/cell_images/Parasitized/C175P136NThinF_IMG_20151127_142009_cell_212.png,smear,malaria,train
data/malaria/raw/cell_images/Uninfected/C186P147NThinF_IMG_20151203_150557_cell_76.png,smear,malaria,train
data/malaria/raw/cell_images/Uninfected/C125P86ThinF_IMG_20151004_102053_cell_34.png,smear,malaria,train
data/malaria/raw/cell_images/Uninfected/C120P81ThinF_IMG_20151002_125443_cell_81.png,smear,malaria,train
data/malaria/raw/cell_images/Parasitized/C39P4thinF_original_IMG_20150622_114122_cell_10.png,smear,malaria,train
data/malaria/raw/cell_images/Uninfected/C112P73ThinF_IMG_20150930_131254_cell_155.png,smear,malaria,train
data/malaria/raw/cell_images/Uninfected/C149P110ThinF_IMG_20151115_114555_cell_292.png,smear,malaria,train
data/malaria/raw/cell_images/Parasitized/C116P77ThinF_IMG_20150930_172112_cell_66.png,smear,malaria,train
data/malaria/raw/cell_images/Parasitized/C64P25N_ThinF_IMG_20150818_152337_cell_168.png,smear,malaria,train
data/malaria/raw/cell_images/Parasitized/C93P54ThinF_IMG_20150821_164024_cell_196.png,smear,malaria,train
data/malaria/raw/cell_images/Uninfected/C12NThinF_IMG_20150614_124212_cell_161.png,smear,malaria,train
data/malaria/raw/cell_images/Parasitized/C68P29N_ThinF_IMG_20150819_133236_cell_169.png,smear,malaria,train
data/malaria/raw/cell_images/Uninfected/C12NThinF_IMG_20150614_124301_cell_164.png,smear,malaria,train
data/malaria/raw/cell_images/Uninfected/C207ThinF_IMG_20151029_144152_cell_234.png,smear,malaria,train
data/malaria/raw/cell_images/Parasitized/C136P97ThinF_IMG_20151005_142627_cell_1.png,smear,malaria,train
data/malaria/raw/cell_images/Uninfected/C62P23N_ThinF_IMG_20150818_133527_cell_36.png,smear,malaria,train
data/malaria/raw/cell_images/Parasitized/C120P81ThinF_IMG_20151002_130150_cell_211.png,smear,malaria,train
data/malaria/raw/cell_images/Uninfected/C99P60ThinF_IMG_20150918_141129_cell_38.png,smear,malaria,train
data/malaria/raw/cell_images/Uninfected/C230ThinF_IMG_20151112_150730_cell_24.png,smear,malaria,train
data/malaria/raw/cell_images/Uninfected/C180P141NThinF_IMG_20151201_165423_cell_93.png,smear,malaria,train
data/malaria/raw/cell_images/Uninfected/C181P142ThinF_IMG_20151127_160539_cell_145.png,smear,malaria,train
data/malaria/raw/cell_images/Parasitized/C99P60ThinF_IMG_20150918_141351_cell_110.png,smear,malaria,train
data/malaria/raw/cell_images/Uninfected/C38P3thinF_original_IMG_20150621_112043_cell_152.png,smear,malaria,train
data/malaria/raw/cell_images/Uninfected/C154P115ThinF_IMG_20151115_141543_cell_92.png,smear,malaria,train
data/malaria/raw/cell_images/Parasitized/C144P105ThinF_IMG_20151015_163432_cell_311.png,smear,malaria,train
data/malaria/raw/cell_images/Uninfected/C133P94ThinF_IMG_20151004_154919_cell_4.png,smear,malaria,train
data/malaria/raw/cell_images/Parasitized/C84P45ThinF_IMG_20150818_101550_cell_107.png,smear,malaria,train
data/malaria/raw/cell_images/Uninfected/C3thin_original_IMG_20150608_162922_cell_211.png,smear,malaria,train
data/malaria/raw/cell_images/Parasitized/C184P145ThinF_IMG_20151203_102405_cell_175.png,smear,malaria,train
data/malaria/raw/cell_images/Parasitized/C39P4thinF_original_IMG_20150622_111206_cell_95.png,smear,malaria,train
data/malaria/raw/cell_images/Uninfected/C152P113ThinF_IMG_20151115_124032_cell_90.png,smear,malaria,train
data/malaria/raw/cell_images/Parasitized/C51AP12thinF_IMG_20150724_153313_cell_96.png,smear,malaria,train
data/malaria/raw/cell_images/Parasitized/C183P144NThinF_IMG_20151201_224107_cell_128.png,smear,malaria,train
data/malaria/raw/cell_images/Parasitized/C110P71ThinF_IMG_20150930_105319_cell_189.png,smear,malaria,train
data/malaria/raw/cell_images/Parasitized/C39P4thinF_original_IMG_20150622_105253_cell_98.png,smear,malaria,train
data/malaria/raw/cell_images/Uninfected/C221ThinF_IMG_20151106_160653_cell_104.png,smear,malaria,train
data/malaria/raw/cell_images/Uninfected/C205ThinF_IMG_20151106_151800_cell_54.png,smear,malaria,train
data/malaria/raw/cell_images/Uninfected/C129P90ThinF_IMG_20151004_133244_cell_68.png,smear,malaria,train
data/malaria/raw/cell_images/Uninfected/C112P73ThinF_IMG_20150930_131605_cell_176.png,smear,malaria,train
data/malaria/raw/cell_images/Parasitized/C149P110ThinF_IMG_20151115_114629_cell_273.png,smear,malaria,train
data/malaria/raw/cell_images/Uninfected/C209ThinF_IMG_20151029_160927_cell_89.png,smear,malaria,train
data/malaria/raw/cell_images/Uninfected/C124P85ThinF_IMG_20151002_155101_cell_117.png,smear,malaria,train
data/malaria/raw/cell_images/Uninfected/C163P124ThinF_IMG_20151116_111742_cell_221.png,smear,malaria,train
data/malaria/raw/cell_images/Parasitized/C105P66ThinF_IMG_20150924_100655_cell_124.png,smear,malaria,train
data/malaria/raw/cell_images/Parasitized/C180P141NThinF_IMG_20151201_163848_cell_183.png,smear,malaria,train
data/malaria/raw/cell_images/Uninfected/C33P1thinF_IMG_20150619_120838a_cell_134.png,smear,malaria,train
data/malaria/raw/cell_images/Parasitized/C59P20thinF_IMG_20150803_113809_cell_16.png,smear,malaria,train
data/malaria/raw/cell_images/Uninfected/C226ThinF_IMG_20151112_131622_cell_82.png,smear,malaria,train
data/malaria/raw/cell_images/Uninfected/C221ThinF_IMG_20151106_155857_cell_60.png,smear,malaria,train
data/malaria/raw/cell_images/Uninfected/C90P51ThinF_IMG_20150821_115700_cell_89.png,smear,malaria,train
data/malaria/raw/cell_images/Uninfected/C33P1thinF_IMG_20150619_115740a_cell_39.png,smear,malaria,train
data/malaria/raw/cell_images/Parasitized/C48P9thinF_IMG_20150721_160944_cell_234.png,smear,malaria,train
data/malaria/raw/cell_images/Parasitized/C118P79ThinF_IMG_20151002_104831_cell_155.png,smear,malaria,train
data/malaria/raw/cell_images/Parasitized/C46P7ThinF_IMG_20151130_210938_cell_156.png,smear,malaria,train
data/malaria/raw/cell_images/Uninfected/C168P129ThinF_IMG_20151118_154126_cell_78.png,smear,malaria,train
data/malaria/raw/cell_images/Parasitized/C101P62ThinF_IMG_20150918_151239_cell_86.png,smear,malaria,train
data/malaria/raw/cell_images/Parasitized/C48P9thinF_IMG_20150721_162732_cell_11.png,smear,malaria,train
data/malaria/raw/cell_images/Uninfected/C13NThinF_IMG_20150614_131553_cell_244.png,smear,malaria,train
data/malaria/raw/cell_images/Parasitized/C45P6ThinF_IMG_20151130_154725_cell_179.png,smear,malaria,train
data/malaria/raw/cell_images/Uninfected/C63P24N_ThinF_IMG_20150818_142948_cell_132.png,smear,malaria,train
data/malaria/raw/cell_images/Parasitized/C50P11thinF_IMG_20150724_115651_cell_188.png,smear,malaria,train
data/malaria/raw/cell_images/Parasitized/C182P143NThinF_IMG_20151201_172524_cell_174.png,smear,malaria,train
data/malaria/raw/cell_images/Parasitized/C59P20thinF_IMG_20150803_112858_cell_194.png,smear,malaria,train
data/malaria/raw/cell_images/Parasitized/C182P143NThinF_IMG_20151201_172842_cell_18.png,smear,malaria,train
data/malaria/raw/cell_images/Uninfected/C217ThinF_IMG_20151106_141326_cell_90.png,smear,malaria,train
data/malaria/raw/cell_images/Uninfected/C166P127ThinF_IMG_20151117_195030_cell_204.png,smear,malaria,train
data/malaria/raw/cell_images/Uninfected/C236ThinF_IMG_20151127_102635_cell_209.png,smear,malaria,train
data/malaria/raw/cell_images/Uninfected/C233ThinF_IMG_20151112_160059_cell_129.png,smear,malaria,train
data/malaria/raw/cell_images/Parasitized/C184P145ThinF_IMG_20151203_103326_cell_159.png,smear,malaria,train
data/malaria/raw/cell_images/Parasitized/C182P143NThinF_IMG_20151201_172257_cell_196.png,smear,malaria,train
data/malaria/raw/cell_images/Parasitized/C133P94ThinF_IMG_20151004_155012_cell_20.png,smear,malaria,train
data/malaria/raw/cell_images/Uninfected/C225ThinF_IMG_20151112_113803_cell_115.png,smear,malaria,train
data/malaria/raw/cell_images/Uninfected/C4thin_original_IMG_20150608_165540_cell_184.png,smear,malaria,train
data/malaria/raw/cell_images/Uninfected/C234ThinF_IMG_20151112_162759_cell_152.png,smear,malaria,train
data/malaria/raw/cell_images/Uninfected/C175P136NThinF_IMG_20151127_141325_cell_32.png,smear,malaria,train
data/malaria/raw/cell_images/Parasitized/C176P137NThinF_IMG_20151201_122811_cell_145.png,smear,malaria,train
data/malaria/raw/cell_images/Parasitized/C167P128ReThinF_IMG_20151201_105354_cell_228.png,smear,malaria,train
data/malaria/raw/cell_images/Parasitized/C179P140ThinF_IMG_20151127_153852_cell_166.png,smear,malaria,train
data/malaria/raw/cell_images/Uninfected/C39P4thinF_original_IMG_20150622_111206_cell_10.png,smear,malaria,train
data/malaria/raw/cell_images/Uninfected/C148P109ThinF_IMG_20151115_112445_cell_29.png,smear,malaria,train
data/malaria/raw/cell_images/Parasitized/C48P9thinF_IMG_20150721_161412_cell_191.png,smear,malaria,train
data/malaria/raw/cell_images/Uninfected/C151P112ThinF_IMG_20151115_121942_cell_98.png,smear,malaria,train
data/malaria/raw/cell_images/Uninfected/C60P21thinF_IMG_20150803_144003_cell_29.png,smear,malaria,train
data/malaria/raw/cell_images/Uninfected/C110P71ThinF_IMG_20150930_105559_cell_97.png,smear,malaria,train
data/malaria/raw/cell_images/Parasitized/C66P27N_ThinF_IMG_20150818_164754_cell_200.png,smear,malaria,train
data/malaria/raw/cell_images/Uninfected/C92P53ThinF_IMG_20150821_151646_cell_41.png,smear,malaria,train
data/malaria/raw/cell_images/Uninfected/C88P49ThinF_IMG_20150820_150141_cell_5.png,smear,malaria,train
data/malaria/raw/cell_images/Uninfected/C48P9thinF_IMG_20150721_161055_cell_50.png,smear,malaria,train
data/malaria/raw/cell_images/Uninfected/C235ThinF_IMG_20151112_164918_cell_92.png,smear,malaria,train
data/malaria/raw/cell_images/Parasitized/C99P60ThinF_IMG_20150918_140900_cell_146.png,smear,malaria,train
data/malaria/raw/cell_images/Parasitized/C136P97ThinF_IMG_20151005_142437_cell_108.png,smear,malaria,train
data/malaria/raw/cell_images/Parasitized/C137P98ThinF_IMG_20151005_161306_cell_16.png,smear,malaria,train
data/malaria/raw/cell_images/Uninfected/C150P111ThinF_IMG_20151115_120244_cell_122.png,smear,malaria,train
data/malaria/raw/cell_images/Parasitized/C46P7ThinF_IMG_20151130_205558_cell_147.png,smear,malaria,train
data/malaria/raw/cell_images/Uninfected/C231ThinF_IMG_20151112_153359_cell_30.png,smear,malaria,train
data/malaria/raw/cell_images/Parasitized/C140P101ThinF_IMG_20151005_205922_cell_191.png,smear,malaria,train
data/malaria/raw/cell_images/Parasitized/C136P97ThinF_IMG_20151005_141946_cell_115.png,smear,malaria,train
data/malaria/raw/cell_images/Parasitized/C184P145ThinF_IMG_20151203_102405_cell_143.png,smear,malaria,train
data/malaria/raw/cell_images/Uninfected/C73P34_ThinF_IMG_20150815_111501_cell_119.png,smear,malaria,train
data/malaria/raw/cell_images/Uninfected/C116P77ThinF_IMG_20150930_171558_cell_1.png,smear,malaria,train
data/malaria/raw/cell_images/Parasitized/C86P47ThinF_IMG_20150820_125057_cell_220.png,smear,malaria,train
data/malaria/raw/cell_images/Parasitized/C149P110ThinF_IMG_20151115_115154_cell_251.png,smear,malaria,train
data/malaria/raw/cell_images/Parasitized/C99P60ThinF_IMG_20150918_140900_cell_126.png,smear,malaria,train
data/malaria/raw/cell_images/Uninfected/C214ThinF_IMG_20151106_114611_cell_229.png,smear,malaria,train
data/malaria/raw/cell_images/Uninfected/C228ThinF_IMG_20151112_142452_cell_251.png,smear,malaria,train
data/malaria/raw/cell_images/Parasitized/C129P90ThinF_IMG_20151004_134636_cell_20.png,smear,malaria,train
data/malaria/raw/cell_images/Parasitized/C66P27N_ThinF_IMG_20150818_163419_cell_201.png,smear,malaria,train
data/malaria/raw/cell_images/Parasitized/C78P39ThinF_IMG_20150606_104936_cell_174.png,smear,malaria,train
data/malaria/raw/cell_images/Uninfected/C141P102ThinF_IMG_20151005_214033_cell_21.png,smear,malaria,train
data/malaria/raw/cell_images/Parasitized/C183P144NThinF_IMG_20151201_223208_cell_118.png,smear,malaria,train
data/malaria/raw/cell_images/Parasitized/C182P143NThinF_IMG_20151201_172257_cell_169.png,smear,malaria,train
data/malaria/raw/cell_images/Parasitized/C68P29N_ThinF_IMG_20150819_134712_cell_3.png,smear,malaria,train
data/malaria/raw/cell_images/Parasitized/C182P143NThinF_IMG_20151201_172524_cell_169.png,smear,malaria,train
data/malaria/raw/cell_images/Parasitized/C154P115ThinF_IMG_20151115_141837_cell_204.png,smear,malaria,train
data/malaria/raw/cell_images/Uninfected/C65P26N_ThinF_IMG_20150818_154714_cell_63.png,smear,malaria,train
data/malaria/raw/cell_images/Uninfected/C13NThinF_IMG_20150614_131617_cell_22.png,smear,malaria,train
data/malaria/raw/cell_images/Parasitized/C130P91ThinF_IMG_20151004_142951_cell_152.png,smear,malaria,train
data/malaria/raw/cell_images/Uninfected/C240ThinF_IMG_20151127_115328_cell_159.png,smear,malaria,train
data/malaria/raw/cell_images/Parasitized/C140P101ThinF_IMG_20151005_211735_cell_150.png,smear,malaria,train
data/malaria/raw/cell_images/Uninfected/C52P13thinF_IMG_20150725_130013_cell_119.png,smear,malaria,train
data/malaria/raw/cell_images/Uninfected/C164P125ThinF_IMG_20151116_120135_cell_44.png,smear,malaria,train
data/malaria/raw/cell_images/Uninfected/C84P45ThinF_IMG_20150818_104156_cell_80.png,smear,malaria,train
data/malaria/raw/cell_images/Uninfected/C119P80ThinF_IMG_20151002_124304_cell_112.png,smear,malaria,train
data/malaria/raw/cell_images/Uninfected/C68P29N_ThinF_IMG_20150819_134326_cell_21.png,smear,malaria,train
data/malaria/raw/cell_images/Uninfected/C213ThinF_IMG_20151106_112853_cell_66.png,smear,malaria,train
data/malaria/raw/cell_images/Parasitized/C59P20thinF_IMG_20150803_112733_cell_205.png,smear,malaria,train
data/malaria/raw/cell_images/Uninfected/C59P20thinF_IMG_20150803_111244_cell_85.png,smear,malaria,train
data/malaria/raw/cell_images/Parasitized/C129P90ThinF_IMG_20151004_133244_cell_115.png,smear,malaria,train
data/malaria/raw/cell_images/Parasitized/C182P143NThinF_IMG_20151201_172257_cell_144.png,smear,malaria,train
data/malaria/raw/cell_images/Uninfected/C221ThinF_IMG_20151106_160653_cell_94.png,smear,malaria,train
data/malaria/raw/cell_images/Parasitized/C51AP12thinF_IMG_20150724_162636_cell_77.png,smear,malaria,train
data/malaria/raw/cell_images/Uninfected/C13NThinF_IMG_20150614_131457_cell_208.png,smear,malaria,train
data/malaria/raw/cell_images/Parasitized/C118P79ThinF_IMG_20151002_110942_cell_14.png,smear,malaria,train
data/malaria/raw/cell_images/Parasitized/C137P98ThinF_IMG_20151005_163218_cell_85.png,smear,malaria,train
data/malaria/raw/cell_images/Parasitized/C136P97ThinF_IMG_20151005_143743_cell_113.png,smear,malaria,train
data/malaria/raw/cell_images/Parasitized/C68P29N_ThinF_IMG_20150819_134504_cell_159.png,smear,malaria,train
data/malaria/raw/cell_images/Uninfected/C74P35_ThinF_IMG_20150815_114153_cell_19.png,smear,malaria,train
data/malaria/raw/cell_images/Parasitized/C69P30N_ThinF_IMG_20150819_135613_cell_243.png,smear,malaria,train
data/malaria/raw/cell_images/Uninfected/C188P149ThinF_IMG_20151203_134229_cell_21.png,smear,malaria,train
data/malaria/raw/cell_images/Uninfected/C37BP2_thinF_IMG_20150620_133111a_cell_81.png,smear,malaria,train
data/malaria/raw/cell_images/Uninfected/C55P16thinF_IMG_20150728_123237_cell_161.png,smear,malaria,train
data/malaria/raw/cell_images/Parasitized/C137P98ThinF_IMG_20151005_163335_cell_12.png,smear,malaria,train
data/malaria/raw/cell_images/Uninfected/C138P99ThinF_IMG_20151005_171940_cell_153.png,smear,malaria,train
data/malaria/raw/cell_images/Uninfected/C185P146ThinF_IMG_20151203_111121_cell_71.png,smear,malaria,train
data/malaria/raw/cell_images/Parasitized/C59P20thinF_IMG_20150803_111333_cell_180.png,smear,malaria,train
data/malaria/raw/cell_images/Parasitized/C99P60ThinF_IMG_20150918_141857_cell_5.png,smear,malaria,train
data/malaria/raw/cell_images/Parasitized/C182P143NThinF_IMG_20151201_172607_cell_29.png,smear,malaria,train
data/malaria/raw/cell_images/Parasitized/C68P29N_ThinF_IMG_20150819_134712_cell_42.png,smear,malaria,train
data/malaria/raw/cell_images/Parasitized/C84P45ThinF_IMG_20150818_102009_cell_4.png,smear,malaria,train
data/malaria/raw/cell_images/Uninfected/C117P78ThinF_IMG_20150930_221927_cell_28.png,smear,malaria,train
data/malaria/raw/cell_images/Uninfected/C227ThinF_IMG_20151112_135308_cell_54.png,smear,malaria,train
data/malaria/raw/cell_images/Uninfected/C95P56ThinF_IMG_20150821_172351_cell_97.png,smear,malaria,train
data/malaria/raw/cell_images/Parasitized/C175P136NThinF_IMG_20151127_141428_cell_224.png,smear,malaria,train
data/malaria/raw/cell_images/Parasitized/C80P41ThinF_IMG_20150817_110608_cell_145.png,smear,malaria,train
data/malaria/raw/cell_images/Uninfected/C178P139NThinF_IMG_20151201_155012_cell_20.png,smear,malaria,train
data/malaria/raw/cell_images/Parasitized/C177P138NThinF_IMG_20151201_143025_cell_179.png,smear,malaria,train
data/malaria/raw/cell_images/Parasitized/C182P143NThinF_IMG_20151201_172057_cell_166.png,smear,malaria,train
data/malaria/raw/cell_images/Uninfected/C238NThinF_IMG_20151207_114653_cell_133.png,smear,malaria,train
data/malaria/raw/cell_images/Uninfected/C230ThinF_IMG_20151112_150329_cell_232.png,smear,malaria,train
data/malaria/raw/cell_images/Parasitized/C70P31_ThinF_IMG_20150819_141327_cell_77.png,smear,malaria,val
data/malaria/raw/cell_images/Parasitized/C68P29N_ThinF_IMG_20150819_133350_cell_188.png,smear,malaria,val
data/malaria/raw/cell_images/Parasitized/C68P29N_ThinF_IMG_20150819_134830_cell_26.png,smear,malaria,val
data/malaria/raw/cell_images/Parasitized/C184P145ThinF_IMG_20151203_102543_cell_169.png,smear,malaria,val
data/malaria/raw/cell_images/Parasitized/C137P98ThinF_IMG_20151005_162010_cell_91.png,smear,malaria,val
data/malaria/raw/cell_images/Uninfected/C98P59ThinF_IMG_20150917_153311_cell_149.png,smear,malaria,val
data/malaria/raw/cell_images/Parasitized/C68P29N_ThinF_IMG_20150819_134504_cell_113.png,smear,malaria,val
data/malaria/raw/cell_images/Parasitized/C180P141NThinF_IMG_20151201_163702_cell_184.png,smear,malaria,val
data/malaria/raw/cell_images/Uninfected/C84P45ThinF_IMG_20150818_101226_cell_10.png,smear,malaria,val
data/malaria/raw/cell_images/Parasitized/C48P9thinF_IMG_20150721_160406_cell_247.png,smear,malaria,val
data/malaria/raw/cell_images/Uninfected/C137P98ThinF_IMG_20151005_163251_cell_12.png,smear,malaria,val
data/malaria/raw/cell_images/Parasitized/C175P136NThinF_IMG_20151127_142326_cell_236.png,smear,malaria,val
data/malaria/raw/cell_images/Parasitized/C100P61ThinF_IMG_20150918_144104_cell_171.png,smear,malaria,val
data/malaria/raw/cell_images/Uninfected/C61P22N_ThinF_IMG_20150818_112433_cell_38.png,smear,malaria,val
data/malaria/raw/cell_images/Uninfected/C90P51ThinF_IMG_20150821_115310_cell_77.png,smear,malaria,val
data/malaria/raw/cell_images/Parasitized/C99P60ThinF_IMG_20150918_141314_cell_101.png,smear,malaria,val
data/malaria/raw/cell_images/Uninfected/C103P64ThinF_IMG_20150918_165016_cell_130.png,smear,malaria,val
data/malaria/raw/cell_images/Uninfected/C95P56ThinF_IMG_20150821_171242_cell_91.png,smear,malaria,val
data/malaria/raw/cell_images/Parasitized/C91P52ThinF_IMG_20150821_125423_cell_26.png,smear,malaria,val
data/malaria/raw/cell_images/Parasitized/C143P104ThinF_IMG_20151005_225454_cell_184.png,smear,malaria,val
data/malaria/raw/cell_images/Uninfected/C106P67ThinF_IMG_20150924_102826_cell_137.png,smear,malaria,val
data/malaria/raw/cell_images/Uninfected/C146P107ThinF_IMG_20151018_140342_cell_214.png,smear,malaria,val
data/malaria/raw/cell_images/Uninfected/C52P13thinF_IMG_20150725_123938_cell_171.png,smear,malaria,val
data/malaria/raw/cell_images/Uninfected/C184P145ThinF_IMG_20151203_103114_cell_37.png,smear,malaria,val
data/malaria/raw/cell_images/Uninfected/C129P90ThinF_IMG_20151004_133921_cell_96.png,smear,malaria,val
data/malaria/raw/cell_images/Parasitized/C131P92ThinF_IMG_20151004_151001_cell_126.png,smear,malaria,val
data/malaria/raw/cell_images/Uninfected/C176P137NThinF_IMG_20151201_122444_cell_36.png,smear,malaria,val
data/malaria/raw/cell_images/Parasitized/C51AP12thinF_IMG_20150724_161126_cell_116.png,smear,malaria,val
data/malaria/raw/cell_images/Parasitized/C91P52ThinF_IMG_20150821_124311_cell_5.png,smear,malaria,val
data/malaria/raw/cell_images/Parasitized/C101P62ThinF_IMG_20150918_155731_cell_63.png,smear,malaria,val
data/malaria/raw/cell_images/Parasitized/C84P45ThinF_IMG_20150818_104849_cell_14.png,smear,malaria,val
data/malaria/raw/cell_images/Parasitized/C182P143NThinF_IMG_20151201_172057_cell_171.png,smear,malaria,val
data/malaria/raw/cell_images/Uninfected/C87P48ThinF_IMG_20150820_132514_cell_150.png,smear,malaria,val
data/malaria/raw/cell_images/Parasitized/C97P58ThinF_IMG_20150917_151437_cell_158.png,smear,malaria,val
data/malaria/raw/cell_images/Parasitized/C156P117ThinF_IMG_20151115_154022_cell_277.png,smear,malaria,val
data/malaria/raw/cell_images/Parasitized/C92P53ThinF_IMG_20150821_151224_cell_210.png,smear,malaria,val
data/malaria/raw/cell_images/Parasitized/C80P41ThinF_IMG_20150817_112557_cell_15.png,smear,malaria,val
data/malaria/raw/cell_images/Parasitized/C129P90ThinF_IMG_20151004_133703_cell_92.png,smear,malaria,val
data/malaria/raw/cell_images/Parasitized/C144P105ThinF_IMG_20151015_163142_cell_311.png,smear,malaria,val
data/malaria/raw/cell_images/Parasitized/C67P28N_ThinF_IMG_20150819_121053_cell_235.png,smear,malaria,val
data/malaria/raw/cell_images/Parasitized/C124P85ThinF_IMG_20151002_155101_cell_170.png,smear,malaria,val
data/malaria/raw/cell_images/Uninfected/C51AP12thinF_IMG_20150724_155046_cell_35.png,smear,malaria,val
data/malaria/raw/cell_images/Parasitized/C132P93ThinF_IMG_20151004_151733_cell_139.png,smear,malaria,val
data/malaria/raw/cell_images/Parasitized/C68P29N_ThinF_IMG_20150819_133236_cell_136.png,smear,malaria,val
data/malaria/raw/cell_images/Uninfected/C33P1thinF_IMG_20150619_121229a_cell_46.png,smear,malaria,val
data/malaria/raw/cell_images/Uninfected/C5NThinF_IMG_20150609_122108_cell_163.png,smear,malaria,val
data/malaria/raw/cell_images/Uninfected/C223ThinF_IMG_20151112_103809_cell_57.png,smear,malaria,val
data/malaria/raw/cell_images/Uninfected/C151P112ThinF_IMG_20151115_122342_cell_39.png,smear,malaria,val
data/malaria/raw/cell_images/Parasitized/C183P144NThinF_IMG_20151201_222917_cell_157.png,smear,malaria,val
data/malaria/raw/cell_images/Parasitized/C117P78ThinF_IMG_20150930_214511_cell_91.png,smear,malaria,val
data/malaria/raw/cell_images/Uninfected/C149P110ThinF_IMG_20151115_114629_cell_241.png,smear,malaria,val
data/malaria/raw/cell_images/Uninfected/C182P143NThinF_IMG_20151201_172057_cell_107.png,smear,malaria,val
data/malaria/raw/cell_images/Parasitized/C80P41ThinF_IMG_20150817_111544_cell_126.png,smear,malaria,val
data/malaria/raw/cell_images/Parasitized/C129P90ThinF_IMG_20151004_133538_cell_86.png,smear,malaria,val
data/malaria/raw/cell_images/Parasitized/C60P21thinF_IMG_20150804_113011_cell_6.png,smear,malaria,val
data/malaria/raw/cell_images/Parasitized/C67P28N_ThinF_IMG_20150819_132441_cell_170.png,smear,malaria,val
data/malaria/raw/cell_images/Parasitized/C91P52ThinF_IMG_20150821_124311_cell_39.png,smear,malaria,val
data/malaria/raw/cell_images/Uninfected/C226ThinF_IMG_20151112_131731_cell_43.png,smear,malaria,val
data/malaria/raw/cell_images/Uninfected/C233ThinF_IMG_20151112_160129_cell_44.png,smear,malaria,val
data/malaria/raw/cell_images/Parasitized/C174P135NThinF_IMG_20151127_135342_cell_220.png,smear,malaria,val
data/malaria/raw/cell_images/Uninfected/C219ThinF_IMG_20151106_145927_cell_183.png,smear,malaria,val
data/malaria/raw/cell_images/Parasitized/C149P110ThinF_IMG_20151115_114555_cell_303.png,smear,malaria,val
data/malaria/raw/cell_images/Parasitized/C118P79ThinF_IMG_20151002_105735_cell_155.png,smear,malaria,val
data/malaria/raw/cell_images/Uninfected/C218ThinF_IMG_20151106_144143_cell_9.png,smear,malaria,val
data/malaria/raw/cell_images/Uninfected/C37BP2_thinF_IMG_20150620_132847a_cell_7.png,smear,malaria,val
data/malaria/raw/cell_images/Parasitized/C132P93ThinF_IMG_20151004_152808_cell_10.png,smear,malaria,val
data/malaria/raw/cell_images/Uninfected/C59P20thinF_IMG_20150803_112858_cell_77.png,smear,malaria,val
data/malaria/raw/cell_images/Uninfected/C188P149ThinF_IMG_20151203_135433_cell_3.png,smear,malaria,val
data/malaria/raw/cell_images/Parasitized/C118P79ThinF_IMG_20151002_110212_cell_12.png,smear,malaria,val
data/malaria/raw/cell_images/Uninfected/C46P7ThinF_IMG_20151130_210743_cell_36.png,smear,malaria,val
data/malaria/raw/cell_images/Uninfected/C230ThinF_IMG_20151112_150730_cell_67.png,smear,malaria,val
data/malaria/raw/cell_images/Parasitized/C140P101ThinF_IMG_20151005_205406_cell_161.png,smear,malaria,val
data/malaria/raw/cell_images/Uninfected/C134P95ThinF_IMG_20151005_121834_cell_108.png,smear,malaria,val
data/malaria/raw/cell_images/Uninfected/C54P15thinF_IMG_20150728_112832_cell_171.png,smear,malaria,val
data/malaria/raw/cell_images/Parasitized/C180P141NThinF_IMG_20151201_165453_cell_5.png,smear,malaria,val
data/malaria/raw/cell_images/Parasitized/C82P43ThinF_IMG_20150817_124728_cell_17.png,smear,malaria,val
data/malaria/raw/cell_images/Parasitized/C179P140ThinF_IMG_20151127_153420_cell_174.png,smear,malaria,val
data/malaria/raw/cell_images/Parasitized/C99P60ThinF_IMG_20150918_140900_cell_123.png,smear,malaria,val
data/malaria/raw/cell_images/Parasitized/C116P77ThinF_IMG_20150930_171739_cell_89.png,smear,malaria,val
data/malaria/raw/cell_images/Parasitized/C137P98ThinF_IMG_20151005_162348_cell_2.png,smear,malaria,val
data/malaria/raw/cell_images/Parasitized/C59P20thinF_IMG_20150803_113430_cell_7.png,smear,malaria,val
data/malaria/raw/cell_images/Uninfected/C89P50ThinF_IMG_20150820_162504_cell_67.png,smear,malaria,val
data/malaria/raw/cell_images/Uninfected/C235ThinF_IMG_20151112_164625_cell_236.png,smear,malaria,val
data/malaria/raw/cell_images/Uninfected/C210ThinF_IMG_20151029_162605_cell_245.png,smear,malaria,val
data/malaria/raw/cell_images/Uninfected/C78P39ThinF_IMG_20150606_103459_cell_108.png,smear,malaria,val
data/malaria/raw/cell_images/Uninfected/C175P136NThinF_IMG_20151127_142009_cell_193.png,smear,malaria,val
data/malaria/raw/cell_images/Uninfected/C109P70ThinF_IMG_20150930_102716_cell_63.png,smear,malaria,val
data/malaria/raw/cell_images/Uninfected/C120P81ThinF_IMG_20151002_130715_cell_139.png,smear,malaria,val
data/malaria/raw/cell_images/Parasitized/C137P98ThinF_IMG_20151005_163335_cell_2.png,smear,malaria,val
data/malaria/raw/cell_images/Uninfected/C133P94ThinF_IMG_20151004_155331_cell_65.png,smear,malaria,val
data/malaria/raw/cell_images/Uninfected/C54P15thinF_IMG_20150728_105949_cell_126.png,smear,malaria,val
data/malaria/raw/cell_images/Parasitized/C176P137NThinF_IMG_20151201_121030_cell_12.png,smear,malaria,val
data/malaria/raw/cell_images/Parasitized/C174P135NThinF_IMG_20151127_135435_cell_200.png,smear,malaria,val
data/malaria/raw/cell_images/Parasitized/C175P136NThinF_IMG_20151127_141325_cell_228.png,smear,malaria,val
data/malaria/raw/cell_images/Parasitized/C76P37ThinF_IMG_20150815_165356_cell_181.png,smear,malaria,val
data/malaria/raw/cell_images/Parasitized/C84P45ThinF_IMG_20150818_103817_cell_17.png,smear,malaria,val
data/malaria/raw/cell_images/Parasitized/C59P20thinF_IMG_20150803_112858_cell_166.png,smear,malaria,val
data/malaria/raw/cell_images/Parasitized/C118P79ThinF_IMG_20151002_104831_cell_158.png,smear,malaria,val
data/malaria/raw/cell_images/Uninfected/C154P115ThinF_IMG_20151115_141621_cell_153.png,smear,malaria,val
data/malaria/raw/cell_images/Parasitized/C123P84ThinF_IMG_20151002_151143_cell_189.png,smear,malaria,val
data/malaria/raw/cell_images/Uninfected/C180P141NThinF_IMG_20151201_164714_cell_123.png,smear,malaria,val
data/malaria/raw/cell_images/Uninfected/C93P54ThinF_IMG_20150821_162901_cell_37.png,smear,malaria,val
data/malaria/raw/cell_images/Uninfected/C210ThinF_IMG_20151029_162605_cell_213.png,smear,malaria,val
data/malaria/raw/cell_images/Uninfected/C172P133ThinF_IMG_20151119_155019_cell_107.png,smear,malaria,val
data/malaria/raw/cell_images/Parasitized/C80P41ThinF_IMG_20150817_110957_cell_132.png,smear,malaria,val
data/malaria/raw/cell_images/Uninfected/C54P15thinF_IMG_20150728_112832_cell_22.png,smear,malaria,val
data/malaria/raw/cell_images/Parasitized/C180P141NThinF_IMG_20151201_163751_cell_157.png,smear,malaria,val
data/malaria/raw/cell_images/Parasitized/C119P80ThinF_IMG_20151002_122720_cell_166.png,smear,malaria,val
data/malaria/raw/cell_images/Parasitized/C68P29N_ThinF_IMG_20150819_134830_cell_4.png,smear,malaria,val
data/malaria/raw/cell_images/Parasitized/C184P145ThinF_IMG_20151203_102721_cell_18.png,smear,malaria,val
data/malaria/raw/cell_images/Parasitized/C129P90ThinF_IMG_20151004_133703_cell_107.png,smear,malaria,val
data/malaria/raw/cell_images/Parasitized/C99P60ThinF_IMG_20150918_141857_cell_51.png,smear,malaria,val
data/malaria/raw/cell_images/Uninfected/C97P58ThinF_IMG_20150917_151512_cell_7.png,smear,malaria,val
data/malaria/raw/cell_images/Parasitized/C116P77ThinF_IMG_20150930_171558_cell_106.png,smear,malaria,val
data/malaria/raw/cell_images/Uninfected/C113P74ThinF_IMG_20150930_134751_cell_51.png,smear,malaria,val
data/malaria/raw/cell_images/Parasitized/C189P150ThinF_IMG_20151203_141308_cell_71.png,smear,malaria,val
data/malaria/raw/cell_images/Uninfected/C57P18thinF_IMG_20150729_110134_cell_91.png,smear,malaria,val
data/malaria/raw/cell_images/Uninfected/C134P95ThinF_IMG_20151005_121425_cell_53.png,smear,malaria,val
data/malaria/raw/cell_images/Parasitized/C167P128ReThinF_IMG_20151201_105102_cell_247.png,smear,malaria,val
data/malaria/raw/cell_images/Uninfected/C186P147NThinF_IMG_20151203_150808_cell_39.png,smear,malaria,val
data/malaria/raw/cell_images/Parasitized/C76P37ThinF_IMG_20150815_171454_cell_255.png,smear,malaria,val
data/malaria/raw/cell_images/Uninfected/C77P38ThinF_IMG_20150601_155125_cell_1.png,smear,malaria,val
data/malaria/raw/cell_images/Uninfected/C149P110ThinF_IMG_20151115_114729_cell_179.png,smear,malaria,val
data/malaria/raw/cell_images/Uninfected/C163P124ThinF_IMG_20151116_111742_cell_248.png,smear,malaria,val
data/malaria/raw/cell_images/Uninfected/C172P133ThinF_IMG_20151119_154936_cell_83.png,smear,malaria,val
data/malaria/raw/cell_images/Uninfected/C87P48ThinF_IMG_20150820_132327_cell_102.png,smear,malaria,val
data/malaria/raw/cell_images/Uninfected/C170P131ThinF_IMG_20151119_120019_cell_154.png,smear,malaria,val
data/malaria/raw/cell_images/Uninfected/C218ThinF_IMG_20151106_144001_cell_107.png,smear,malaria,val
data/malaria/raw/cell_images/Uninfected/C188P149ThinF_IMG_20151203_135433_cell_53.png,smear,malaria,val
data/malaria/raw/cell_images/Uninfected/C104P65ThinF_IMG_20150918_172214_cell_134.png,smear,malaria,val
data/malaria/raw/cell_images/Uninfected/C87P48ThinF_IMG_20150820_141913_cell_172.png,smear,malaria,val
data/malaria/raw/cell_images/Parasitized/C84P45ThinF_IMG_20150818_104849_cell_24.png,smear,malaria,val
data/malaria/raw/cell_images/Parasitized/C59P20thinF_IMG_20150803_115303_cell_14.png,smear,malaria,val
data/malaria/raw/cell_images/Parasitized/C68P29N_ThinF_IMG_20150819_134625_cell_30.png,smear,malaria,val
data/malaria/raw/cell_images/Parasitized/C186P147NThinF_IMG_20151203_150557_cell_192.png,smear,malaria,val
data/malaria/raw/cell_images/Parasitized/C144P105ThinF_IMG_20151015_160908_cell_285.png,smear,malaria,val
data/malaria/raw/cell_images/Uninfected/C241NThinF_IMG_20151207_124208_cell_68.png,smear,malaria,val
data/malaria/raw/cell_images/Uninfected/C233ThinF_IMG_20151112_161024_cell_76.png,smear,malaria,val
data/malaria/raw/cell_images/Uninfected/C151P112ThinF_IMG_20151115_122342_cell_123.png,smear,malaria,val
data/malaria/raw/cell_images/Uninfected/C130P91ThinF_IMG_20151004_142709_cell_119.png,smear,malaria,val
data/malaria/raw/cell_images/Uninfected/C50P11thinF_IMG_20150724_115141_cell_1.png,smear,malaria,val
data/malaria/raw/cell_images/Parasitized/C99P60ThinF_IMG_20150918_140900_cell_115.png,smear,malaria,val
data/malaria/raw/cell_images/Parasitized/C180P141NThinF_IMG_20151201_165453_cell_54.png,smear,malaria,val
data/malaria/raw/cell_images/Parasitized/C136P97ThinF_IMG_20151005_140538_cell_97.png,smear,malaria,val
data/malaria/raw/cell_images/Parasitized/C159P120ThinF_IMG_20151115_191301_cell_229.png,smear,malaria,val
data/malaria/raw/cell_images/Parasitized/C147P108ThinF_IMG_20151115_101317_cell_193.png,smear,malaria,val
data/malaria/raw/cell_images/Parasitized/C182P143NThinF_IMG_20151201_172607_cell_31.png,smear,malaria,val
data/malaria/raw/cell_images/Parasitized/C162P123ThinF_IMG_20151116_104736_cell_181.png,smear,malaria,val
data/malaria/raw/cell_images/Parasitized/C184P145ThinF_IMG_20151203_104153_cell_156.png,smear,malaria,val
data/malaria/raw/cell_images/Uninfected/C234ThinF_IMG_20151112_163036_cell_281.png,smear,malaria,val
data/malaria/raw/cell_images/Uninfected/C65P26N_ThinF_IMG_20150818_154010_cell_87.png,smear,malaria,val
data/malaria/raw/cell_images/Uninfected/C115P76ThinF_IMG_20150930_162038_cell_121.png,smear,malaria,val
data/malaria/raw/cell_images/Parasitized/C102P63ThinF_IMG_20150918_162155_cell_132.png,smear,malaria,val
data/malaria/raw/cell_images/Parasitized/C39P4thinF_original_IMG_20150622_110435_cell_96.png,smear,malaria,val
data/malaria/raw/cell_images/Uninfected/C186P147NThinF_IMG_20151203_150408_cell_9.png,smear,malaria,val
data/malaria/raw/cell_images/Parasitized/C68P29N_ThinF_IMG_20150819_133350_cell_191.png,smear,malaria,val
data/malaria/raw/cell_images/Parasitized/C137P98ThinF_IMG_20151005_162010_cell_87.png,smear,malaria,val
data/malaria/raw/cell_images/Parasitized/C68P29N_ThinF_IMG_20150819_133350_cell_161.png,smear,malaria,val
data/malaria/raw/cell_images/Uninfected/C231ThinF_IMG_20151112_153041_cell_54.png,smear,malaria,val
data/malaria/raw/cell_images/Uninfected/C71P32_ThinF_IMG_20150813_163655_cell_140.png,smear,malaria,val
data/malaria/raw/cell_images/Parasitized/C137P98ThinF_IMG_20151005_155704_cell_69.png,smear,malaria,val
data/malaria/raw/cell_images/Uninfected/C108P69ThinF_IMG_20150924_225004_cell_46.png,smear,malaria,val
data/malaria/raw/cell_images/Parasitized/C68P29N_ThinF_IMG_20150819_133447_cell_147.png,smear,malaria,val
data/malaria/raw/cell_images/Uninfected/C205ThinF_IMG_20151106_151800_cell_152.png,smear,malaria,val
data/malaria/raw/cell_images/Uninfected/C177P138NThinF_IMG_20151201_143704_cell_14.png,smear,malaria,val
data/malaria/raw/cell_images/Parasitized/C39P4thinF_original_IMG_20150622_110435_cell_104.png,smear,malaria,val
data/malaria/raw/cell_images/Uninfected/C88P49ThinF_IMG_20150820_150724_cell_190.png,smear,malaria,val
data/malaria/raw/cell_images/Parasitized/C76P37ThinF_IMG_20150815_171214_cell_202.png,smear,malaria,val
data/malaria/raw/cell_images/Parasitized/C182P143NThinF_IMG_20151201_172759_cell_39.png,smear,malaria,val
data/malaria/raw/cell_images/Parasitized/C68P29N_ThinF_IMG_20150819_134712_cell_2.png,smear,malaria,val
data/malaria/raw/cell_images/Uninfected/C174P135NThinF_IMG_20151127_135342_cell_209.png,smear,malaria,val
data/malaria/raw/cell_images/Parasitized/C91P52ThinF_IMG_20150821_125154_cell_216.png,smear,malaria,val
data/malaria/raw/cell_images/Parasitized/C136P97ThinF_IMG_20151005_141803_cell_129.png,smear,malaria,val
data/malaria/raw/cell_images/Uninfected/C106P67ThinF_IMG_20150924_104044_cell_159.png,smear,malaria,val
data/malaria/raw/cell_images/Uninfected/C81P42ThinF_IMG_20150817_120351_cell_1.png,smear,malaria,val
data/malaria/raw/cell_images/Parasitized/C137P98ThinF_IMG_20151005_160256_cell_67.png,smear,malaria,val
data/malaria/raw/cell_images/Uninfected/C187P148NThinF_IMG_20151203_152841_cell_139.png,smear,malaria,val
data/malaria/raw/cell_images/Uninfected/C82P43ThinF_IMG_20150817_123824_cell_167.png,smear,malaria,val
data/malaria/raw/cell_images/Parasitized/C67P28N_ThinF_IMG_20150819_125901_cell_242.png,smear,malaria,val
data/malaria/raw/cell_images/Parasitized/C48P9thinF_IMG_20150721_160406_cell_209.png,smear,malaria,val
data/malaria/raw/cell_images/Parasitized/C70P31_ThinF_IMG_20150819_141730_cell_106.png,smear,malaria,val
data/malaria/raw/cell_images/Uninfected/C179P140ThinF_IMG_20151127_153436_cell_108.png,smear,malaria,val
data/malaria/raw/cell_images/Uninfected/C57P18thinF_IMG_20150729_111518_cell_190.png,smear,malaria,val
data/malaria/raw/cell_images/Parasitized/C68P29N_ThinF_IMG_20150819_134830_cell_6.png,smear,malaria,val
data/malaria/raw/cell_images/Uninfected/C12NThinF_IMG_20150614_124212_cell_111.png,smear,malaria,val
data/malaria/raw/cell_images/Parasitized/C189P150ThinF_IMG_20151203_141406_cell_94.png,smear,malaria,val
data/malaria/raw/cell_images/Uninfected/C53P14thinF_IMG_20150726_114404_cell_42.png,smear,malaria,val
data/malaria/raw/cell_images/Parasitized/C101P62ThinF_IMG_20150923_170246_cell_69.png,smear,malaria,val
data/malaria/raw/cell_images/Parasitized/C91P52ThinF_IMG_20150821_124937_cell_191.png,smear,malaria,val
data/malaria/raw/cell_images/Uninfected/C226ThinF_IMG_20151112_131622_cell_154.png,smear,malaria,val
data/malaria/raw/cell_images/Parasitized/C182P143NThinF_IMG_20151201_172216_cell_150.png,smear,malaria,val
data/malaria/raw/cell_images/Parasitized/C91P52ThinF_IMG_20150821_124739_cell_183.png,smear,malaria,val
data/malaria/raw/cell_images/Parasitized/C154P115ThinF_IMG_20151115_141336_cell_229.png,smear,malaria,val
data/malaria/raw/cell_images/Uninfected/C173P134NThinF_IMG_20151130_125408_cell_185.png,smear,malaria,val
data/malaria/raw/cell_images/Parasitized/C114P75ThinF_IMG_20150930_150145_cell_160.png,smear,malaria,val
data/malaria/raw/cell_images/Parasitized/C166P127ThinF_IMG_20151117_194932_cell_227.png,smear,malaria,val
data/malaria/raw/cell_images/Uninfected/C103P64ThinF_IMG_20150918_165510_cell_163.png,smear,malaria,val
data/malaria/raw/cell_images/Uninfected/C77P38ThinF_IMG_20150602_143524_cell_49.png,smear,malaria,val
data/malaria/raw/cell_images/Parasitized/C39P4thinF_original_IMG_20150622_111942_cell_11.png,smear,malaria,val
data/malaria/raw/cell_images/Uninfected/C176P137NThinF_IMG_20151201_121808_cell_35.png,smear,malaria,val
data/malaria/raw/cell_images/Parasitized/C182P143NThinF_IMG_20151201_171905_cell_171.png,smear,malaria,val
data/malaria/raw/cell_images/Parasitized/C99P60ThinF_IMG_20150918_140900_cell_103.png,smear,malaria,val
data/malaria/raw/cell_images/Parasitized/C133P94ThinF_IMG_20151004_155518_cell_123.png,smear,malaria,val
data/malaria/raw/cell_images/Parasitized/C132P93ThinF_IMG_20151004_152353_cell_182.png,smear,malaria,val
data/malaria/raw/cell_images/Uninfected/C121P82ThinF_IMG_20151002_135237_cell_102.png,smear,malaria,val
data/malaria/raw/cell_images/Uninfected/C157P118ThinF_IMG_20151115_164141_cell_126.png,smear,malaria,val
data/malaria/raw/cell_images/Uninfected/C134P95ThinF_IMG_20151005_122552_cell_15.png,smear,malaria,val
data/malaria/raw/cell_images/Uninfected/C95P56ThinF_IMG_20150821_172222_cell_78.png,smear,malaria,val
data/malaria/raw/cell_images/Parasitized/C182P143NThinF_IMG_20151201_171950_cell_164.png,smear,malaria,val
data/malaria/raw/cell_images/Uninfected/C116P77ThinF_IMG_20150930_171558_cell_80.png,smear,malaria,val
data/malaria/raw/cell_images/Parasitized/C59P20thinF_IMG_20150803_111333_cell_151.png,smear,malaria,val
data/malaria/raw/cell_images/Uninfected/C127P88ThinF_IMG_20151004_111755_cell_28.png,smear,malaria,val
data/malaria/raw/cell_images/Parasitized/C67P28N_ThinF_IMG_20150819_115955_cell_170.png,smear,malaria,val
data/malaria/raw/cell_images/Parasitized/C182P143NThinF_IMG_20151201_172257_cell_154.png,smear,malaria,val
data/malaria/raw/cell_images/Uninfected/C102P63ThinF_IMG_20150918_161826_cell_19.png,smear,malaria,val
data/malaria/raw/cell_images/Uninfected/C46P7ThinF_IMG_20151130_210309_cell_18.png,smear,malaria,val
data/malaria/raw/cell_images/Uninfected/C56P17thinF_IMG_20150728_153328_cell_90.png,smear,malaria,val
data/malaria/raw/cell_images/Uninfected/C88P49ThinF_IMG_20150820_150724_cell_129.png,smear,malaria,val
data/malaria/raw/cell_images/Uninfected/C239ThinF_IMG_20151127_113150_cell_128.png,smear,malaria,val
data/malaria/raw/cell_images/Parasitized/C182P143NThinF_IMG_20151201_172257_cell_197.png,smear,malaria,val
data/malaria/raw/cell_images/Parasitized/C182P143NThinF_IMG_20151201_171836_cell_182.png,smear,malaria,val
data/malaria/raw/cell_images/Uninfected/C60P21thinF_IMG_20150804_105955_cell_4.png,smear,malaria,val
data/malaria/raw/cell_images/Uninfected/C53P14thinF_IMG_20150726_120600_cell_68.png,smear,malaria,val
data/malaria/raw/cell_images/Parasitized/C84P45ThinF_IMG_20150818_102507_cell_98.png,smear,malaria,val
data/malaria/raw/cell_images/Parasitized/C37BP2_thinF_IMG_20150620_133111a_cell_86.png,smear,malaria,val
data/malaria/raw/cell_images/Uninfected/C232ThinF_IMG_20151112_154211_cell_74.png,smear,malaria,val
data/malaria/raw/cell_images/Parasitized/C158P119ThinF_IMG_20151115_183157_cell_176.png,smear,malaria,val
data/malaria/raw/cell_images/Parasitized/C113P74ThinF_IMG_20150930_134429_cell_176.png,smear,malaria,val
data/malaria/raw/cell_images/Parasitized/C181P142ThinF_IMG_20151127_160514_cell_171.png,smear,malaria,val
data/malaria/raw/cell_images/Uninfected/C55P16thinF_IMG_20150728_123510_cell_64.png,smear,malaria,val
data/malaria/raw/cell_images/Uninfected/C229ThinF_IMG_20151112_144222_cell_61.png,smear,malaria,val
data/malaria/raw/cell_images/Uninfected/C235ThinF_IMG_20151112_164625_cell_124.png,smear,malaria,val
data/malaria/raw/cell_images/Uninfected/C13NThinF_IMG_20150614_131529_cell_224.png,smear,malaria,val
data/malaria/raw/cell_images/Parasitized/C116P77ThinF_IMG_20150930_171635_cell_102.png,smear,malaria,val
data/malaria/raw/cell_images/Parasitized/C95P56ThinF_IMG_20150821_171701_cell_97.png,smear,malaria,val
data/malaria/raw/cell_images/Parasitized/C180P141NThinF_IMG_20151201_164714_cell_192.png,smear,malaria,val
data/malaria/raw/cell_images/Parasitized/C84P45ThinF_IMG_20150818_104156_cell_118.png,smear,malaria,val
data/malaria/raw/cell_images/Parasitized/C176P137NThinF_IMG_20151201_121808_cell_124.png,smear,malaria,val
data/malaria/raw/cell_images/Uninfected/C123P84ThinF_IMG_20151002_151851_cell_88.png,smear,malaria,val
data/malaria/raw/cell_images/Uninfected/C38P3thinF_original_IMG_20150621_112227_cell_100.png,smear,malaria,val
data/malaria/raw/cell_images/Uninfected/C151P112ThinF_IMG_20151115_121843_cell_203.png,smear,malaria,val
data/malaria/raw/cell_images/Uninfected/C112P73ThinF_IMG_20150930_131605_cell_143.png,smear,malaria,val
data/malaria/raw/cell_images/Uninfected/C184P145ThinF_IMG_20151203_103824_cell_49.png,smear,malaria,val
data/malaria/raw/cell_images/Parasitized/C93P54ThinF_IMG_20150821_162901_cell_204.png,smear,malaria,val
data/malaria/raw/cell_images/Uninfected/C119P80ThinF_IMG_20151002_123043_cell_67.png,smear,malaria,val
data/malaria/raw/cell_images/Parasitized/C70P31_ThinF_IMG_20150819_142744_cell_101.png,smear,malaria,val
data/malaria/raw/cell_images/Uninfected/C240ThinF_IMG_20151127_115328_cell_15.png,smear,malaria,val
data/malaria/raw/cell_images/Uninfected/C221ThinF_IMG_20151106_160304_cell_202.png,smear,malaria,val
data/malaria/raw/cell_images/Uninfected/C58P19thinF_IMG_20150802_123134_cell_172.png,smear,malaria,val
data/malaria/raw/cell_images/Parasitized/C136P97ThinF_IMG_20151005_140538_cell_103.png,smear,malaria,val
data/malaria/raw/cell_images/Uninfected/C112P73ThinF_IMG_20150930_131516_cell_1.png,smear,malaria,val
data/malaria/raw/cell_images/Uninfected/C45P6ThinF_IMG_20151130_155110_cell_136.png,smear,malaria,val
data/malaria/raw/cell_images/Uninfected/C97P58ThinF_IMG_20150917_151437_cell_29.png,smear,malaria,val
data/malaria/raw/cell_images/Parasitized/C48P9thinF_IMG_20150721_164031_cell_3.png,smear,malaria,val
data/malaria/raw/cell_images/Uninfected/C86P47ThinF_IMG_20150820_124259_cell_126.png,smear,malaria,val
data/malaria/raw/cell_images/Parasitized/C68P29N_ThinF_IMG_20150819_133447_cell_157.png,smear,malaria,val
data/malaria/raw/cell_images/Parasitized/C180P141NThinF_IMG_20151201_170021_cell_26.png,smear,malaria,val
data/malaria/raw/cell_images/Uninfected/C118P79ThinF_IMG_20151002_104831_cell_63.png,smear,malaria,val
data/malaria/raw/cell_images/Uninfected/C166P127ThinF_IMG_20151117_193931_cell_34.png,smear,malaria,val
data/malaria/raw/cell_images/Uninfected/C131P92ThinF_IMG_20151004_151126_cell_9.png,smear,malaria,val
data/malaria/raw/cell_images/Parasitized/C184P145ThinF_IMG_20151203_103824_cell_152.png,smear,malaria,val
data/malaria/raw/cell_images/Uninfected/C5NThinF_IMG_20150609_122227_cell_162.png,smear,malaria,val
data/malaria/raw/cell_images/Parasitized/C76P37ThinF_IMG_20150815_172808_cell_218.png,smear,malaria,val
data/malaria/raw/cell_images/Parasitized/C182P143NThinF_IMG_20151201_171905_cell_162.png,smear,malaria,val
data/malaria/raw/cell_images/Parasitized/C148P109ThinF_IMG_20151115_112855_cell_259.png,smear,malaria,val
data/malaria/raw/cell_images/Parasitized/C175P136NThinF_IMG_20151127_141325_cell_229.png,smear,malaria,val
data/malaria/raw/cell_images/Uninfected/C175P136NThinF_IMG_20151127_142009_cell_116.png,smear,malaria,val
data/malaria/raw/cell_images/Uninfected/C182P143NThinF_IMG_20151201_171905_cell_44.png,smear,malaria,val
data/malaria/raw/cell_images/Uninfected/C154P115ThinF_IMG_20151115_141621_cell_99.png,smear,malaria,val
data/malaria/raw/cell_images/Uninfected/C130P91ThinF_IMG_20151004_141341_cell_90.png,smear,malaria,val
data/malaria/raw/cell_images/Uninfected/C62P23N_ThinF_IMG_20150818_133527_cell_74.png,smear,malaria,val
data/malaria/raw/cell_images/Uninfected/C6NThinF_IMG_20150609_122547_cell_114.png,smear,malaria,val
data/malaria/raw/cell_images/Parasitized/C91P52ThinF_IMG_20150821_124937_cell_204.png,smear,malaria,val
data/malaria/raw/cell_images/Parasitized/C132P93ThinF_IMG_20151004_151811_cell_127.png,smear,malaria,val
data/malaria/raw/cell_images/Uninfected/C215ThinF_IMG_20151106_133043_cell_94.png,smear,malaria,val
data/malaria/raw/cell_images/Uninfected/C181P142ThinF_IMG_20151127_160539_cell_89.png,smear,malaria,val
data/malaria/raw/cell_images/Parasitized/C116P77ThinF_IMG_20150930_172112_cell_80.png,smear,malaria,val
data/malaria/raw/cell_images/Parasitized/C174P135NThinF_IMG_20151127_135311_cell_203.png,smear,malaria,val
data/malaria/raw/cell_images/Parasitized/C70P31_ThinF_IMG_20150819_142744_cell_90.png,smear,malaria,val
data/malaria/raw/cell_images/Uninfected/C60P21thinF_IMG_20150804_105955_cell_13.png,smear,malaria,val
data/malaria/raw/cell_images/Parasitized/C133P94ThinF_IMG_20151004_154512_cell_125.png,smear,malaria,val
data/malaria/raw/cell_images/Uninfected/C143P104ThinF_IMG_20151005_225454_cell_154.png,smear,malaria,val
data/malaria/raw/cell_images/Uninfected/C210ThinF_IMG_20151029_162605_cell_55.png,smear,malaria,val
data/malaria/raw/cell_images/Uninfected/C161P122ThinF_IMG_20151116_100959_cell_38.png,smear,malaria,val
data/malaria/raw/cell_images/Uninfected/C48P9thinF_IMG_20150721_161055_cell_91.png,smear,malaria,val
data/malaria/raw/cell_images/Uninfected/C63P24N_ThinF_IMG_20150818_143757_cell_169.png,smear,malaria,val
data/malaria/raw/cell_images/Parasitized/C133P94ThinF_IMG_20151004_154351_cell_113.png,smear,malaria,val
data/malaria/raw/cell_images/Uninfected/C204ThinF_IMG_20151029_112502_cell_226.png,smear,malaria,val
data/malaria/raw/cell_images/Uninfected/C7NthinF_IMG_20150611_104609_cell_81.png,smear,malaria,val
data/malaria/raw/cell_images/Uninfected/C79P40ThinF_IMG_20150817_102823_cell_144.png,smear,malaria,val
data/malaria/raw/cell_images/Uninfected/C112P73ThinF_IMG_20150930_131659_cell_94.png,smear,malaria,val
data/malaria/raw/cell_images/Parasitized/C159P120ThinF_IMG_20151115_190642_cell_196.png,smear,malaria,val
data/malaria/raw/cell_images/Uninfected/C228ThinF_IMG_20151112_142216_cell_179.png,smear,malaria,val
data/malaria/raw/cell_images/Uninfected/C203ThinF_IMG_20151029_110105_cell_136.png,smear,malaria,val
data/malaria/raw/cell_images/Parasitized/C186P147NThinF_IMG_20151203_150322_cell_172.png,smear,malaria,val
data/malaria/raw/cell_images/Parasitized/C68P29N_ThinF_IMG_20150819_133350_cell_189.png,smear,malaria,val
data/malaria/raw/cell_images/Uninfected/C184P145ThinF_IMG_20151203_103637_cell_135.png,smear,malaria,val
data/malaria/raw/cell_images/Parasitized/C68P29N_ThinF_IMG_20150819_134326_cell_123.png,smear,malaria,val
data/malaria/raw/cell_images/Uninfected/C202ThinF_IMG_20151015_152701_cell_114.png,smear,malaria,val
data/malaria/raw/cell_images/Uninfected/C203ThinF_IMG_20151029_105443_cell_58.png,smear,malaria,val
data/malaria/raw/cell_images/Parasitized/C48P9thinF_IMG_20150721_161243_cell_157.png,smear,malaria,val
data/malaria/raw/cell_images/Parasitized/C118P79ThinF_IMG_20151002_110002_cell_10.png,smear,malaria,val
data/malaria/raw/cell_images/Parasitized/C132P93ThinF_IMG_20151004_152505_cell_137.png,smear,malaria,val
data/malaria/raw/cell_images/Parasitized/C91P52ThinF_IMG_20150821_125154_cell_194.png,smear,malaria,val
data/malaria/raw/cell_images/Parasitized/C179P140ThinF_IMG_20151127_153350_cell_178.png,smear,malaria,val
data/malaria/raw/cell_images/Uninfected/C107P68ThinF_IMG_20150924_222535_cell_53.png,smear,malaria,val
data/malaria/raw/cell_images/Parasitized/C46P7ThinF_IMG_20151130_205828_cell_144.png,smear,malaria,val
data/malaria/raw/cell_images/Uninfected/C78P39ThinF_IMG_20150606_103630_cell_121.png,smear,malaria,val
data/malaria/raw/cell_images/Uninfected/C5NThinF_IMG_20150609_122006_cell_125.png,smear,malaria,val
data/malaria/raw/cell_images/Parasitized/C68P29N_ThinF_IMG_20150819_133236_cell_144.png,smear,malaria,val
data/malaria/raw/cell_images/Uninfected/C90P51ThinF_IMG_20150821_120044_cell_85.png,smear,malaria,val
data/malaria/raw/cell_images/Uninfected/C201ThinF_IMG_20150930_143129_cell_47.png,smear,malaria,val
data/malaria/raw/cell_images/Parasitized/C183P144NThinF_IMG_20151201_224458_cell_124.png,smear,malaria,val
data/malaria/raw/cell_images/Parasitized/C39P4thinF_original_IMG_20150622_113126_cell_7.png,smear,malaria,val
data/malaria/raw/cell_images/Uninfected/C235ThinF_IMG_20151112_164834_cell_130.png,smear,malaria,val
data/malaria/raw/cell_images/Uninfected/C147P108ThinF_IMG_20151115_095606_cell_2.png,smear,malaria,val
data/malaria/raw/cell_images/Uninfected/C241NThinF_IMG_20151207_124240_cell_9.png,smear,malaria,val
data/malaria/raw/cell_images/Uninfected/C134P95ThinF_IMG_20151005_121048_cell_109.png,smear,malaria,val
data/malaria/raw/cell_images/Parasitized/C137P98ThinF_IMG_20151005_163251_cell_74.png,smear,malaria,val
data/malaria/raw/cell_images/Uninfected/C211ThinF_IMG_20151029_164033_cell_91.png,smear,malaria,val
data/malaria/raw/cell_images/Uninfected/C84P45ThinF_IMG_20150818_101257_cell_4.png,smear,malaria,val
data/malaria/raw/cell_images/Parasitized/C68P29N_ThinF_IMG_20150819_134625_cell_60.png,smear,malaria,val
data/malaria/raw/cell_images/Uninfected/C108P69ThinF_IMG_20150924_225511_cell_74.png,smear,malaria,val
data/malaria/raw/cell_images/Parasitized/C116P77ThinF_IMG_20150930_172112_cell_109.png,smear,malaria,val
data/malaria/raw/cell_images/Uninfected/C163P124ThinF_IMG_20151116_111147_cell_102.png,smear,malaria,val
data/malaria/raw/cell_images/Uninfected/C80P41ThinF_IMG_20150817_110957_cell_87.png,smear,malaria,val
data/malaria/raw/cell_images/Uninfected/C229ThinF_IMG_20151112_144652_cell_83.png,smear,malaria,val
data/malaria/raw/cell_images/Parasitized/C180P141NThinF_IMG_20151201_165453_cell_47.png,smear,malaria,val
data/malaria/raw/cell_images/Parasitized/C59P20thinF_IMG_20150803_112858_cell_184.png,smear,malaria,val
data/malaria/raw/cell_images/Parasitized/C118P79ThinF_IMG_20151002_105125_cell_152.png,smear,malaria,val
data/malaria/raw/cell_images/Parasitized/C39P4thinF_original_IMG_20150622_110352_cell_96.png,smear,malaria,val
data/malaria/raw/cell_images/Uninfected/C164P125ThinF_IMG_20151116_113550_cell_133.png,smear,malaria,val
data/malaria/raw/cell_images/Uninfected/C169P130ThinF_IMG_20151119_143039_cell_165.png,smear,malaria,val
data/malaria/raw/cell_images/Uninfected/C3thin_original_IMG_20150608_163002_cell_144.png,smear,malaria,val
data/malaria/raw/cell_images/Uninfected/C63P24N_ThinF_IMG_20150818_144456_cell_88.png,smear,malaria,val
data/malaria/raw/cell_images/Parasitized/C144P105ThinF_IMG_20151015_160529_cell_272.png,smear,malaria,val
data/malaria/raw/cell_images/Parasitized/C184P145ThinF_IMG_20151203_104334_cell_1.png,smear,malaria,val
data/malaria/raw/cell_images/Uninfected/C38P3thinF_original_IMG_20150621_112116_cell_60.png,smear,malaria,val
data/malaria/raw/cell_images/Uninfected/C115P76ThinF_IMG_20150930_161825_cell_51.png,smear,malaria,val
data/malaria/raw/cell_images/Parasitized/C101P62ThinF_IMG_20150918_151335_cell_72.png,smear,malaria,val
data/malaria/raw/cell_images/Parasitized/C90P51ThinF_IMG_20150821_115056_cell_259.png,smear,malaria,val
data/malaria/raw/cell_images/Uninfected/C155P116ThinF_IMG_20151115_142526_cell_149.png,smear,malaria,val
data/malaria/raw/cell_images/Parasitized/C186P147NThinF_IMG_20151203_150408_cell_172.png,smear,malaria,val
data/malaria/raw/cell_images/Parasitized/C182P143NThinF_IMG_20151201_172759_cell_37.png,smear,malaria,val
data/malaria/raw/cell_images/Uninfected/C186P147NThinF_IMG_20151203_150808_cell_47.png,smear,malaria,val
data/malaria/raw/cell_images/Parasitized/C89P50ThinF_IMG_20150820_162153_cell_191.png,smear,malaria,val
data/malaria/raw/cell_images/Uninfected/C206ThinF_IMG_20151029_140538_cell_106.png,smear,malaria,val
data/malaria/raw/cell_images/Uninfected/C224ThinF_IMG_20151112_112334_cell_200.png,smear,malaria,val
data/malaria/raw/cell_images/Uninfected/C158P119ThinF_IMG_20151115_181558_cell_193.png,smear,malaria,val
data/malaria/raw/cell_images/Parasitized/C59P20thinF_IMG_20150803_113051_cell_164.png,smear,malaria,val
data/malaria/raw/cell_images/Uninfected/C150P111ThinF_IMG_20151115_115922_cell_128.png,smear,malaria,val
data/malaria/raw/cell_images/Uninfected/C229ThinF_IMG_20151112_144534_cell_126.png,smear,malaria,val
data/malaria/raw/cell_images/Uninfected/C103P64ThinF_IMG_20150918_165016_cell_92.png,smear,malaria,val
data/malaria/raw/cell_images/Parasitized/C153P114ThinF_IMG_20151115_135832_cell_287.png,smear,malaria,val
data/malaria/raw/cell_images/Uninfected/C130P91ThinF_IMG_20151004_135449_cell_100.png,smear,malaria,val
data/malaria/raw/cell_images/Uninfected/C104P65ThinF_IMG_20150918_172537_cell_133.png,smear,malaria,val
data/malaria/raw/cell_images/Uninfected/C98P59ThinF_IMG_20150917_153938_cell_100.png,smear,malaria,val
data/malaria/raw/cell_images/Uninfected/C169P130ThinF_IMG_20151118_173039_cell_208.png,smear,malaria,val
data/malaria/raw/cell_images/Parasitized/C54P15thinF_IMG_20150728_105949_cell_242.png,smear,malaria,val
data/malaria/raw/cell_images/Uninfected/C124P85ThinF_IMG_20151002_154846_cell_58.png,smear,malaria,val
data/malaria/raw/cell_images/Uninfected/C163P124ThinF_IMG_20151116_111147_cell_1.png,smear,malaria,val
data/malaria/raw/cell_images/Uninfected/C155P116ThinF_IMG_20151115_143125_cell_13.png,smear,malaria,val
data/malaria/raw/cell_images/Parasitized/C183P144NThinF_IMG_20151201_222119_cell_142.png,smear,malaria,val
data/malaria/raw/cell_images/Parasitized/C186P147NThinF_IMG_20151203_150808_cell_131.png,smear,malaria,val
data/malaria/raw/cell_images/Parasitized/C91P52ThinF_IMG_20150821_123116_cell_200.png,smear,malaria,val
data/malaria/raw/cell_images/Parasitized/C159P120ThinF_IMG_20151115_185541_cell_181.png,smear,malaria,val
data/malaria/raw/cell_images/Uninfected/C72P33_ThinF_IMG_20150815_104045_cell_62.png,smear,malaria,val
data/malaria/raw/cell_images/Parasitized/C59P20thinF_IMG_20150803_111244_cell_175.png,smear,malaria,val
data/malaria/raw/cell_images/Uninfected/C152P113ThinF_IMG_20151115_124323_cell_20.png,smear,malaria,val
data/malaria/raw/cell_images/Uninfected/C52P13thinF_IMG_20150725_124606_cell_100.png,smear,malaria,val
data/malaria/raw/cell_images/Parasitized/C174P135NThinF_IMG_20151127_135640_cell_193.png,smear,malaria,val
data/malaria/raw/cell_images/Uninfected/C138P99ThinF_IMG_20151005_172849_cell_98.png,smear,malaria,val
data/malaria/raw/cell_images/Parasitized/C177P138NThinF_IMG_20151201_142514_cell_159.png,smear,malaria,val
data/malaria/raw/cell_images/Uninfected/C136P97ThinF_IMG_20151005_142437_cell_7.png,smear,malaria,val
data/malaria/raw/cell_images/Parasitized/C63P24N_ThinF_IMG_20150818_143757_cell_183.png,smear,malaria,val
data/malaria/raw/cell_images/Uninfected/C220ThinF_IMG_20151106_154533_cell_53.png,smear,malaria,val
data/malaria/raw/cell_images/Parasitized/C84P45ThinF_IMG_20150818_103817_cell_4.png,smear,malaria,val
data/malaria/raw/cell_images/Parasitized/C116P77ThinF_IMG_20150930_172112_cell_75.png,smear,malaria,val
data/malaria/raw/cell_images/Uninfected/C167P128ReThinF_IMG_20151201_105559_cell_218.png,smear,malaria,val
data/malaria/raw/cell_images/Uninfected/C177P138NThinF_IMG_20151201_142942_cell_51.png,smear,malaria,val
data/malaria/raw/cell_images/Uninfected/C124P85ThinF_IMG_20151002_154846_cell_2.png,smear,malaria,val
data/malaria/raw/cell_images/Parasitized/C184P145ThinF_IMG_20151203_103114_cell_184.png,smear,malaria,val
data/malaria/raw/cell_images/Parasitized/C182P143NThinF_IMG_20151201_172759_cell_15.png,smear,malaria,val
data/malaria/raw/cell_images/Parasitized/C118P79ThinF_IMG_20151002_105346_cell_162.png,smear,malaria,val
data/malaria/raw/cell_images/Uninfected/C209ThinF_IMG_20151029_160721_cell_192.png,smear,malaria,val
data/malaria/raw/cell_images/Uninfected/C187P148NThinF_IMG_20151203_154200_cell_40.png,smear,malaria,val
data/malaria/raw/cell_images/Uninfected/C100P61ThinF_IMG_20150918_145609_cell_113.png,smear,malaria,val
data/malaria/raw/cell_images/Parasitized/C91P52ThinF_IMG_20150821_124937_cell_190.png,smear,malaria,test
data/malaria/raw/cell_images/Parasitized/C99P60ThinF_IMG_20150918_140900_cell_108.png,smear,malaria,test
data/malaria/raw/cell_images/Uninfected/C62P23N_ThinF_IMG_20150818_132918_cell_1.png,smear,malaria,test
data/malaria/raw/cell_images/Uninfected/C42P5thin_original_IMG_20150623_134751_cell_200.png,smear,malaria,test
data/malaria/raw/cell_images/Parasitized/C48P9thinF_IMG_20150721_161243_cell_168.png,smear,malaria,test
data/malaria/raw/cell_images/Parasitized/C136P97ThinF_IMG_20151005_144727_cell_108.png,smear,malaria,test
data/malaria/raw/cell_images/Uninfected/C58P19thinF_IMG_20150802_123134_cell_44.png,smear,malaria,test
data/malaria/raw/cell_images/Uninfected/C217ThinF_IMG_20151106_142147_cell_68.png,smear,malaria,test
data/malaria/raw/cell_images/Parasitized/C136P97ThinF_IMG_20151005_141946_cell_120.png,smear,malaria,test
data/malaria/raw/cell_images/Parasitized/C118P79ThinF_IMG_20151002_110609_cell_16.png,smear,malaria,test
data/malaria/raw/cell_images/Uninfected/C157P118ThinF_IMG_20151115_164141_cell_128.png,smear,malaria,test
data/malaria/raw/cell_images/Parasitized/C70P31_ThinF_IMG_20150813_131330_cell_100.png,smear,malaria,test
data/malaria/raw/cell_images/Uninfected/C148P109ThinF_IMG_20151115_112538_cell_206.png,smear,malaria,test
data/malaria/raw/cell_images/Parasitized/C184P145ThinF_IMG_20151203_104030_cell_27.png,smear,malaria,test
data/malaria/raw/cell_images/Uninfected/C46P7ThinF_IMG_20151130_205828_cell_96.png,smear,malaria,test
data/malaria/raw/cell_images/Uninfected/C94P55ThinF_IMG_20150821_170249_cell_162.png,smear,malaria,test
data/malaria/raw/cell_images/Uninfected/C227ThinF_IMG_20151112_135509_cell_173.png,smear,malaria,test
data/malaria/raw/cell_images/Uninfected/C204ThinF_IMG_20151029_112231_cell_60.png,smear,malaria,test
data/malaria/raw/cell_images/Parasitized/C182P143NThinF_IMG_20151201_172216_cell_192.png,smear,malaria,test
data/malaria/raw/cell_images/Uninfected/C184P145ThinF_IMG_20151203_103824_cell_41.png,smear,malaria,test
data/malaria/raw/cell_images/Uninfected/C69P30N_ThinF_IMG_20150819_135613_cell_223.png,smear,malaria,test
data/malaria/raw/cell_images/Uninfected/C104P65ThinF_IMG_20150918_172639_cell_167.png,smear,malaria,test
data/malaria/raw/cell_images/Uninfected/C118P79ThinF_IMG_20151002_105346_cell_27.png,smear,malaria,test
data/malaria/raw/cell_images/Uninfected/C119P80ThinF_IMG_20151002_123911_cell_74.png,smear,malaria,test
data/malaria/raw/cell_images/Parasitized/C112P73ThinF_IMG_20150930_131516_cell_177.png,smear,malaria,test
data/malaria/raw/cell_images/Uninfected/C213ThinF_IMG_20151106_112422_cell_37.png,smear,malaria,test
data/malaria/raw/cell_images/Uninfected/C146P107ThinF_IMG_20151018_140439_cell_232.png,smear,malaria,test
data/malaria/raw/cell_images/Uninfected/C4thin_original_IMG_20150608_170016_cell_77.png,smear,malaria,test
data/malaria/raw/cell_images/Uninfected/C111P72ThinF_IMG_20150930_112827_cell_164.png,smear,malaria,test
data/malaria/raw/cell_images/Uninfected/C170P131ThinF_IMG_20151119_120233_cell_144.png,smear,malaria,test
data/malaria/raw/cell_images/Uninfected/C81P42ThinF_IMG_20150817_120856_cell_78.png,smear,malaria,test
data/malaria/raw/cell_images/Parasitized/C89P50ThinF_IMG_20150820_163728_cell_191.png,smear,malaria,test
data/malaria/raw/cell_images/Parasitized/C132P93ThinF_IMG_20151004_152353_cell_163.png,smear,malaria,test
data/malaria/raw/cell_images/Parasitized/C59P20thinF_IMG_20150803_112733_cell_196.png,smear,malaria,test
data/malaria/raw/cell_images/Uninfected/C60P21thinF_IMG_20150804_104919_cell_32.png,smear,malaria,test
data/malaria/raw/cell_images/Parasitized/C116P77ThinF_IMG_20150930_171635_cell_103.png,smear,malaria,test
data/malaria/raw/cell_images/Parasitized/C59P20thinF_IMG_20150803_112858_cell_191.png,smear,malaria,test
data/malaria/raw/cell_images/Parasitized/C59P20thinF_IMG_20150803_112733_cell_201.png,smear,malaria,test
data/malaria/raw/cell_images/Parasitized/C142P103ThinF_IMG_20151005_221115_cell_193.png,smear,malaria,test
data/malaria/raw/cell_images/Uninfected/C77P38ThinF_IMG_20150602_143524_cell_42.png,smear,malaria,test
data/malaria/raw/cell_images/Uninfected/C205ThinF_IMG_20151106_151514_cell_226.png,smear,malaria,test
data/malaria/raw/cell_images/Parasitized/C80P41ThinF_IMG_20150817_110834_cell_144.png,smear,malaria,test
data/malaria/raw/cell_images/Uninfected/C54P15thinF_IMG_20150728_112938_cell_63.png,smear,malaria,test
data/malaria/raw/cell_images/Parasitized/C176P137NThinF_IMG_20151201_122444_cell_117.png,smear,malaria,test
data/malaria/raw/cell_images/Uninfected/C166P127ThinF_IMG_20151117_194932_cell_48.png,smear,malaria,test
data/malaria/raw/cell_images/Parasitized/C116P77ThinF_IMG_20150930_171635_cell_85.png,smear,malaria,test
data/malaria/raw/cell_images/Parasitized/C48P9thinF_IMG_20150721_161243_cell_159.png,smear,malaria,test
data/malaria/raw/cell_images/Uninfected/C161P122ThinF_IMG_20151116_101626_cell_24.png,smear,malaria,test
data/malaria/raw/cell_images/Uninfected/C79P40ThinF_IMG_20150817_104745_cell_77.png,smear,malaria,test
data/malaria/raw/cell_images/Parasitized/C81P42ThinF_IMG_20150817_120712_cell_163.png,smear,malaria,test
data/malaria/raw/cell_images/Uninfected/C70P31_ThinF_IMG_20150819_141436_cell_13.png,smear,malaria,test
data/malaria/raw/cell_images/Parasitized/C189P150ThinF_IMG_20151203_140902_cell_121.png,smear,malaria,test
data/malaria/raw/cell_images/Uninfected/C154P115ThinF_IMG_20151115_141543_cell_203.png,smear,malaria,test
data/malaria/raw/cell_images/Parasitized/C128P89ThinF_IMG_20151004_131129_cell_149.png,smear,malaria,test
data/malaria/raw/cell_images/Uninfected/C229ThinF_IMG_20151112_144222_cell_60.png,smear,malaria,test
data/malaria/raw/cell_images/Parasitized/C82P43ThinF_IMG_20150817_125114_cell_10.png,smear,malaria,test
data/malaria/raw/cell_images/Parasitized/C39P4thinF_original_IMG_20150622_105102_cell_88.png,smear,malaria,test
data/malaria/raw/cell_images/Uninfected/C59P20thinF_IMG_20150803_111244_cell_36.png,smear,malaria,test
data/malaria/raw/cell_images/Uninfected/C180P141NThinF_IMG_20151201_165423_cell_106.png,smear,malaria,test
data/malaria/raw/cell_images/Parasitized/C51AP12thinF_IMG_20150724_161126_cell_117.png,smear,malaria,test
data/malaria/raw/cell_images/Uninfected/C212ThinF_IMG_20151106_105834_cell_62.png,smear,malaria,test
data/malaria/raw/cell_images/Uninfected/C7NthinF_IMG_20150611_104404_cell_194.png,smear,malaria,test
data/malaria/raw/cell_images/Parasitized/C129P90ThinF_IMG_20151004_133538_cell_84.png,smear,malaria,test
data/malaria/raw/cell_images/Parasitized/C68P29N_ThinF_IMG_20150819_134112_cell_109.png,smear,malaria,test
data/malaria/raw/cell_images/Uninfected/C49P10thinF_IMG_20150724_102843_cell_156.png,smear,malaria,test
data/malaria/raw/cell_images/Uninfected/C237ThinF_IMG_20151127_105320_cell_259.png,smear,malaria,test
data/malaria/raw/cell_images/Parasitized/C98P59ThinF_IMG_20150917_154235_cell_207.png,smear,malaria,test
data/malaria/raw/cell_images/Uninfected/C92P53ThinF_IMG_20150821_150718_cell_149.png,smear,malaria,test
data/malaria/raw/cell_images/Parasitized/C39P4thinF_original_IMG_20150622_111206_cell_99.png,smear,malaria,test
data/malaria/raw/cell_images/Parasitized/C167P128ReThinF_IMG_20151201_110011_cell_241.png,smear,malaria,test
data/malaria/raw/cell_images/Uninfected/C178P139NThinF_IMG_20151201_154337_cell_15.png,smear,malaria,test
data/malaria/raw/cell_images/Parasitized/C136P97ThinF_IMG_20151005_142437_cell_116.png,smear,malaria,test
data/malaria/raw/cell_images/Parasitized/C70P31_ThinF_IMG_20150813_131924_cell_13.png,smear,malaria,test
data/malaria/raw/cell_images/Parasitized/C189P150ThinF_IMG_20151203_142113_cell_89.png,smear,malaria,test
data/malaria/raw/cell_images/Parasitized/C116P77ThinF_IMG_20150930_171954_cell_75.png,smear,malaria,test
data/malaria/raw/cell_images/Uninfected/C84P45ThinF_IMG_20150818_104156_cell_48.png,smear,malaria,test
data/malaria/raw/cell_images/Uninfected/C66P27N_ThinF_IMG_20150818_164754_cell_158.png,smear,malaria,test
data/malaria/raw/cell_images/Uninfected/C72P33_ThinF_IMG_20150815_104045_cell_60.png,smear,malaria,test
data/malaria/raw/cell_images/Uninfected/C86P47ThinF_IMG_20150820_125057_cell_35.png,smear,malaria,test
data/malaria/raw/cell_images/Parasitized/C136P97ThinF_IMG_20151005_142437_cell_105.png,smear,malaria,test
data/malaria/raw/cell_images/Uninfected/C236ThinF_IMG_20151127_102546_cell_134.png,smear,malaria,test
data/malaria/raw/cell_images/Uninfected/C140P101ThinF_IMG_20151005_210026_cell_102.png,smear,malaria,test
data/malaria/raw/cell_images/Parasitized/C145P106ThinF_IMG_20151016_154719_cell_155.png,smear,malaria,test
data/malaria/raw/cell_images/Parasitized/C182P143NThinF_IMG_20151201_171905_cell_182.png,smear,malaria,test
data/malaria/raw/cell_images/Parasitized/C120P81ThinF_IMG_20151002_130715_cell_193.png,smear,malaria,test
data/malaria/raw/cell_images/Uninfected/C135P96ThinF_IMG_20151005_123857_cell_158.png,smear,malaria,test
data/malaria/raw/cell_images/Uninfected/C110P71ThinF_IMG_20150930_105319_cell_158.png,smear,malaria,test
data/malaria/raw/cell_images/Parasitized/C136P97ThinF_IMG_20151005_141321_cell_103.png,smear,malaria,test
data/malaria/raw/cell_images/Parasitized/C123P84ThinF_IMG_20151002_152330_cell_200.png,smear,malaria,test
data/malaria/raw/cell_images/Uninfected/C202ThinF_IMG_20151015_151736_cell_177.png,smear,malaria,test
data/malaria/raw/cell_images/Uninfected/C37BP2_thinF_IMG_20150620_133001a_cell_20.png,smear,malaria,test
data/malaria/raw/cell_images/Parasitized/C68P29N_ThinF_IMG_20150819_134112_cell_131.png,smear,malaria,test
data/malaria/raw/cell_images/Uninfected/C201ThinF_IMG_20150930_143502_cell_221.png,smear,malaria,test
data/malaria/raw/cell_images/Uninfected/C120P81ThinF_IMG_20151002_130918_cell_169.png,smear,malaria,test
data/malaria/raw/cell_images/Parasitized/C82P43ThinF_IMG_20150817_123824_cell_211.png,smear,malaria,test
data/malaria/raw/cell_images/Uninfected/C176P137NThinF_IMG_20151201_122811_cell_23.png,smear,malaria,test
data/malaria/raw/cell_images/Uninfected/C223ThinF_IMG_20151112_104118_cell_176.png,smear,malaria,test
data/malaria/raw/cell_images/Parasitized/C181P142ThinF_IMG_20151127_160539_cell_189.png,smear,malaria,test
data/malaria/raw/cell_images/Parasitized/C176P137NThinF_IMG_20151201_114035_cell_127.png,smear,malaria,test
data/malaria/raw/cell_images/Parasitized/C138P99ThinF_IMG_20151005_173453_cell_113.png,smear,malaria,test
data/malaria/raw/cell_images/Uninfected/C64P25N_ThinF_IMG_20150818_153517_cell_24.png,smear,malaria,test
data/malaria/raw/cell_images/Parasitized/C137P98ThinF_IMG_20151005_155704_cell_51.png,smear,malaria,test
data/malaria/raw/cell_images/Parasitized/C184P145ThinF_IMG_20151203_104440_cell_44.png,smear,malaria,test
data/malaria/raw/cell_images/Parasitized/C68P29N_ThinF_IMG_20150819_134625_cell_14.png,smear,malaria,test
data/malaria/raw/cell_images/Uninfected/C153P114ThinF_IMG_20151115_135746_cell_62.png,smear,malaria,test
data/malaria/raw/cell_images/Uninfected/C45P6ThinF_IMG_20151130_160241_cell_48.png,smear,malaria,test
data/malaria/raw/cell_images/Parasitized/C120P81ThinF_IMG_20151002_125443_cell_135.png,smear,malaria,test
data/malaria/raw/cell_images/Uninfected/C127P88ThinF_IMG_20151004_112301_cell_75.png,smear,malaria,test
data/malaria/raw/cell_images/Uninfected/C64P25N_ThinF_IMG_20150818_153401_cell_70.png,smear,malaria,test
data/malaria/raw/cell_images/Parasitized/C119P80ThinF_IMG_20151002_124345_cell_144.png,smear,malaria,test
data/malaria/raw/cell_images/Parasitized/C97P58ThinF_IMG_20150917_145555_cell_177.png,smear,malaria,test
data/malaria/raw/cell_images/Uninfected/C108P69ThinF_IMG_20150924_225511_cell_10.png,smear,malaria,test
data/malaria/raw/cell_images/Uninfected/C185P146ThinF_IMG_20151203_111121_cell_135.png,smear,malaria,test
data/malaria/raw/cell_images/Parasitized/C116P77ThinF_IMG_20150930_171558_cell_131.png,smear,malaria,test
data/malaria/raw/cell_images/Uninfected/C168P129ThinF_IMG_20151118_160516_cell_37.png,smear,malaria,test
data/malaria/raw/cell_images/Uninfected/C127P88ThinF_IMG_20151004_111755_cell_41.png,smear,malaria,test
data/malaria/raw/cell_images/Parasitized/C91P52ThinF_IMG_20150821_125154_cell_211.png,smear,malaria,test
data/malaria/raw/cell_images/Uninfected/C64P25N_ThinF_IMG_20150818_152921_cell_33.png,smear,malaria,test
data/malaria/raw/cell_images/Parasitized/C80P41ThinF_IMG_20150817_110834_cell_147.png,smear,malaria,test
data/malaria/raw/cell_images/Uninfected/C50P11thinF_IMG_20150724_120716_cell_140.png,smear,malaria,test
data/malaria/raw/cell_images/Parasitized/C116P77ThinF_IMG_20150930_172112_cell_77.png,smear,malaria,test
data/malaria/raw/cell_images/Parasitized/C93P54ThinF_IMG_20150821_163815_cell_221.png,smear,malaria,test
data/malaria/raw/cell_images/Uninfected/C116P77ThinF_IMG_20150930_171954_cell_29.png,smear,malaria,test
data/malaria/raw/cell_images/Uninfected/C71P32_ThinF_IMG_20150813_162016_cell_23.png,smear,malaria,test
data/malaria/raw/cell_images/Parasitized/C68P29N_ThinF_IMG_20150819_134712_cell_5.png,smear,malaria,test
data/malaria/raw/cell_images/Uninfected/C133P94ThinF_IMG_20151004_154717_cell_43.png,smear,malaria,test
data/malaria/raw/cell_images/Parasitized/C129P90ThinF_IMG_20151004_133921_cell_108.png,smear,malaria,test
data/malaria/raw/cell_images/Uninfected/C132P93ThinF_IMG_20151004_151701_cell_78.png,smear,malaria,test
data/malaria/raw/cell_images/Uninfected/C203ThinF_IMG_20151029_102123_cell_51.png,smear,malaria,test
data/malaria/raw/cell_images/Uninfected/C220ThinF_IMG_20151106_153947_cell_231.png,smear,malaria,test
data/malaria/raw/cell_images/Parasitized/C174P135NThinF_IMG_20151127_135311_cell_211.png,smear,malaria,test
data/malaria/raw/cell_images/Parasitized/C123P84ThinF_IMG_20151002_151432_cell_160.png,smear,malaria,test
data/malaria/raw/cell_images/Parasitized/C84P45ThinF_IMG_20150818_102507_cell_96.png,smear,malaria,test
data/malaria/raw/cell_images/Uninfected/C206ThinF_IMG_20151029_141047_cell_73.png,smear,malaria,test
data/malaria/raw/cell_images/Parasitized/C129P90ThinF_IMG_20151004_133329_cell_99.png,smear,malaria,test
data/malaria/raw/cell_images/Uninfected/C87P48ThinF_IMG_20150820_132642_cell_85.png,smear,malaria,test
data/malaria/raw/cell_images/Uninfected/C189P150ThinF_IMG_20151203_141615_cell_37.png,smear,malaria,test
data/malaria/raw/cell_images/Uninfected/C238NThinF_IMG_20151207_114444_cell_127.png,smear,malaria,test
data/malaria/raw/cell_images/Parasitized/C45P6ThinF_IMG_20151130_160409_cell_195.png,smear,malaria,test
data/malaria/raw/cell_images/Parasitized/C70P31_ThinF_IMG_20150819_141436_cell_106.png,smear,malaria,test
data/malaria/raw/cell_images/Uninfected/C116P77ThinF_IMG_20150930_171739_cell_54.png,smear,malaria,test
data/malaria/raw/cell_images/Parasitized/C101P62ThinF_IMG_20150923_170344_cell_73.png,smear,malaria,test
data/malaria/raw/cell_images/Parasitized/C182P143NThinF_IMG_20151201_172057_cell_182.png,smear,malaria,test
data/malaria/raw/cell_images/Parasitized/C136P97ThinF_IMG_20151005_142437_cell_131.png,smear,malaria,test
data/malaria/raw/cell_images/Uninfected/C141P102ThinF_IMG_20151005_214208_cell_57.png,smear,malaria,test
data/malaria/raw/cell_images/Uninfected/C45P6ThinF_IMG_20151130_160409_cell_17.png,smear,malaria,test
data/malaria/raw/cell_images/Uninfected/C172P133ThinF_IMG_20151119_155156_cell_23.png,smear,malaria,test
data/malaria/raw/cell_images/Parasitized/C186P147NThinF_IMG_20151203_150808_cell_132.png,smear,malaria,test
data/malaria/raw/cell_images/Parasitized/C159P120ThinF_IMG_20151115_190642_cell_199.png,smear,malaria,test
data/malaria/raw/cell_images/Uninfected/C131P92ThinF_IMG_20151004_145302_cell_89.png,smear,malaria,test
data/malaria/raw/cell_images/Uninfected/C47P8thinOriginalOlympusCX21_IMG_20150717_174222_cell_24.png,smear,malaria,test
data/malaria/raw/cell_images/Uninfected/C115P76ThinF_IMG_20150930_163156_cell_197.png,smear,malaria,test
data/malaria/raw/cell_images/Uninfected/C87P48ThinF_IMG_20150820_132642_cell_119.png,smear,malaria,test
data/malaria/raw/cell_images/Uninfected/C135P96ThinF_IMG_20151005_124031_cell_144.png,smear,malaria,test
data/malaria/raw/cell_images/Uninfected/C229ThinF_IMG_20151112_144534_cell_125.png,smear,malaria,test
data/malaria/raw/cell_images/Uninfected/C187P148NThinF_IMG_20151203_153036_cell_19.png,smear,malaria,test
data/malaria/raw/cell_images/Parasitized/C167P128ReThinF_IMG_20151201_105707_cell_241.png,smear,malaria,test
data/malaria/raw/cell_images/Parasitized/C70P31_ThinF_IMG_20150819_142239_cell_12.png,smear,malaria,test
data/malaria/raw/cell_images/Uninfected/C173P134NThinF_IMG_20151130_115733_cell_126.png,smear,malaria,test
data/malaria/raw/cell_images/Parasitized/C98P59ThinF_IMG_20150917_153938_cell_177.png,smear,malaria,test
data/malaria/raw/cell_images/Parasitized/C131P92ThinF_IMG_20151004_145224_cell_130.png,smear,malaria,test
data/malaria/raw/cell_images/Uninfected/C172P133ThinF_IMG_20151119_154936_cell_119.png,smear,malaria,test
data/malaria/raw/cell_images/Uninfected/C156P117ThinF_IMG_20151115_154022_cell_121.png,smear,malaria,test
data/malaria/raw/cell_images/Uninfected/C217ThinF_IMG_20151106_142147_cell_201.png,smear,malaria,test
data/malaria/raw/cell_images/Parasitized/C107P68ThinF_IMG_20150924_222535_cell_141.png,smear,malaria,test
data/malaria/raw/cell_images/Uninfected/C189P150ThinF_IMG_20151203_141455_cell_62.png,smear,malaria,test
data/malaria/raw/cell_images/Uninfected/C141P102ThinF_IMG_20151005_214615_cell_134.png,smear,malaria,test
data/malaria/raw/cell_images/Uninfected/C85P46ThinF_IMG_20150820_105748_cell_92.png,smear,malaria,test
data/malaria/raw/cell_images/Uninfected/C66P27N_ThinF_IMG_20150818_164702_cell_32.png,smear,malaria,test
data/malaria/raw/cell_images/Parasitized/C176P137NThinF_IMG_20151201_121808_cell_119.png,smear,malaria,test
data/malaria/raw/cell_images/Uninfected/C104P65ThinF_IMG_20150918_172053_cell_31.png,smear,malaria,test
data/malaria/raw/cell_images/Parasitized/C183P144NThinF_IMG_20151201_223758_cell_140.png,smear,malaria,test
data/malaria/raw/cell_images/Parasitized/C111P72ThinF_IMG_20150930_113210_cell_171.png,smear,malaria,test
data/malaria/raw/cell_images/Uninfected/C158P119ThinF_IMG_20151115_183157_cell_154.png,smear,malaria,test
data/malaria/raw/cell_images/Parasitized/C145P106ThinF_IMG_20151016_155121_cell_192.png,smear,malaria,test
data/malaria/raw/cell_images/Uninfected/C121P82ThinF_IMG_20151002_134014_cell_63.png,smear,malaria,test
data/malaria/raw/cell_images/Parasitized/C136P97ThinF_IMG_20151005_144449_cell_16.png,smear,malaria,test
data/malaria/raw/cell_images/Uninfected/C207ThinF_IMG_20151029_143711_cell_119.png,smear,malaria,test
data/malaria/raw/cell_images/Parasitized/C154P115ThinF_IMG_20151115_141407_cell_228.png,smear,malaria,test
data/malaria/raw/cell_images/Uninfected/C240ThinF_IMG_20151127_115223_cell_121.png,smear,malaria,test
data/malaria/raw/cell_images/Uninfected/C154P115ThinF_IMG_20151115_141507_cell_191.png,smear,malaria,test
data/malaria/raw/cell_images/Parasitized/C184P145ThinF_IMG_20151203_102405_cell_181.png,smear,malaria,test
data/malaria/raw/cell_images/Parasitized/C187P148NThinF_IMG_20151203_153410_cell_149.png,smear,malaria,test
data/malaria/raw/cell_images/Uninfected/C171P132ThinF_IMG_20151119_153851_cell_39.png,smear,malaria,test
data/malaria/raw/cell_images/Parasitized/C75P36_ThinF_IMG_20150815_163225_cell_171.png,smear,malaria,test
data/malaria/raw/cell_images/Parasitized/C119P80ThinF_IMG_20151002_123043_cell_165.png,smear,malaria,test
data/malaria/raw/cell_images/Uninfected/C215ThinF_IMG_20151106_133043_cell_161.png,smear,malaria,test
data/malaria/raw/cell_images/Uninfected/C145P106ThinF_IMG_20151016_154309_cell_29.png,smear,malaria,test
data/malaria/raw/cell_images/Parasitized/C99P60ThinF_IMG_20150918_141857_cell_1.png,smear,malaria,test
data/malaria/raw/cell_images/Parasitized/C85P46ThinF_IMG_20150820_105301_cell_257.png,smear,malaria,test
data/malaria/raw/cell_images/Parasitized/C182P143NThinF_IMG_20151201_172216_cell_141.png,smear,malaria,test
data/malaria/raw/cell_images/Uninfected/C173P134NThinF_IMG_20151130_125408_cell_94.png,smear,malaria,test
data/malaria/raw/cell_images/Parasitized/C187P148NThinF_IMG_20151203_153713_cell_196.png,smear,malaria,test
data/malaria/raw/cell_images/Uninfected/C142P103ThinF_IMG_20151005_221931_cell_14.png,smear,malaria,test
data/malaria/raw/cell_images/Uninfected/C118P79ThinF_IMG_20151002_104831_cell_134.png,smear,malaria,test
data/malaria/raw/cell_images/Parasitized/C137P98ThinF_IMG_20151005_163946_cell_1.png,smear,malaria,test
data/malaria/raw/cell_images/Uninfected/C179P140ThinF_IMG_20151127_153436_cell_115.png,smear,malaria,test
data/malaria/raw/cell_images/Parasitized/C97P58ThinF_IMG_20150917_152225_cell_2.png,smear,malaria,test
data/malaria/raw/cell_images/Parasitized/C48P9thinF_IMG_20150721_164304_cell_17.png,smear,malaria,test
data/malaria/raw/cell_images/Parasitized/C128P89ThinF_IMG_20151004_130549_cell_143.png,smear,malaria,test
data/malaria/raw/cell_images/Parasitized/C39P4thinF_original_IMG_20150622_105803_cell_89.png,smear,malaria,test
data/malaria/raw/cell_images/Uninfected/C228ThinF_IMG_20151112_142109_cell_208.png,smear,malaria,test
data/malaria/raw/cell_images/Parasitized/C180P141NThinF_IMG_20151201_165423_cell_157.png,smear,malaria,test
data/malaria/raw/cell_images/Parasitized/C59P20thinF_IMG_20150803_115303_cell_34.png,smear,malaria,test
data/malaria/raw/cell_images/Parasitized/C136P97ThinF_IMG_20151005_141321_cell_95.png,smear,malaria,test
data/malaria/raw/cell_images/Uninfected/C154P115ThinF_IMG_20151115_141507_cell_16.png,smear,malaria,test
data/malaria/raw/cell_images/Parasitized/C100P61ThinF_IMG_20150918_150041_cell_146.png,smear,malaria,test
data/malaria/raw/cell_images/Uninfected/C229ThinF_IMG_20151112_144222_cell_207.png,smear,malaria,test
data/malaria/raw/cell_images/Uninfected/C118P79ThinF_IMG_20151002_104831_cell_64.png,smear,malaria,test
data/malaria/raw/cell_images/Uninfected/C12NThinF_IMG_20150614_125703_cell_48.png,smear,malaria,test
data/malaria/raw/cell_images/Uninfected/C133P94ThinF_IMG_20151004_154351_cell_81.png,smear,malaria,test
data/malaria/raw/cell_images/Parasitized/C64P25N_ThinF_IMG_20150818_152921_cell_182.png,smear,malaria,test
data/malaria/raw/cell_images/Uninfected/C98P59ThinF_IMG_20150917_154452_cell_44.png,smear,malaria,test
data/malaria/raw/cell_images/Parasitized/C59P20thinF_IMG_20150803_112733_cell_216.png,smear,malaria,test
data/malaria/raw/cell_images/Parasitized/C117P78ThinF_IMG_20150930_221048_cell_99.png,smear,malaria,test
data/malaria/raw/cell_images/Uninfected/C73P34_ThinF_IMG_20150815_111501_cell_66.png,smear,malaria,test
data/malaria/raw/cell_images/Uninfected/C219ThinF_IMG_20151106_145856_cell_77.png,smear,malaria,test
data/malaria/raw/cell_images/Uninfected/C94P55ThinF_IMG_20150821_165118_cell_68.png,smear,malaria,test
data/malaria/raw/cell_images/Parasitized/C133P94ThinF_IMG_20151004_155012_cell_12.png,smear,malaria,test
data/malaria/raw/cell_images/Uninfected/C47P8thinOriginalOlympusCX21_IMG_20150717_172748_cell_105.png,smear,malaria,test
data/malaria/raw/cell_images/Uninfected/C151P112ThinF_IMG_20151115_121843_cell_222.png,smear,malaria,test
data/malaria/raw/cell_images/Uninfected/C172P133ThinF_IMG_20151119_155343_cell_38.png,smear,malaria,test
data/malaria/raw/cell_images/Parasitized/C84P45ThinF_IMG_20150818_102800_cell_7.png,smear,malaria,test
data/malaria/raw/cell_images/Uninfected/C110P71ThinF_IMG_20150930_105729_cell_129.png,smear,malaria,test
data/malaria/raw/cell_images/Uninfected/C154P115ThinF_IMG_20151115_141837_cell_161.png,smear,malaria,test
data/malaria/raw/cell_images/Parasitized/C179P140ThinF_IMG_20151127_153436_cell_180.png,smear,malaria,test
data/malaria/raw/cell_images/Uninfected/C103P64ThinF_IMG_20150918_165510_cell_14.png,smear,malaria,test
data/malaria/raw/cell_images/Parasitized/C176P137NThinF_IMG_20151201_121303_cell_118.png,smear,malaria,test
data/malaria/raw/cell_images/Uninfected/C145P106ThinF_IMG_20151016_154844_cell_72.png,smear,malaria,test
data/malaria/raw/cell_images/Parasitized/C140P101ThinF_IMG_20151005_205922_cell_189.png,smear,malaria,test
data/malaria/raw/cell_images/Parasitized/C68P29N_ThinF_IMG_20150819_133447_cell_151.png,smear,malaria,test
data/malaria/raw/cell_images/Uninfected/C205ThinF_IMG_20151106_152003_cell_222.png,smear,malaria,test
data/malaria/raw/cell_images/Uninfected/C136P97ThinF_IMG_20151005_144727_cell_84.png,smear,malaria,test
data/malaria/raw/cell_images/Uninfected/C211ThinF_IMG_20151029_164451_cell_231.png,smear,malaria,test
data/malaria/raw/cell_images/Parasitized/C50P11thinF_IMG_20150724_115603_cell_155.png,smear,malaria,test
data/malaria/raw/cell_images/Uninfected/C151P112ThinF_IMG_20151115_121843_cell_50.png,smear,malaria,test
data/malaria/raw/cell_images/Uninfected/C54P15thinF_IMG_20150728_113006_cell_55.png,smear,malaria,test
data/malaria/raw/cell_images/Uninfected/C210ThinF_IMG_20151029_162934_cell_11.png,smear,malaria,test
data/malaria/raw/cell_images/Parasitized/C145P106ThinF_IMG_20151016_154309_cell_148.png,smear,malaria,test
data/malaria/raw/cell_images/Uninfected/C120P81ThinF_IMG_20151002_130407_cell_35.png,smear,malaria,test
data/malaria/raw/cell_images/Parasitized/C183P144NThinF_IMG_20151201_222917_cell_141.png,smear,malaria,test
data/malaria/raw/cell_images/Uninfected/C214ThinF_IMG_20151106_114526_cell_136.png,smear,malaria,test
data/malaria/raw/cell_images/Parasitized/C101P62ThinF_IMG_20150918_155731_cell_70.png,smear,malaria,test
data/malaria/raw/cell_images/Uninfected/C135P96ThinF_IMG_20151005_124444_cell_40.png,smear,malaria,test
data/malaria/raw/cell_images/Uninfected/C57P18thinF_IMG_20150729_110134_cell_80.png,smear,malaria,test
data/malaria/raw/cell_images/Parasitized/C182P143NThinF_IMG_20151201_172524_cell_180.png,smear,malaria,test
data/malaria/raw/cell_images/Parasitized/C68P29N_ThinF_IMG_20150819_134326_cell_113.png,smear,malaria,test
data/malaria/raw/cell_images/Parasitized/C137P98ThinF_IMG_20151005_163251_cell_65.png,smear,malaria,test
data/malaria/raw/cell_images/Uninfected/C180P141NThinF_IMG_20151201_164714_cell_42.png,smear,malaria,test
data/malaria/raw/cell_images/Parasitized/C48P9thinF_IMG_20150721_160406_cell_218.png,smear,malaria,test
data/malaria/raw/cell_images/Parasitized/C66P27N_ThinF_IMG_20150818_163419_cell_205.png,smear,malaria,test
data/malaria/raw/cell_images/Parasitized/C33P1thinF_IMG_20150619_115808a_cell_206.png,smear,malaria,test
data/malaria/raw/cell_images/Parasitized/C136P97ThinF_IMG_20151005_142627_cell_11.png,smear,malaria,test
data/malaria/raw/cell_images/Parasitized/C99P60ThinF_IMG_20150918_141314_cell_115.png,smear,malaria,test
data/malaria/raw/cell_images/Parasitized/C97P58ThinF_IMG_20150917_152032_cell_166.png,smear,malaria,test
data/malaria/raw/cell_images/Parasitized/C184P145ThinF_IMG_20151203_104153_cell_180.png,smear,malaria,test
data/malaria/raw/cell_images/Parasitized/C46P7ThinF_IMG_20151130_205828_cell_147.png,smear,malaria,test
data/malaria/raw/cell_images/Parasitized/C182P143NThinF_IMG_20151201_171950_cell_169.png,smear,malaria,test
data/malaria/raw/cell_images/Parasitized/C100P61ThinF_IMG_20150918_145042_cell_166.png,smear,malaria,test
data/malaria/raw/cell_images/Uninfected/C203ThinF_IMG_20151029_102123_cell_6.png,smear,malaria,test
data/malaria/raw/cell_images/Parasitized/C184P145ThinF_IMG_20151203_102721_cell_23.png,smear,malaria,test
data/malaria/raw/cell_images/Uninfected/C152P113ThinF_IMG_20151115_125038_cell_137.png,smear,malaria,test
data/malaria/raw/cell_images/Uninfected/C202ThinF_IMG_20151015_152200_cell_226.png,smear,malaria,test
data/malaria/raw/cell_images/Uninfected/C121P82ThinF_IMG_20151002_134014_cell_30.png,smear,malaria,test
data/malaria/raw/cell_images/Parasitized/C180P141NThinF_IMG_20151201_170021_cell_19.png,smear,malaria,test
data/malaria/raw/cell_images/Parasitized/C99P60ThinF_IMG_20150918_141520_cell_103.png,smear,malaria,test
data/malaria/raw/cell_images/Parasitized/C137P98ThinF_IMG_20151005_163251_cell_67.png,smear,malaria,test
data/malaria/raw/cell_images/Parasitized/C130P91ThinF_IMG_20151004_142109_cell_140.png,smear,malaria,test
data/malaria/raw/cell_images/Uninfected/C114P75ThinF_IMG_20150930_150555_cell_87.png,smear,malaria,test
data/malaria/raw/cell_images/Parasitized/C176P137NThinF_IMG_20151201_122444_cell_127.png,smear,malaria,test
data/malaria/raw/cell_images/Parasitized/C180P141NThinF_IMG_20151201_165528_cell_148.png,smear,malaria,test
data/malaria/raw/cell_images/Uninfected/C63P24N_ThinF_IMG_20150818_142948_cell_162.png,smear,malaria,test
data/malaria/raw/cell_images/Parasitized/C46P7ThinF_IMG_20151130_205558_cell_158.png,smear,malaria,test
data/malaria/raw/cell_images/Uninfected/C37BP2_thinF_IMG_20150620_133205a_cell_38.png,smear,malaria,test
data/malaria/raw/cell_images/Uninfected/C80P41ThinF_IMG_20150817_110957_cell_4.png,smear,malaria,test
data/malaria/raw/cell_images/Parasitized/C97P58ThinF_IMG_20150917_151903_cell_14.png,smear,malaria,test
data/malaria/raw/cell_images/Parasitized/C184P145ThinF_IMG_20151203_102721_cell_7.png,smear,malaria,test
data/malaria/raw/cell_images/Uninfected/C236ThinF_IMG_20151127_102428_cell_126.png,smear,malaria,test
data/malaria/raw/cell_images/Parasitized/C184P145ThinF_IMG_20151203_102543_cell_148.png,smear,malaria,test
data/malaria/raw/cell_images/Parasitized/C118P79ThinF_IMG_20151002_105018_cell_156.png,smear,malaria,test
data/malaria/raw/cell_images/Uninfected/C78P39ThinF_IMG_20150606_103630_cell_69.png,smear,malaria,test
data/malaria/raw/cell_images/Uninfected/C155P116ThinF_IMG_20151115_143051_cell_69.png,smear,malaria,test
data/malaria/raw/cell_images/Uninfected/C68P29N_ThinF_IMG_20150819_134504_cell_95.png,smear,malaria,test
data/malaria/raw/cell_images/Parasitized/C80P41ThinF_IMG_20150817_111943_cell_17.png,smear,malaria,test
data/malaria/raw/cell_images/Uninfected/C173P134NThinF_IMG_20151130_125501_cell_158.png,smear,malaria,test
data/malaria/raw/cell_images/Uninfected/C171P132ThinF_IMG_20151119_153347_cell_143.png,smear,malaria,test
data/malaria/raw/cell_images/Parasitized/C156P117ThinF_IMG_20151115_154022_cell_278.png,smear,malaria,test
data/malaria/raw/cell_images/Uninfected/C233ThinF_IMG_20151112_160129_cell_104.png,smear,malaria,test
data/malaria/raw/cell_images/Parasitized/C63P24N_ThinF_IMG_20150818_143544_cell_167.png,smear,malaria,test
data/malaria/raw/cell_images/Parasitized/C123P84ThinF_IMG_20151002_151851_cell_178.png,smear,malaria,test
data/malaria/raw/cell_images/Parasitized/C97P58ThinF_IMG_20150917_151512_cell_177.png,smear,malaria,test
data/malaria/raw/cell_images/Uninfected/C155P116ThinF_IMG_20151115_143156_cell_26.png,smear,malaria,test
data/malaria/raw/cell_images/Uninfected/C216ThinF_IMG_20151106_134733_cell_105.png,smear,malaria,test
data/malaria/raw/cell_images/Uninfected/C117P78ThinF_IMG_20150930_214629_cell_94.png,smear,malaria,test
data/malaria/raw/cell_images/Uninfected/C82P43ThinF_IMG_20150817_124418_cell_39.png,smear,malaria,test
data/malaria/raw/cell_images/Uninfected/C135P96ThinF_IMG_20151005_124031_cell_70.png,smear,malaria,test
data/malaria/raw/cell_images/Parasitized/C68P29N_ThinF_IMG_20150819_134712_cell_56.png,smear,malaria,test
data/malaria/raw/cell_images/Parasitized/C68P29N_ThinF_IMG_20150819_133447_cell_178.png,smear,malaria,test
data/malaria/raw/cell_images/Uninfected/C212ThinF_IMG_20151106_105941_cell_247.png,smear,malaria,test
data/malaria/raw/cell_images/Uninfected/C154P115ThinF_IMG_20151115_141621_cell_47.png,smear,malaria,test
data/malaria/raw/cell_images/Uninfected/C179P140ThinF_IMG_20151127_153420_cell_161.png,smear,malaria,test
data/malaria/raw/cell_images/Uninfected/C67P28N_ThinF_IMG_20150819_133000_cell_53.png,smear,malaria,test
data/malaria/raw/cell_images/Uninfected/C78P39ThinF_IMG_20150606_104936_cell_117.png,smear,malaria,test
data/malaria/raw/cell_images/Uninfected/C1_thinF_IMG_20150604_104919_cell_224.png,smear,malaria,test
data/malaria/raw/cell_images/Uninfected/C182P143NThinF_IMG_20151201_171836_cell_109.png,smear,malaria,test
data/malaria/raw/cell_images/Parasitized/C116P77ThinF_IMG_20150930_171844_cell_97.png,smear,malaria,test
data/malaria/raw/cell_images/Parasitized/C39P4thinF_original_IMG_20150622_105253_cell_101.png,smear,malaria,test
data/malaria/raw/cell_images/Uninfected/C53P14thinF_IMG_20150726_114918_cell_19.png,smear,malaria,test
data/malaria/raw/cell_images/Uninfected/C208ThinF_IMG_20151029_155436_cell_125.png,smear,malaria,test
data/malaria/raw/cell_images/Parasitized/C184P145ThinF_IMG_20151203_102405_cell_152.png,smear,malaria,test
data/malaria/raw/cell_images/Parasitized/C99P60ThinF_IMG_20150918_141129_cell_110.png,smear,malaria,test
data/malaria/raw/cell_images/Uninfected/C128P89ThinF_IMG_20151004_131753_cell_49.png,smear,malaria,test
data/malaria/raw/cell_images/Parasitized/C39P4thinF_original_IMG_20150622_105554_cell_24.png,smear,malaria,test
data/malaria/raw/cell_images/Parasitized/C145P106ThinF_IMG_20151016_154309_cell_151.png,smear,malaria,test
data/malaria/raw/cell_images/Uninfected/C116P77ThinF_IMG_20150930_171739_cell_32.png,smear,malaria,test
data/malaria/raw/cell_images/Uninfected/C115P76ThinF_IMG_20150930_162038_cell_183.png,smear,malaria,test
data/malaria/raw/cell_images/Uninfected/C213ThinF_IMG_20151106_112422_cell_180.png,smear,malaria,test
data/malaria/raw/cell_images/Uninfected/C171P132ThinF_IMG_20151119_153851_cell_26.png,smear,malaria,test
data/malaria/raw/cell_images/Parasitized/C183P144NThinF_IMG_20151201_222119_cell_139.png,smear,malaria,test
data/malaria/raw/cell_images/Parasitized/C103P64ThinF_IMG_20150918_164250_cell_173.png,smear,malaria,test
data/malaria/raw/cell_images/Uninfected/C129P90ThinF_IMG_20151004_133329_cell_36.png,smear,malaria,test
data/malaria/raw/cell_images/Parasitized/C149P110ThinF_IMG_20151115_114729_cell_266.png,smear,malaria,test
data/malaria/raw/cell_images/Uninfected/C107P68ThinF_IMG_20150924_222233_cell_66.png,smear,malaria,test
data/malaria/raw/cell_images/Parasitized/C119P80ThinF_IMG_20151002_123043_cell_154.png,smear,malaria,test
data/malaria/raw/cell_images/Uninfected/C76P37ThinF_IMG_20150815_171454_cell_209.png,smear,malaria,test
data/malaria/raw/cell_images/Uninfected/C138P99ThinF_IMG_20151005_171116_cell_59.png,smear,malaria,test
data/malaria/raw/cell_images/Uninfected/C61P22N_ThinF_IMG_20150818_112252_cell_96.png,smear,malaria,test
data/malaria/raw/cell_images/Uninfected/C135P96ThinF_IMG_20151005_123441_cell_131.png,smear,malaria,test
data/malaria/raw/cell_images/Uninfected/C107P68ThinF_IMG_20150924_222535_cell_84.png,smear,malaria,test
data/malaria/raw/cell_images/Uninfected/C73P34_ThinF_IMG_20150815_111501_cell_81.png,smear,malaria,test
data/malaria/raw/cell_images/Uninfected/C208ThinF_IMG_20151029_155554_cell_46.png,smear,malaria,test
data/malaria/raw/cell_images/Parasitized/C180P141NThinF_IMG_20151201_165601_cell_162.png,smear,malaria,test
data/malaria/raw/cell_images/Uninfected/C213ThinF_IMG_20151106_112422_cell_134.png,smear,malaria,test
data/malaria/raw/cell_images/Parasitized/C39P4thinF_original_IMG_20150622_105253_cell_102.png,smear,malaria,test
data/malaria/raw/cell_images/Uninfected/C239ThinF_IMG_20151127_113253_cell_61.png,smear,malaria,test
data/malaria/raw/cell_images/Parasitized/C167P128ReThinF_IMG_20151201_105707_cell_226.png,smear,malaria,test
data/malaria/raw/cell_images/Parasitized/C118P79ThinF_IMG_20151002_110002_cell_5.png,smear,malaria,test
data/malaria/raw/cell_images/Parasitized/C74P35_ThinF_IMG_20150815_114555_cell_131.png,smear,malaria,test
data/malaria/raw/cell_images/Uninfected/C209ThinF_IMG_20151029_160721_cell_229.png,smear,malaria,test
data/malaria/raw/cell_images/Parasitized/C57P18thinF_IMG_20150729_110305_cell_221.png,smear,malaria,test
data/malaria/raw/cell_images/Parasitized/C70P31_ThinF_IMG_20150819_141436_cell_109.png,smear,malaria,test
data/malaria/raw/cell_images/Parasitized/C48P9thinF_IMG_20150721_164129_cell_25.png,smear,malaria,test
data/malaria/raw/cell_images/Uninfected/C237ThinF_IMG_20151127_104748_cell_43.png,smear,malaria,test
data/malaria/raw/cell_images/Parasitized/C137P98ThinF_IMG_20151005_163251_cell_69.png,smear,malaria,test
data/malaria/raw/cell_images/Parasitized/C80P41ThinF_IMG_20150817_111802_cell_9.png,smear,malaria,test
data/malaria/raw/cell_images/Uninfected/C55P16thinF_IMG_20150728_123510_cell_129.png,smear,malaria,test
data/malaria/raw/cell_images/Uninfected/C230ThinF_IMG_20151112_150647_cell_73.png,smear,malaria,test
data/malaria/raw/cell_images/Uninfected/C119P80ThinF_IMG_20151002_123043_cell_130.png,smear,malaria,test
data/malaria/raw/cell_images/Parasitized/C48P9thinF_IMG_20150721_161243_cell_161.png,smear,malaria,test
data/malaria/raw/cell_images/Parasitized/C90P51ThinF_IMG_20150821_115846_cell_238.png,smear,malaria,test
data/malaria/raw/cell_images/Uninfected/C121P82ThinF_IMG_20151002_134953_cell_37.png,smear,malaria,test
data/malaria/raw/cell_images/Uninfected/C178P139NThinF_IMG_20151201_155012_cell_88.png,smear,malaria,test
data/malaria/raw/cell_images/Parasitized/C48P9thinF_IMG_20150721_164129_cell_23.png,smear,malaria,test
data/malaria/raw/cell_images/Uninfected/C63P24N_ThinF_IMG_20150818_142948_cell_74.png,smear,malaria,test
data/malaria/raw/cell_images/Uninfected/C48P9thinF_IMG_20150721_161243_cell_39.png,smear,malaria,test
data/malaria/raw/cell_images/Parasitized/C182P143NThinF_IMG_20151201_172607_cell_5.png,smear,malaria,test
data/malaria/raw/cell_images/Uninfected/C143P104ThinF_IMG_20151005_225454_cell_46.png,smear,malaria,test
data/malaria/raw/cell_images/Uninfected/C72P33_ThinF_IMG_20150815_105823_cell_223.png,smear,malaria,test
data/malaria/raw/cell_images/Parasitized/C120P81ThinF_IMG_20151002_125443_cell_148.png,smear,malaria,test
data/malaria/raw/cell_images/Parasitized/C184P145ThinF_IMG_20151203_104030_cell_8.png,smear,malaria,test
data/malaria/raw/cell_images/Uninfected/C186P147NThinF_IMG_20151203_150808_cell_66.png,smear,malaria,test
data/malaria/raw/cell_images/Uninfected/C33P1thinF_IMG_20150619_121300a_cell_46.png,smear,malaria,test
data/malaria/raw/cell_images/Uninfected/C123P84ThinF_IMG_20151002_150931_cell_161.png,smear,malaria,test
data/malaria/raw/cell_images/Uninfected/C130P91ThinF_IMG_20151004_141428_cell_60.png,smear,malaria,test
data/malaria/raw/cell_images/Uninfected/C69P30N_ThinF_IMG_20150819_140143_cell_148.png,smear,malaria,test
data/malaria/raw/cell_images/Uninfected/C127P88ThinF_IMG_20151004_111220_cell_65.png,smear,malaria,test
data/malaria/raw/cell_images/Uninfected/C220ThinF_IMG_20151106_153947_cell_254.png,smear,malaria,test
data/malaria/raw/cell_images/Parasitized/C137P98ThinF_IMG_20151005_163901_cell_75.png,smear,malaria,test
data/malaria/raw/cell_images/Parasitized/C78P39ThinF_IMG_20150606_103459_cell_167.png,smear,malaria,test
data/malaria/raw/cell_images/Uninfected/C182P143NThinF_IMG_20151201_171836_cell_79.png,smear,malaria,test
data/malaria/raw/cell_images/Parasitized/C70P31_ThinF_IMG_20150819_142703_cell_3.png,smear,malaria,test
data/malaria/raw/cell_images/Parasitized/C93P54ThinF_IMG_20150821_162641_cell_222.png,smear,malaria,test
data/malaria/raw/cell_images/Parasitized/C186P147NThinF_IMG_20151203_150408_cell_166.png,smear,malaria,test
data/malaria/raw/cell_images/Parasitized/C46P7ThinF_IMG_20151130_205756_cell_130.png,smear,malaria,test
data/malaria/raw/cell_images/Parasitized/C81P42ThinF_IMG_20150817_121113_cell_178.png,smear,malaria,test
data/malaria/raw/cell_images/Parasitized/C39P4thinF_original_IMG_20150622_110352_cell_86.png,smear,malaria,test
data/malaria/raw/cell_images/Parasitized/C59P20thinF_IMG_20150803_113139_cell_17.png,smear,malaria,test
data/malaria/raw/cell_images/Uninfected/C166P127ThinF_IMG_20151117_194932_cell_104.png,smear,malaria,test
data/malaria/raw/cell_images/Uninfected/C100P61ThinF_IMG_20150918_145609_cell_48.png,smear,malaria,test
data/malaria/raw/cell_images/Uninfected/C61P22N_ThinF_IMG_20150818_112704_cell_116.png,smear,malaria,test
data/malaria/raw/cell_images/Parasitized/C180P141NThinF_IMG_20151201_165659_cell_41.png,smear,malaria,test
data/malaria/raw/cell_images/Parasitized/C84P45ThinF_IMG_20150818_101257_cell_76.png,smear,malaria,test
data/malaria/raw/cell_images/Parasitized/C186P147NThinF_IMG_20151203_150557_cell_187.png,smear,malaria,test
data/malaria/raw/cell_images/Parasitized/C89P50ThinF_IMG_20150820_162504_cell_197.png,smear,malaria,test
data/malaria/raw/cell_images/Uninfected/C139P100ThinF_IMG_20151005_182822_cell_83.png,smear,malaria,test
data/malaria/raw/cell_images/Parasitized/C130P91ThinF_IMG_20151004_141825_cell_133.png,smear,malaria,test
data/malaria/raw/cell_images/Parasitized/C99P60ThinF_IMG_20150918_141620_cell_43.png,smear,malaria,test
data/raw/Negative/Clear/143.jpg,smear,sickle_cell,train
data/raw/Negative/Clear/44.jpg,smear,sickle_cell,train
data/raw/Negative/Clear/29.jpg,smear,sickle_cell,train
data/raw/Positive/Unlabelled/170.jpg,smear,sickle_cell,train
data/raw/Positive/Unlabelled/65.jpg,smear,sickle_cell,train
data/raw/Positive/Unlabelled/221.jpg,smear,sickle_cell,train
data/raw/Positive/Unlabelled/355.jpg,smear,sickle_cell,train
data/raw/Positive/Unlabelled/349.jpg,smear,sickle_cell,train
data/raw/Positive/Unlabelled/135.jpg,smear,sickle_cell,train
data/raw/Positive/Unlabelled/378.jpg,smear,sickle_cell,train
data/raw/Positive/Unlabelled/118.jpg,smear,sickle_cell,train
data/raw/Positive/Unlabelled/12.jpg,smear,sickle_cell,train
data/raw/Negative/Clear/86.jpg,smear,sickle_cell,train
data/raw/Negative/Clear/48.jpg,smear,sickle_cell,train
data/raw/Positive/Unlabelled/28.jpg,smear,sickle_cell,train
data/raw/Positive/Unlabelled/203.jpg,smear,sickle_cell,train
data/raw/Positive/Unlabelled/277.jpg,smear,sickle_cell,train
data/raw/Positive/Unlabelled/197.jpg,smear,sickle_cell,train
data/raw/Negative/Clear/50.jpg,smear,sickle_cell,train
data/raw/Negative/Clear/89.jpg,smear,sickle_cell,train
data/raw/Positive/Unlabelled/238.jpg,smear,sickle_cell,train
data/raw/Negative/Clear/132.jpg,smear,sickle_cell,train
data/raw/Positive/Unlabelled/42.jpg,smear,sickle_cell,train
data/raw/Negative/Clear/17.jpg,smear,sickle_cell,train
data/raw/Positive/Unlabelled/291.jpg,smear,sickle_cell,train
data/raw/Positive/Unlabelled/94.jpg,smear,sickle_cell,train
data/raw/Positive/Unlabelled/305.jpg,smear,sickle_cell,train
data/raw/Positive/Unlabelled/410.jpg,smear,sickle_cell,train
data/raw/Positive/Unlabelled/306.jpg,smear,sickle_cell,train
data/raw/Positive/Unlabelled/1.jpg,smear,sickle_cell,train
data/raw/Positive/Unlabelled/409.jpg,smear,sickle_cell,train
data/raw/Positive/Unlabelled/275.jpg,smear,sickle_cell,train
data/raw/Positive/Unlabelled/354.jpg,smear,sickle_cell,train
data/raw/Positive/Unlabelled/422.jpg,smear,sickle_cell,train
data/raw/Negative/Clear/134.jpg,smear,sickle_cell,train
data/raw/Positive/Unlabelled/371.jpg,smear,sickle_cell,train
data/raw/Positive/Unlabelled/340.jpg,smear,sickle_cell,train
data/raw/Positive/Unlabelled/189.jpg,smear,sickle_cell,train
data/raw/Negative/Clear/125.jpg,smear,sickle_cell,train
data/raw/Positive/Unlabelled/397.jpg,smear,sickle_cell,train
data/raw/Negative/Clear/78.jpg,smear,sickle_cell,train
data/raw/Positive/Unlabelled/162.jpg,smear,sickle_cell,train
data/raw/Negative/Clear/12.jpg,smear,sickle_cell,train
data/raw/Negative/Clear/67.jpg,smear,sickle_cell,train
data/raw/Positive/Unlabelled/7.jpg,smear,sickle_cell,train
data/raw/Positive/Unlabelled/61.jpg,smear,sickle_cell,train
data/raw/Positive/Unlabelled/211.jpg,smear,sickle_cell,train
data/raw/Positive/Unlabelled/320.jpg,smear,sickle_cell,train
data/raw/Negative/Clear/18.jpg,smear,sickle_cell,train
data/raw/Positive/Unlabelled/35.jpg,smear,sickle_cell,train
data/raw/Negative/Clear/40.jpg,smear,sickle_cell,train
data/raw/Positive/Unlabelled/356.jpg,smear,sickle_cell,train
data/raw/Positive/Unlabelled/330.jpg,smear,sickle_cell,train
data/raw/Positive/Unlabelled/336.jpg,smear,sickle_cell,train
data/raw/Positive/Unlabelled/334.jpg,smear,sickle_cell,train
data/raw/Positive/Unlabelled/323.jpg,smear,sickle_cell,train
data/raw/Positive/Unlabelled/131.jpg,smear,sickle_cell,train
data/raw/Negative/Clear/139.jpg,smear,sickle_cell,train
data/raw/Positive/Unlabelled/184.jpg,smear,sickle_cell,train
data/raw/Positive/Unlabelled/313.jpg,smear,sickle_cell,train
data/raw/Positive/Unlabelled/281.jpg,smear,sickle_cell,train
data/raw/Positive/Unlabelled/182.jpg,smear,sickle_cell,train
data/raw/Positive/Unlabelled/268.jpg,smear,sickle_cell,train
data/raw/Positive/Unlabelled/200.jpg,smear,sickle_cell,train
data/raw/Positive/Unlabelled/398.jpg,smear,sickle_cell,train
data/raw/Positive/Unlabelled/78.jpg,smear,sickle_cell,train
data/raw/Positive/Unlabelled/81.jpg,smear,sickle_cell,train
data/raw/Negative/Clear/131.jpg,smear,sickle_cell,train
data/raw/Positive/Unlabelled/231.jpg,smear,sickle_cell,train
data/raw/Negative/Clear/61.jpg,smear,sickle_cell,train
data/raw/Positive/Unlabelled/294.jpg,smear,sickle_cell,train
data/raw/Positive/Unlabelled/150.jpg,smear,sickle_cell,train
data/raw/Positive/Unlabelled/62.jpg,smear,sickle_cell,train
data/raw/Positive/Unlabelled/15.jpg,smear,sickle_cell,train
data/raw/Positive/Unlabelled/212.jpg,smear,sickle_cell,train
data/raw/Negative/Clear/82.jpg,smear,sickle_cell,train
data/raw/Positive/Unlabelled/269.jpg,smear,sickle_cell,train
data/raw/Positive/Unlabelled/390.jpg,smear,sickle_cell,train
data/raw/Negative/Clear/64.jpg,smear,sickle_cell,train
data/raw/Positive/Unlabelled/16.jpg,smear,sickle_cell,train
data/raw/Positive/Unlabelled/147.jpg,smear,sickle_cell,train
data/raw/Negative/Clear/42.jpg,smear,sickle_cell,train
data/raw/Positive/Unlabelled/156.jpg,smear,sickle_cell,train
data/raw/Negative/Clear/99.jpg,smear,sickle_cell,train
data/raw/Positive/Unlabelled/262.jpg,smear,sickle_cell,train
data/raw/Positive/Unlabelled/72.jpg,smear,sickle_cell,train
data/raw/Positive/Unlabelled/4.jpg,smear,sickle_cell,train
data/raw/Positive/Unlabelled/228.jpg,smear,sickle_cell,train
data/raw/Positive/Unlabelled/214.jpg,smear,sickle_cell,train
data/raw/Positive/Unlabelled/265.jpg,smear,sickle_cell,train
data/raw/Positive/Unlabelled/236.jpg,smear,sickle_cell,train
data/raw/Negative/Clear/46.jpg,smear,sickle_cell,train
data/raw/Positive/Unlabelled/316.jpg,smear,sickle_cell,train
data/raw/Negative/Clear/65.jpg,smear,sickle_cell,train
data/raw/Positive/Unlabelled/352.jpg,smear,sickle_cell,train
data/raw/Positive/Unlabelled/63.jpg,smear,sickle_cell,train
data/raw/Negative/Clear/109.jpg,smear,sickle_cell,train
data/raw/Positive/Unlabelled/288.jpg,smear,sickle_cell,train
data/raw/Positive/Unlabelled/296.jpg,smear,sickle_cell,train
data/raw/Positive/Unlabelled/59.jpg,smear,sickle_cell,train
data/raw/Negative/Clear/20.jpg,smear,sickle_cell,train
data/raw/Positive/Unlabelled/219.jpg,smear,sickle_cell,train
data/raw/Positive/Unlabelled/165.jpg,smear,sickle_cell,train
data/raw/Negative/Clear/45.jpg,smear,sickle_cell,train
data/raw/Positive/Unlabelled/155.jpg,smear,sickle_cell,train
data/raw/Positive/Unlabelled/309.jpg,smear,sickle_cell,train
data/raw/Negative/Clear/88.jpg,smear,sickle_cell,train
data/raw/Positive/Unlabelled/233.jpg,smear,sickle_cell,train
data/raw/Positive/Unlabelled/99.jpg,smear,sickle_cell,train
data/raw/Positive/Unlabelled/380.jpg,smear,sickle_cell,train
data/raw/Negative/Clear/129.jpg,smear,sickle_cell,train
data/raw/Negative/Clear/115.jpg,smear,sickle_cell,train
data/raw/Positive/Unlabelled/84.jpg,smear,sickle_cell,train
data/raw/Negative/Clear/112.jpg,smear,sickle_cell,train
data/raw/Positive/Unlabelled/350.jpg,smear,sickle_cell,train
data/raw/Positive/Unlabelled/33.jpg,smear,sickle_cell,train
data/raw/Positive/Unlabelled/163.jpg,smear,sickle_cell,train
data/raw/Negative/Clear/91.jpg,smear,sickle_cell,train
data/raw/Positive/Unlabelled/357.jpg,smear,sickle_cell,train
data/raw/Positive/Unlabelled/178.jpg,smear,sickle_cell,train
data/raw/Positive/Unlabelled/224.jpg,smear,sickle_cell,train
data/raw/Positive/Unlabelled/179.jpg,smear,sickle_cell,train
data/raw/Positive/Unlabelled/23.jpg,smear,sickle_cell,train
data/raw/Positive/Unlabelled/202.jpg,smear,sickle_cell,train
data/raw/Negative/Clear/83.jpg,smear,sickle_cell,train
data/raw/Positive/Unlabelled/49.jpg,smear,sickle_cell,train
data/raw/Negative/Clear/79.jpg,smear,sickle_cell,train
data/raw/Positive/Unlabelled/345.jpg,smear,sickle_cell,train
data/raw/Positive/Unlabelled/109.jpg,smear,sickle_cell,train
data/raw/Positive/Unlabelled/169.jpg,smear,sickle_cell,train
data/raw/Positive/Unlabelled/388.jpg,smear,sickle_cell,train
data/raw/Negative/Clear/120.jpg,smear,sickle_cell,train
data/raw/Positive/Unlabelled/152.jpg,smear,sickle_cell,train
data/raw/Positive/Unlabelled/66.jpg,smear,sickle_cell,train
data/raw/Negative/Clear/69.jpg,smear,sickle_cell,train
data/raw/Positive/Unlabelled/315.jpg,smear,sickle_cell,train
data/raw/Positive/Unlabelled/270.jpg,smear,sickle_cell,train
data/raw/Positive/Unlabelled/20.jpg,smear,sickle_cell,train
data/raw/Negative/Clear/100.jpg,smear,sickle_cell,train
data/raw/Positive/Unlabelled/253.jpg,smear,sickle_cell,train
data/raw/Positive/Unlabelled/79.jpg,smear,sickle_cell,train
data/raw/Negative/Clear/1.jpg,smear,sickle_cell,train
data/raw/Positive/Unlabelled/43.jpg,smear,sickle_cell,train
data/raw/Negative/Clear/116.jpg,smear,sickle_cell,train
data/raw/Positive/Unlabelled/261.jpg,smear,sickle_cell,train
data/raw/Positive/Unlabelled/52.jpg,smear,sickle_cell,train
data/raw/Positive/Unlabelled/37.jpg,smear,sickle_cell,train
data/raw/Positive/Unlabelled/39.jpg,smear,sickle_cell,train
data/raw/Positive/Unlabelled/175.jpg,smear,sickle_cell,train
data/raw/Positive/Unlabelled/166.jpg,smear,sickle_cell,train
data/raw/Positive/Unlabelled/144.jpg,smear,sickle_cell,train
data/raw/Positive/Unlabelled/358.jpg,smear,sickle_cell,train
data/raw/Positive/Unlabelled/331.jpg,smear,sickle_cell,train
data/raw/Positive/Unlabelled/13.jpg,smear,sickle_cell,train
data/raw/Positive/Unlabelled/298.jpg,smear,sickle_cell,train
data/raw/Positive/Unlabelled/280.jpg,smear,sickle_cell,train
data/raw/Positive/Unlabelled/148.jpg,smear,sickle_cell,train
data/raw/Negative/Clear/140.jpg,smear,sickle_cell,train
data/raw/Positive/Unlabelled/199.jpg,smear,sickle_cell,train
data/raw/Negative/Clear/101.jpg,smear,sickle_cell,train
data/raw/Positive/Unlabelled/217.jpg,smear,sickle_cell,train
data/raw/Positive/Unlabelled/412.jpg,smear,sickle_cell,train
data/raw/Positive/Unlabelled/154.jpg,smear,sickle_cell,train
data/raw/Positive/Unlabelled/58.jpg,smear,sickle_cell,train
data/raw/Negative/Clear/24.jpg,smear,sickle_cell,train
data/raw/Positive/Unlabelled/126.jpg,smear,sickle_cell,train
data/raw/Positive/Unlabelled/271.jpg,smear,sickle_cell,train
data/raw/Positive/Unlabelled/285.jpg,smear,sickle_cell,train
data/raw/Positive/Unlabelled/3.jpg,smear,sickle_cell,train
data/raw/Positive/Unlabelled/317.jpg,smear,sickle_cell,train
data/raw/Negative/Clear/73.jpg,smear,sickle_cell,train
data/raw/Negative/Clear/5.jpg,smear,sickle_cell,train
data/raw/Positive/Unlabelled/235.jpg,smear,sickle_cell,train
data/raw/Positive/Unlabelled/360.jpg,smear,sickle_cell,train
data/raw/Positive/Unlabelled/399.jpg,smear,sickle_cell,train
data/raw/Positive/Unlabelled/121.jpg,smear,sickle_cell,train
data/raw/Negative/Clear/35.jpg,smear,sickle_cell,train
data/raw/Positive/Unlabelled/287.jpg,smear,sickle_cell,train
data/raw/Positive/Unlabelled/60.jpg,smear,sickle_cell,train
data/raw/Positive/Unlabelled/133.jpg,smear,sickle_cell,train
data/raw/Negative/Clear/123.jpg,smear,sickle_cell,train
data/raw/Positive/Unlabelled/153.jpg,smear,sickle_cell,train
data/raw/Positive/Unlabelled/40.jpg,smear,sickle_cell,train
data/raw/Positive/Unlabelled/209.jpg,smear,sickle_cell,train
data/raw/Positive/Unlabelled/359.jpg,smear,sickle_cell,train
data/raw/Positive/Unlabelled/234.jpg,smear,sickle_cell,train
data/raw/Negative/Clear/6.jpg,smear,sickle_cell,train
data/raw/Negative/Clear/85.jpg,smear,sickle_cell,train
data/raw/Positive/Unlabelled/36.jpg,smear,sickle_cell,train
data/raw/Positive/Unlabelled/311.jpg,smear,sickle_cell,train
data/raw/Positive/Unlabelled/69.jpg,smear,sickle_cell,train
data/raw/Positive/Unlabelled/370.jpg,smear,sickle_cell,train
data/raw/Negative/Clear/105.jpg,smear,sickle_cell,train
data/raw/Positive/Unlabelled/206.jpg,smear,sickle_cell,train
data/raw/Positive/Unlabelled/290.jpg,smear,sickle_cell,train
data/raw/Positive/Unlabelled/116.jpg,smear,sickle_cell,train
data/raw/Positive/Unlabelled/324.jpg,smear,sickle_cell,train
data/raw/Negative/Clear/57.jpg,smear,sickle_cell,train
data/raw/Positive/Unlabelled/83.jpg,smear,sickle_cell,train
data/raw/Positive/Unlabelled/70.jpg,smear,sickle_cell,train
data/raw/Negative/Clear/144.jpg,smear,sickle_cell,train
data/raw/Negative/Clear/43.jpg,smear,sickle_cell,train
data/raw/Positive/Unlabelled/307.jpg,smear,sickle_cell,train
data/raw/Positive/Unlabelled/106.jpg,smear,sickle_cell,train
data/raw/Positive/Unlabelled/239.jpg,smear,sickle_cell,train
data/raw/Positive/Unlabelled/180.jpg,smear,sickle_cell,train
data/raw/Positive/Unlabelled/376.jpg,smear,sickle_cell,train
data/raw/Positive/Unlabelled/391.jpg,smear,sickle_cell,train
data/raw/Positive/Unlabelled/168.jpg,smear,sickle_cell,train
data/raw/Negative/Clear/52.jpg,smear,sickle_cell,train
data/raw/Positive/Unlabelled/77.jpg,smear,sickle_cell,train
data/raw/Negative/Clear/28.jpg,smear,sickle_cell,train
data/raw/Positive/Unlabelled/256.jpg,smear,sickle_cell,train
data/raw/Positive/Unlabelled/411.jpg,smear,sickle_cell,train
data/raw/Positive/Unlabelled/138.jpg,smear,sickle_cell,train
data/raw/Positive/Unlabelled/274.jpg,smear,sickle_cell,train
data/raw/Positive/Unlabelled/5.jpg,smear,sickle_cell,train
data/raw/Negative/Clear/90.jpg,smear,sickle_cell,train
data/raw/Negative/Clear/133.jpg,smear,sickle_cell,train
data/raw/Positive/Unlabelled/421.jpg,smear,sickle_cell,train
data/raw/Positive/Unlabelled/85.jpg,smear,sickle_cell,train
data/raw/Negative/Clear/137.jpg,smear,sickle_cell,train
data/raw/Positive/Unlabelled/158.jpg,smear,sickle_cell,train
data/raw/Positive/Unlabelled/191.jpg,smear,sickle_cell,train
data/raw/Negative/Clear/51.jpg,smear,sickle_cell,train
data/raw/Positive/Unlabelled/17.jpg,smear,sickle_cell,train
data/raw/Positive/Unlabelled/51.jpg,smear,sickle_cell,train
data/raw/Positive/Unlabelled/88.jpg,smear,sickle_cell,train
data/raw/Positive/Unlabelled/128.jpg,smear,sickle_cell,train
data/raw/Negative/Clear/47.jpg,smear,sickle_cell,train
data/raw/Positive/Unlabelled/32.jpg,smear,sickle_cell,train
data/raw/Negative/Clear/8.jpg,smear,sickle_cell,train
data/raw/Positive/Unlabelled/100.jpg,smear,sickle_cell,train
data/raw/Negative/Clear/19.jpg,smear,sickle_cell,train
data/raw/Negative/Clear/147.jpg,smear,sickle_cell,train
data/raw/Positive/Unlabelled/348.jpg,smear,sickle_cell,train
data/raw/Positive/Unlabelled/101.jpg,smear,sickle_cell,train
data/raw/Negative/Clear/145.jpg,smear,sickle_cell,train
data/raw/Negative/Clear/108.jpg,smear,sickle_cell,train
data/raw/Positive/Unlabelled/50.jpg,smear,sickle_cell,train
data/raw/Positive/Unlabelled/272.jpg,smear,sickle_cell,train
data/raw/Positive/Unlabelled/215.jpg,smear,sickle_cell,train
data/raw/Positive/Unlabelled/127.jpg,smear,sickle_cell,train
data/raw/Positive/Unlabelled/97.jpg,smear,sickle_cell,train
data/raw/Positive/Unlabelled/223.jpg,smear,sickle_cell,train
data/raw/Positive/Unlabelled/406.jpg,smear,sickle_cell,train
data/raw/Positive/Unlabelled/322.jpg,smear,sickle_cell,train
data/raw/Positive/Unlabelled/314.jpg,smear,sickle_cell,train
data/raw/Positive/Unlabelled/279.jpg,smear,sickle_cell,train
data/raw/Negative/Clear/84.jpg,smear,sickle_cell,train
data/raw/Negative/Clear/102.jpg,smear,sickle_cell,train
data/raw/Positive/Unlabelled/27.jpg,smear,sickle_cell,train
data/raw/Positive/Unlabelled/120.jpg,smear,sickle_cell,train
data/raw/Positive/Unlabelled/56.jpg,smear,sickle_cell,train
data/raw/Positive/Unlabelled/140.jpg,smear,sickle_cell,train
data/raw/Positive/Unlabelled/145.jpg,smear,sickle_cell,train
data/raw/Positive/Unlabelled/304.jpg,smear,sickle_cell,train
data/raw/Positive/Unlabelled/343.jpg,smear,sickle_cell,train
data/raw/Positive/Unlabelled/198.jpg,smear,sickle_cell,train
data/raw/Negative/Clear/3.jpg,smear,sickle_cell,train
data/raw/Negative/Clear/37.jpg,smear,sickle_cell,train
data/raw/Positive/Unlabelled/375.jpg,smear,sickle_cell,train
data/raw/Negative/Clear/68.jpg,smear,sickle_cell,train
data/raw/Positive/Unlabelled/204.jpg,smear,sickle_cell,train
data/raw/Negative/Clear/118.jpg,smear,sickle_cell,train
data/raw/Positive/Unlabelled/188.jpg,smear,sickle_cell,train
data/raw/Negative/Clear/70.jpg,smear,sickle_cell,train
data/raw/Positive/Unlabelled/260.jpg,smear,sickle_cell,train
data/raw/Positive/Unlabelled/364.jpg,smear,sickle_cell,train
data/raw/Positive/Unlabelled/276.jpg,smear,sickle_cell,train
data/raw/Negative/Clear/77.jpg,smear,sickle_cell,train
data/raw/Negative/Clear/71.jpg,smear,sickle_cell,train
data/raw/Positive/Unlabelled/418.jpg,smear,sickle_cell,train
data/raw/Negative/Clear/2.jpg,smear,sickle_cell,train
data/raw/Positive/Unlabelled/403.jpg,smear,sickle_cell,train
data/raw/Positive/Unlabelled/173.jpg,smear,sickle_cell,train
data/raw/Negative/Clear/62.jpg,smear,sickle_cell,train
data/raw/Negative/Clear/14.jpg,smear,sickle_cell,train
data/raw/Negative/Clear/38.jpg,smear,sickle_cell,train
data/raw/Positive/Unlabelled/25.jpg,smear,sickle_cell,train
data/raw/Positive/Unlabelled/38.jpg,smear,sickle_cell,train
data/raw/Positive/Unlabelled/30.jpg,smear,sickle_cell,train
data/raw/Positive/Unlabelled/73.jpg,smear,sickle_cell,train
data/raw/Positive/Unlabelled/218.jpg,smear,sickle_cell,train
data/raw/Positive/Unlabelled/151.jpg,smear,sickle_cell,train
data/raw/Positive/Unlabelled/194.jpg,smear,sickle_cell,train
data/raw/Negative/Clear/130.jpg,smear,sickle_cell,train
data/raw/Positive/Unlabelled/124.jpg,smear,sickle_cell,train
data/raw/Positive/Unlabelled/157.jpg,smear,sickle_cell,train
data/raw/Positive/Unlabelled/34.jpg,smear,sickle_cell,train
data/raw/Positive/Unlabelled/402.jpg,smear,sickle_cell,train
data/raw/Positive/Unlabelled/75.jpg,smear,sickle_cell,train
data/raw/Positive/Unlabelled/132.jpg,smear,sickle_cell,train
data/raw/Negative/Clear/141.jpg,smear,sickle_cell,train
data/raw/Positive/Unlabelled/46.jpg,smear,sickle_cell,train
data/raw/Positive/Unlabelled/86.jpg,smear,sickle_cell,train
data/raw/Positive/Unlabelled/207.jpg,smear,sickle_cell,train
data/raw/Negative/Clear/146.jpg,smear,sickle_cell,train
data/raw/Negative/Clear/36.jpg,smear,sickle_cell,train
data/raw/Negative/Clear/30.jpg,smear,sickle_cell,train
data/raw/Positive/Unlabelled/333.jpg,smear,sickle_cell,train
data/raw/Positive/Unlabelled/383.jpg,smear,sickle_cell,train
data/raw/Positive/Unlabelled/196.jpg,smear,sickle_cell,train
data/raw/Negative/Clear/27.jpg,smear,sickle_cell,train
data/raw/Negative/Clear/124.jpg,smear,sickle_cell,train
data/raw/Positive/Unlabelled/346.jpg,smear,sickle_cell,train
data/raw/Negative/Clear/117.jpg,smear,sickle_cell,train
data/raw/Positive/Unlabelled/229.jpg,smear,sickle_cell,train
data/raw/Positive/Unlabelled/385.jpg,smear,sickle_cell,train
data/raw/Positive/Unlabelled/250.jpg,smear,sickle_cell,train
data/raw/Positive/Unlabelled/299.jpg,smear,sickle_cell,train
data/raw/Negative/Clear/114.jpg,smear,sickle_cell,train
data/raw/Positive/Unlabelled/26.jpg,smear,sickle_cell,train
data/raw/Negative/Clear/49.jpg,smear,sickle_cell,train
data/raw/Positive/Unlabelled/6.jpg,smear,sickle_cell,train
data/raw/Positive/Unlabelled/286.jpg,smear,sickle_cell,train
data/raw/Positive/Unlabelled/67.jpg,smear,sickle_cell,train
data/raw/Negative/Clear/110.jpg,smear,sickle_cell,train
data/raw/Positive/Unlabelled/22.jpg,smear,sickle_cell,train
data/raw/Positive/Unlabelled/297.jpg,smear,sickle_cell,train
data/raw/Positive/Unlabelled/111.jpg,smear,sickle_cell,train
data/raw/Positive/Unlabelled/414.jpg,smear,sickle_cell,train
data/raw/Positive/Unlabelled/283.jpg,smear,sickle_cell,train
data/raw/Positive/Unlabelled/96.jpg,smear,sickle_cell,train
data/raw/Positive/Unlabelled/220.jpg,smear,sickle_cell,train
data/raw/Positive/Unlabelled/319.jpg,smear,sickle_cell,train
data/raw/Negative/Clear/122.jpg,smear,sickle_cell,train
data/raw/Negative/Clear/23.jpg,smear,sickle_cell,train
data/raw/Negative/Clear/106.jpg,smear,sickle_cell,train
data/raw/Positive/Unlabelled/419.jpg,smear,sickle_cell,train
data/raw/Positive/Unlabelled/362.jpg,smear,sickle_cell,train
data/raw/Positive/Unlabelled/237.jpg,smear,sickle_cell,train
data/raw/Negative/Clear/41.jpg,smear,sickle_cell,train
data/raw/Positive/Unlabelled/80.jpg,smear,sickle_cell,train
data/raw/Positive/Unlabelled/176.jpg,smear,sickle_cell,train
data/raw/Positive/Unlabelled/55.jpg,smear,sickle_cell,train
data/raw/Negative/Clear/58.jpg,smear,sickle_cell,train
data/raw/Positive/Unlabelled/57.jpg,smear,sickle_cell,train
data/raw/Positive/Unlabelled/53.jpg,smear,sickle_cell,train
data/raw/Negative/Clear/93.jpg,smear,sickle_cell,train
data/raw/Negative/Clear/16.jpg,smear,sickle_cell,train
data/raw/Positive/Unlabelled/310.jpg,smear,sickle_cell,train
data/raw/Positive/Unlabelled/171.jpg,smear,sickle_cell,train
data/raw/Positive/Unlabelled/240.jpg,smear,sickle_cell,train
data/raw/Negative/Clear/39.jpg,smear,sickle_cell,train
data/raw/Positive/Unlabelled/374.jpg,smear,sickle_cell,train
data/raw/Positive/Unlabelled/142.jpg,smear,sickle_cell,train
data/raw/Positive/Unlabelled/95.jpg,smear,sickle_cell,train
data/raw/Positive/Unlabelled/381.jpg,smear,sickle_cell,train
data/raw/Positive/Unlabelled/342.jpg,smear,sickle_cell,train
data/raw/Positive/Unlabelled/181.jpg,smear,sickle_cell,train
data/raw/Positive/Unlabelled/68.jpg,smear,sickle_cell,train
data/raw/Negative/Clear/135.jpg,smear,sickle_cell,train
data/raw/Positive/Unlabelled/160.jpg,smear,sickle_cell,train
data/raw/Positive/Unlabelled/263.jpg,smear,sickle_cell,train
data/raw/Positive/Unlabelled/267.jpg,smear,sickle_cell,train
data/raw/Positive/Unlabelled/71.jpg,smear,sickle_cell,train
data/raw/Negative/Clear/11.jpg,smear,sickle_cell,train
data/raw/Positive/Unlabelled/302.jpg,smear,sickle_cell,train
data/raw/Positive/Unlabelled/326.jpg,smear,sickle_cell,train
data/raw/Negative/Clear/60.jpg,smear,sickle_cell,train
data/raw/Negative/Clear/87.jpg,smear,sickle_cell,train
data/raw/Positive/Unlabelled/74.jpg,smear,sickle_cell,train
data/raw/Negative/Clear/103.jpg,smear,sickle_cell,train
data/raw/Positive/Unlabelled/29.jpg,smear,sickle_cell,train
data/raw/Positive/Unlabelled/161.jpg,smear,sickle_cell,train
data/raw/Positive/Unlabelled/14.jpg,smear,sickle_cell,train
data/raw/Positive/Unlabelled/351.jpg,smear,sickle_cell,train
data/raw/Positive/Unlabelled/393.jpg,smear,sickle_cell,train
data/raw/Positive/Unlabelled/2.jpg,smear,sickle_cell,train
data/raw/Positive/Unlabelled/208.jpg,smear,sickle_cell,train
data/raw/Positive/Unlabelled/363.jpg,smear,sickle_cell,train
data/raw/Negative/Clear/127.jpg,smear,sickle_cell,train
data/raw/Positive/Unlabelled/102.jpg,smear,sickle_cell,train
data/raw/Negative/Clear/21.jpg,smear,sickle_cell,train
data/raw/Positive/Unlabelled/31.jpg,smear,sickle_cell,train
data/raw/Positive/Unlabelled/241.jpg,smear,sickle_cell,train
data/raw/Negative/Clear/53.jpg,smear,sickle_cell,train
data/raw/Positive/Unlabelled/264.jpg,smear,sickle_cell,train
data/raw/Negative/Clear/59.jpg,smear,sickle_cell,train
data/raw/Positive/Unlabelled/213.jpg,smear,sickle_cell,train
data/raw/Positive/Unlabelled/245.jpg,smear,sickle_cell,train
data/raw/Positive/Unlabelled/347.jpg,smear,sickle_cell,train
data/raw/Positive/Unlabelled/190.jpg,smear,sickle_cell,train
data/raw/Positive/Unlabelled/48.jpg,smear,sickle_cell,train
data/raw/Negative/Clear/92.jpg,smear,sickle_cell,train
data/raw/Negative/Clear/33.jpg,smear,sickle_cell,train
data/raw/Positive/Unlabelled/225.jpg,smear,sickle_cell,train
data/raw/Positive/Unlabelled/19.jpg,smear,sickle_cell,train
data/raw/Positive/Unlabelled/252.jpg,smear,sickle_cell,train
data/raw/Positive/Unlabelled/130.jpg,smear,sickle_cell,train
data/raw/Positive/Unlabelled/377.jpg,smear,sickle_cell,train
data/raw/Negative/Clear/10.jpg,smear,sickle_cell,train
data/raw/Positive/Unlabelled/372.jpg,smear,sickle_cell,train
data/raw/Negative/Clear/7.jpg,smear,sickle_cell,train
data/raw/Positive/Unlabelled/379.jpg,smear,sickle_cell,train
data/raw/Positive/Unlabelled/82.jpg,smear,sickle_cell,train
data/raw/Positive/Unlabelled/44.jpg,smear,sickle_cell,train
data/raw/Positive/Unlabelled/134.jpg,smear,sickle_cell,val
data/raw/Negative/Clear/32.jpg,smear,sickle_cell,val
data/raw/Positive/Unlabelled/295.jpg,smear,sickle_cell,val
data/raw/Negative/Clear/94.jpg,smear,sickle_cell,val
data/raw/Positive/Unlabelled/8.jpg,smear,sickle_cell,val
data/raw/Negative/Clear/55.jpg,smear,sickle_cell,val
data/raw/Positive/Unlabelled/325.jpg,smear,sickle_cell,val
data/raw/Positive/Unlabelled/146.jpg,smear,sickle_cell,val
data/raw/Positive/Unlabelled/174.jpg,smear,sickle_cell,val
data/raw/Positive/Unlabelled/420.jpg,smear,sickle_cell,val
data/raw/Negative/Clear/9.jpg,smear,sickle_cell,val
data/raw/Positive/Unlabelled/301.jpg,smear,sickle_cell,val
data/raw/Positive/Unlabelled/244.jpg,smear,sickle_cell,val
data/raw/Positive/Unlabelled/18.jpg,smear,sickle_cell,val
data/raw/Positive/Unlabelled/407.jpg,smear,sickle_cell,val
data/raw/Positive/Unlabelled/21.jpg,smear,sickle_cell,val
data/raw/Negative/Clear/136.jpg,smear,sickle_cell,val
data/raw/Positive/Unlabelled/361.jpg,smear,sickle_cell,val
data/raw/Positive/Unlabelled/254.jpg,smear,sickle_cell,val
data/raw/Negative/Clear/34.jpg,smear,sickle_cell,val
data/raw/Positive/Unlabelled/312.jpg,smear,sickle_cell,val
data/raw/Positive/Unlabelled/143.jpg,smear,sickle_cell,val
data/raw/Negative/Clear/142.jpg,smear,sickle_cell,val
data/raw/Positive/Unlabelled/201.jpg,smear,sickle_cell,val
data/raw/Positive/Unlabelled/373.jpg,smear,sickle_cell,val
data/raw/Positive/Unlabelled/382.jpg,smear,sickle_cell,val
data/raw/Positive/Unlabelled/183.jpg,smear,sickle_cell,val
data/raw/Positive/Unlabelled/226.jpg,smear,sickle_cell,val
data/raw/Positive/Unlabelled/192.jpg,smear,sickle_cell,val
data/raw/Negative/Clear/81.jpg,smear,sickle_cell,val
data/raw/Positive/Unlabelled/89.jpg,smear,sickle_cell,val
data/raw/Positive/Unlabelled/341.jpg,smear,sickle_cell,val
data/raw/Negative/Clear/76.jpg,smear,sickle_cell,val
data/raw/Positive/Unlabelled/248.jpg,smear,sickle_cell,val
data/raw/Positive/Unlabelled/24.jpg,smear,sickle_cell,val
data/raw/Positive/Unlabelled/293.jpg,smear,sickle_cell,val
data/raw/Negative/Clear/72.jpg,smear,sickle_cell,val
data/raw/Positive/Unlabelled/230.jpg,smear,sickle_cell,val
data/raw/Positive/Unlabelled/404.jpg,smear,sickle_cell,val
data/raw/Positive/Unlabelled/64.jpg,smear,sickle_cell,val
data/raw/Positive/Unlabelled/114.jpg,smear,sickle_cell,val
data/raw/Positive/Unlabelled/387.jpg,smear,sickle_cell,val
data/raw/Negative/Clear/56.jpg,smear,sickle_cell,val
data/raw/Positive/Unlabelled/289.jpg,smear,sickle_cell,val
data/raw/Positive/Unlabelled/119.jpg,smear,sickle_cell,val
data/raw/Positive/Unlabelled/332.jpg,smear,sickle_cell,val
data/raw/Positive/Unlabelled/232.jpg,smear,sickle_cell,val
data/raw/Positive/Unlabelled/87.jpg,smear,sickle_cell,val
data/raw/Positive/Unlabelled/54.jpg,smear,sickle_cell,val
data/raw/Negative/Clear/96.jpg,smear,sickle_cell,val
data/raw/Positive/Unlabelled/329.jpg,smear,sickle_cell,val
data/raw/Positive/Unlabelled/186.jpg,smear,sickle_cell,val
data/raw/Positive/Unlabelled/76.jpg,smear,sickle_cell,val
data/raw/Positive/Unlabelled/110.jpg,smear,sickle_cell,val
data/raw/Positive/Unlabelled/369.jpg,smear,sickle_cell,val
data/raw/Negative/Clear/74.jpg,smear,sickle_cell,val
data/raw/Positive/Unlabelled/389.jpg,smear,sickle_cell,val
data/raw/Positive/Unlabelled/117.jpg,smear,sickle_cell,val
data/raw/Negative/Clear/63.jpg,smear,sickle_cell,val
data/raw/Negative/Clear/80.jpg,smear,sickle_cell,val
data/raw/Positive/Unlabelled/408.jpg,smear,sickle_cell,val
data/raw/Positive/Unlabelled/386.jpg,smear,sickle_cell,val
data/raw/Positive/Unlabelled/172.jpg,smear,sickle_cell,val
data/raw/Negative/Clear/107.jpg,smear,sickle_cell,val
data/raw/Negative/Clear/128.jpg,smear,sickle_cell,val
data/raw/Positive/Unlabelled/185.jpg,smear,sickle_cell,val
data/raw/Positive/Unlabelled/227.jpg,smear,sickle_cell,val
data/raw/Positive/Unlabelled/137.jpg,smear,sickle_cell,val
data/raw/Negative/Clear/25.jpg,smear,sickle_cell,val
data/raw/Positive/Unlabelled/365.jpg,smear,sickle_cell,val
data/raw/Positive/Unlabelled/284.jpg,smear,sickle_cell,val
data/raw/Positive/Unlabelled/339.jpg,smear,sickle_cell,val
data/raw/Positive/Unlabelled/139.jpg,smear,sickle_cell,val
data/raw/Positive/Unlabelled/300.jpg,smear,sickle_cell,val
data/raw/Positive/Unlabelled/91.jpg,smear,sickle_cell,val
data/raw/Negative/Clear/97.jpg,smear,sickle_cell,val
data/raw/Positive/Unlabelled/210.jpg,smear,sickle_cell,val
data/raw/Negative/Clear/26.jpg,smear,sickle_cell,val
data/raw/Positive/Unlabelled/242.jpg,smear,sickle_cell,val
data/raw/Negative/Clear/22.jpg,smear,sickle_cell,val
data/raw/Positive/Unlabelled/249.jpg,smear,sickle_cell,val
data/raw/Positive/Unlabelled/164.jpg,smear,sickle_cell,val
data/raw/Positive/Unlabelled/251.jpg,smear,sickle_cell,val
data/raw/Positive/Unlabelled/282.jpg,smear,sickle_cell,val
data/raw/Positive/Unlabelled/11.jpg,smear,sickle_cell,val
data/raw/Positive/Unlabelled/257.jpg,smear,sickle_cell,test
data/raw/Positive/Unlabelled/122.jpg,smear,sickle_cell,test
data/raw/Negative/Clear/4.jpg,smear,sickle_cell,test
data/raw/Positive/Unlabelled/258.jpg,smear,sickle_cell,test
data/raw/Positive/Unlabelled/108.jpg,smear,sickle_cell,test
data/raw/Negative/Clear/104.jpg,smear,sickle_cell,test
data/raw/Positive/Unlabelled/193.jpg,smear,sickle_cell,test
data/raw/Positive/Unlabelled/159.jpg,smear,sickle_cell,test
data/raw/Negative/Clear/66.jpg,smear,sickle_cell,test
data/raw/Positive/Unlabelled/337.jpg,smear,sickle_cell,test
data/raw/Positive/Unlabelled/195.jpg,smear,sickle_cell,test
data/raw/Positive/Unlabelled/400.jpg,smear,sickle_cell,test
data/raw/Positive/Unlabelled/205.jpg,smear,sickle_cell,test
data/raw/Negative/Clear/75.jpg,smear,sickle_cell,test
data/raw/Negative/Clear/31.jpg,smear,sickle_cell,test
data/raw/Positive/Unlabelled/10.jpg,smear,sickle_cell,test
data/raw/Positive/Unlabelled/247.jpg,smear,sickle_cell,test
data/raw/Positive/Unlabelled/187.jpg,smear,sickle_cell,test
data/raw/Positive/Unlabelled/9.jpg,smear,sickle_cell,test
data/raw/Positive/Unlabelled/115.jpg,smear,sickle_cell,test
data/raw/Positive/Unlabelled/405.jpg,smear,sickle_cell,test
data/raw/Negative/Clear/13.jpg,smear,sickle_cell,test
data/raw/Negative/Clear/15.jpg,smear,sickle_cell,test
data/raw/Positive/Unlabelled/41.jpg,smear,sickle_cell,test
data/raw/Positive/Unlabelled/129.jpg,smear,sickle_cell,test
data/raw/Negative/Clear/126.jpg,smear,sickle_cell,test
data/raw/Positive/Unlabelled/273.jpg,smear,sickle_cell,test
data/raw/Positive/Unlabelled/413.jpg,smear,sickle_cell,test
data/raw/Positive/Unlabelled/416.jpg,smear,sickle_cell,test
data/raw/Positive/Unlabelled/113.jpg,smear,sickle_cell,test
data/raw/Positive/Unlabelled/368.jpg,smear,sickle_cell,test
data/raw/Positive/Unlabelled/366.jpg,smear,sickle_cell,test
data/raw/Positive/Unlabelled/98.jpg,smear,sickle_cell,test
data/raw/Positive/Unlabelled/415.jpg,smear,sickle_cell,test
data/raw/Positive/Unlabelled/93.jpg,smear,sickle_cell,test
data/raw/Positive/Unlabelled/92.jpg,smear,sickle_cell,test
data/raw/Positive/Unlabelled/222.jpg,smear,sickle_cell,test
data/raw/Positive/Unlabelled/246.jpg,smear,sickle_cell,test
data/raw/Positive/Unlabelled/112.jpg,smear,sickle_cell,test
data/raw/Positive/Unlabelled/328.jpg,smear,sickle_cell,test
data/raw/Positive/Unlabelled/45.jpg,smear,sickle_cell,test
data/raw/Negative/Clear/119.jpg,smear,sickle_cell,test
data/raw/Positive/Unlabelled/149.jpg,smear,sickle_cell,test
data/raw/Positive/Unlabelled/278.jpg,smear,sickle_cell,test
data/raw/Positive/Unlabelled/216.jpg,smear,sickle_cell,test
data/raw/Positive/Unlabelled/104.jpg,smear,sickle_cell,test
data/raw/Positive/Unlabelled/401.jpg,smear,sickle_cell,test
data/raw/Positive/Unlabelled/327.jpg,smear,sickle_cell,test
data/raw/Negative/Clear/113.jpg,smear,sickle_cell,test
data/raw/Negative/Clear/54.jpg,smear,sickle_cell,test
data/raw/Positive/Unlabelled/167.jpg,smear,sickle_cell,test
data/raw/Positive/Unlabelled/136.jpg,smear,sickle_cell,test
data/raw/Positive/Unlabelled/105.jpg,smear,sickle_cell,test
data/raw/Positive/Unlabelled/125.jpg,smear,sickle_cell,test
data/raw/Positive/Unlabelled/367.jpg,smear,sickle_cell,test
data/raw/Negative/Clear/111.jpg,smear,sickle_cell,test
data/raw/Positive/Unlabelled/303.jpg,smear,sickle_cell,test
data/raw/Positive/Unlabelled/335.jpg,smear,sickle_cell,test
data/raw/Positive/Unlabelled/103.jpg,smear,sickle_cell,test
data/raw/Positive/Unlabelled/318.jpg,smear,sickle_cell,test
data/raw/Positive/Unlabelled/259.jpg,smear,sickle_cell,test
data/raw/Negative/Clear/95.jpg,smear,sickle_cell,test
data/raw/Negative/Clear/121.jpg,smear,sickle_cell,test
data/raw/Positive/Unlabelled/353.jpg,smear,sickle_cell,test
data/raw/Positive/Unlabelled/321.jpg,smear,sickle_cell,test
data/raw/Negative/Clear/98.jpg,smear,sickle_cell,test
data/raw/Positive/Unlabelled/107.jpg,smear,sickle_cell,test
data/raw/Positive/Unlabelled/384.jpg,smear,sickle_cell,test
data/raw/Positive/Unlabelled/395.jpg,smear,sickle_cell,test
data/raw/Positive/Unlabelled/394.jpg,smear,sickle_cell,test
data/raw/Positive/Unlabelled/338.jpg,smear,sickle_cell,test
data/raw/Positive/Unlabelled/266.jpg,smear,sickle_cell,test
data/raw/Positive/Unlabelled/392.jpg,smear,sickle_cell,test
data/raw/Positive/Unlabelled/396.jpg,smear,sickle_cell,test
data/raw/Positive/Unlabelled/344.jpg,smear,sickle_cell,test
data/raw/Positive/Unlabelled/292.jpg,smear,sickle_cell,test
data/raw/Negative/Clear/138.jpg,smear,sickle_cell,test
data/raw/Positive/Unlabelled/123.jpg,smear,sickle_cell,test
data/raw/Positive/Unlabelled/177.jpg,smear,sickle_cell,test
data/raw/Positive/Unlabelled/141.jpg,smear,sickle_cell,test
data/raw/Positive/Unlabelled/90.jpg,smear,sickle_cell,test
data/raw/Positive/Unlabelled/255.jpg,smear,sickle_cell,test
data/raw/Positive/Unlabelled/417.jpg,smear,sickle_cell,test
data/raw/Positive/Unlabelled/243.jpg,smear,sickle_cell,test
data/raw/Positive/Unlabelled/47.jpg,smear,sickle_cell,test
data/raw/Positive/Unlabelled/308.jpg,smear,sickle_cell,test
data/bbbc041/raw/malaria/images/41ebf9a1-24dc-454e-8bf8-508218f5ee57.png,smear,bbbc041_field,train
data/bbbc041/raw/malaria/images/56adbb1e-96a8-40a5-a5a2-243c97ea889b.png,smear,bbbc041_field,train
data/bbbc041/raw/malaria/images/587e5464-d70b-4279-8562-010279f6efbd.png,smear,bbbc041_field,train
data/bbbc041/raw/malaria/images/24879caf-a327-464c-9cd9-e0f3d9161079.png,smear,bbbc041_field,train
data/bbbc041/raw/malaria/images/16a51468-9f93-45df-9ae2-5a74c25c5a4b.png,smear,bbbc041_field,train
data/bbbc041/raw/malaria/images/441d7843-b20b-4c10-84e3-e6d32621e880.png,smear,bbbc041_field,train
data/bbbc041/raw/malaria/images/334bf865-e3fb-4200-bd53-d9ff5808ed9f.png,smear,bbbc041_field,train
data/bbbc041/raw/malaria/images/25ddc1ca-d368-4fff-b1ad-1dbf1e7c97aa.png,smear,bbbc041_field,train
data/bbbc041/raw/malaria/images/ca16a5ad-b106-4e84-8a43-178710e854ba.png,smear,bbbc041_field,train
data/bbbc041/raw/malaria/images/fc8df086-39e0-43f8-b0c7-2d23a349539b.png,smear,bbbc041_field,train
data/bbbc041/raw/malaria/images/edd3862f-04e1-49cf-97dd-ca566d17e71a.png,smear,bbbc041_field,train
data/bbbc041/raw/malaria/images/a20d0b4b-6e2e-4507-bc22-f321dedc4ed9.png,smear,bbbc041_field,train
data/bbbc041/raw/malaria/images/e683144c-0465-43a2-86b1-3cf52599d5e0.png,smear,bbbc041_field,train
data/bbbc041/raw/malaria/images/dcc1a193-7b74-44f8-ad8d-813751d8fa6b.png,smear,bbbc041_field,train
data/bbbc041/raw/malaria/images/6ba5d0b8-cdc7-4266-9d78-db76faa312e9.png,smear,bbbc041_field,train
data/bbbc041/raw/malaria/images/ff1b23d0-3cef-459b-b81f-39bfcdb6526f.png,smear,bbbc041_field,train
data/bbbc041/raw/malaria/images/2f6224be-50d0-4e85-94ef-88315df561b6.png,smear,bbbc041_field,train
data/bbbc041/raw/malaria/images/9a25f103-1683-47d1-8b07-ac20fe0b3ee9.png,smear,bbbc041_field,train
data/bbbc041/raw/malaria/images/6274fe0d-0d71-40be-b61b-f0bd5b5df1e2.png,smear,bbbc041_field,train
data/bbbc041/raw/malaria/images/79806898-0214-44bd-ba2c-b570e911be62.png,smear,bbbc041_field,train
data/bbbc041/raw/malaria/images/5ccca8ee-abea-458a-a891-bedd31c3ddc3.png,smear,bbbc041_field,train
data/bbbc041/raw/malaria/images/84041bf9-dace-4066-9fe0-52170d08f826.png,smear,bbbc041_field,train
data/bbbc041/raw/malaria/images/a1669b59-fe09-4fe6-ba9f-06bec6725502.png,smear,bbbc041_field,train
data/bbbc041/raw/malaria/images/c7a2d648-47cb-4b39-afa4-1b7fcfe51934.png,smear,bbbc041_field,train
data/bbbc041/raw/malaria/images/0ac747cd-ff32-49bf-bc1a-3e9b7702ce9c.png,smear,bbbc041_field,train
data/bbbc041/raw/malaria/images/c6d97845-8ad2-4ab7-b385-66613628df5b.png,smear,bbbc041_field,train
data/bbbc041/raw/malaria/images/e4827c85-311a-4df1-89c2-99dad0c3558c.png,smear,bbbc041_field,train
data/bbbc041/raw/malaria/images/b8410821-a42b-47d0-8bcf-c2fc82e4e2d5.png,smear,bbbc041_field,train
data/bbbc041/raw/malaria/images/5f17d2fb-22fa-4aa6-9dad-6a1d50c03815.png,smear,bbbc041_field,train
data/bbbc041/raw/malaria/images/2d2e81f3-e329-4765-9ba1-2c95f12dc9f3.png,smear,bbbc041_field,train
data/bbbc041/raw/malaria/images/26799d2b-a289-4eff-9218-0aad77e05e41.png,smear,bbbc041_field,train
data/bbbc041/raw/malaria/images/46a03374-64c7-49ac-81c9-c3d62542bbf3.png,smear,bbbc041_field,train
data/bbbc041/raw/malaria/images/f7231477-f2c1-439a-9c8b-204de07686a4.png,smear,bbbc041_field,train
data/bbbc041/raw/malaria/images/27388ff2-4000-4c9a-a2e3-addc448a5f92.png,smear,bbbc041_field,train
data/bbbc041/raw/malaria/images/fac4b0e2-6b52-4c0e-b762-4fa65d552856.png,smear,bbbc041_field,train
data/bbbc041/raw/malaria/images/1493d140-c9d5-4c3a-9caf-3eafb290a49b.png,smear,bbbc041_field,train
data/bbbc041/raw/malaria/images/8002cb71-0f25-4fa4-a46f-b49e5aeded0c.png,smear,bbbc041_field,train
data/bbbc041/raw/malaria/images/cd2774a0-dab2-4d68-aae9-7568b9f3d2a6.png,smear,bbbc041_field,train
data/bbbc041/raw/malaria/images/4d8a4ce8-0f9c-4f21-8844-4cf0e5514bbf.png,smear,bbbc041_field,train
data/bbbc041/raw/malaria/images/06401963-8b02-46c5-ab2a-3d70bd01623f.png,smear,bbbc041_field,train
data/bbbc041/raw/malaria/images/c5db0fc0-b96c-496e-90b4-f9fb1b85b28e.png,smear,bbbc041_field,train
data/bbbc041/raw/malaria/images/31653d0f-c4e6-4e12-8005-518c2de34687.png,smear,bbbc041_field,train
data/bbbc041/raw/malaria/images/c691c8ef-d3c7-47b6-a941-f6a1089f21a9.png,smear,bbbc041_field,train
data/bbbc041/raw/malaria/images/a23f5539-bfe6-4885-9a0e-dba972475ea9.png,smear,bbbc041_field,train
data/bbbc041/raw/malaria/images/716273ea-19c4-49af-8604-df587b295eca.png,smear,bbbc041_field,train
data/bbbc041/raw/malaria/images/4a0a05e1-11ad-4bfc-bfa3-adf3b9bd0b56.png,smear,bbbc041_field,train
data/bbbc041/raw/malaria/images/e234ce8b-4ec4-4d93-9068-d7854d77ddf4.png,smear,bbbc041_field,train
data/bbbc041/raw/malaria/images/adff6e1d-ba9d-4c7b-a8fe-1ec458eaeeb8.png,smear,bbbc041_field,train
data/bbbc041/raw/malaria/images/db7c5ec1-fefe-4e9d-83c1-da8fb982f1e2.png,smear,bbbc041_field,train
data/bbbc041/raw/malaria/images/cc275c45-7511-4070-84af-10b8ffebda53.png,smear,bbbc041_field,train
data/bbbc041/raw/malaria/images/565513be-2c20-4ee3-94f3-093869515d3d.png,smear,bbbc041_field,train
data/bbbc041/raw/malaria/images/f2574be3-81c6-4fc3-8a40-0230d1264f52.png,smear,bbbc041_field,train
data/bbbc041/raw/malaria/images/d09eed76-e09b-4d90-b8f0-5a801beae41c.png,smear,bbbc041_field,train
data/bbbc041/raw/malaria/images/6c7095cd-ab6b-4f53-bd94-905d0cc95840.png,smear,bbbc041_field,train
data/bbbc041/raw/malaria/images/0f735cca-051c-4048-a1fa-cb36f389e12f.png,smear,bbbc041_field,train
data/bbbc041/raw/malaria/images/5a539312-6cfa-43e6-8d5d-db883f343ad9.png,smear,bbbc041_field,train
data/bbbc041/raw/malaria/images/5893e081-04f2-4e33-9851-bed5f0e4d333.png,smear,bbbc041_field,train
data/bbbc041/raw/malaria/images/5c037ffc-f515-48b3-b231-c110fbd2b8ca.png,smear,bbbc041_field,train
data/bbbc041/raw/malaria/images/a0eeeb10-d0cb-48d9-8c22-2c3a3c908d00.png,smear,bbbc041_field,train
data/bbbc041/raw/malaria/images/5dec0204-af81-44ef-a942-8a173669c123.png,smear,bbbc041_field,train
data/bbbc041/raw/malaria/images/fe1ee954-ba71-47b3-954a-d20ab940cd7b.png,smear,bbbc041_field,train
data/bbbc041/raw/malaria/images/04a567df-5463-4043-81f1-d726223c19a9.png,smear,bbbc041_field,train
data/bbbc041/raw/malaria/images/d3ed519e-2152-4e30-838d-a3ea23be512f.png,smear,bbbc041_field,train
data/bbbc041/raw/malaria/images/e40000b4-1b26-42ce-909d-4715e04f0a6e.png,smear,bbbc041_field,train
data/bbbc041/raw/malaria/images/2f68686f-1fe8-46e7-ad92-a08e3523ea79.png,smear,bbbc041_field,train
data/bbbc041/raw/malaria/images/05717db9-f1ef-4101-a9f7-7a007e83b1c9.png,smear,bbbc041_field,train
data/bbbc041/raw/malaria/images/9615ff33-b3fc-4d1e-9c05-0b8e3ef936df.png,smear,bbbc041_field,train
data/bbbc041/raw/malaria/images/a6aa3b72-2970-4c78-b655-ea8dfe6e018c.png,smear,bbbc041_field,train
data/bbbc041/raw/malaria/images/6b2ff7ca-c5b3-415c-9481-7b14efc6d7ef.png,smear,bbbc041_field,train
data/bbbc041/raw/malaria/images/22516db4-8687-4051-90c4-2bb1ca3204a5.png,smear,bbbc041_field,train
data/bbbc041/raw/malaria/images/a1ff36df-71df-4e6e-a65f-ced9a2b381c3.png,smear,bbbc041_field,train
data/bbbc041/raw/malaria/images/dd7142e4-2d86-4170-a41f-e825743e8907.png,smear,bbbc041_field,train
data/bbbc041/raw/malaria/images/c3042130-a6e2-458f-9fde-bb012f68f5f2.png,smear,bbbc041_field,train
data/bbbc041/raw/malaria/images/cfab01d3-0616-4efb-9290-11f0fd8bf5a3.png,smear,bbbc041_field,train
data/bbbc041/raw/malaria/images/4876c9d0-b386-48fb-84e8-91bf87529161.png,smear,bbbc041_field,train
data/bbbc041/raw/malaria/images/3d302619-473d-4c5b-af43-8833ff94233f.png,smear,bbbc041_field,train
data/bbbc041/raw/malaria/images/cb08956d-dd6a-4e13-817b-40a0a93068f1.png,smear,bbbc041_field,train
data/bbbc041/raw/malaria/images/7625dfc4-858a-4c8e-907c-8943d665e9a7.png,smear,bbbc041_field,train
data/bbbc041/raw/malaria/images/5397d8e2-bb09-42e7-9861-65ffad0fe94e.png,smear,bbbc041_field,train
data/bbbc041/raw/malaria/images/985627c9-7b85-40de-a106-eb9cc47b47cb.png,smear,bbbc041_field,train
data/bbbc041/raw/malaria/images/c186dcd1-af61-455f-9619-1fdd8c881b06.png,smear,bbbc041_field,train
data/bbbc041/raw/malaria/images/d9345456-b76d-46cc-b81e-46d4a0a7b652.png,smear,bbbc041_field,train
data/bbbc041/raw/malaria/images/3dad6483-ac30-4d2b-b045-9f24fe6ff75e.png,smear,bbbc041_field,train
data/bbbc041/raw/malaria/images/e6d7c5e1-43fc-4712-86d5-aa70252b978f.png,smear,bbbc041_field,train
data/bbbc041/raw/malaria/images/b9de8b1a-f96a-4eb5-bc05-84ad43a054f3.png,smear,bbbc041_field,train
data/bbbc041/raw/malaria/images/9258fe22-6406-4d00-b6f0-3f9492925405.png,smear,bbbc041_field,train
data/bbbc041/raw/malaria/images/79b3a64f-2fb9-46e0-85d4-2bdd59c2075e.png,smear,bbbc041_field,train
data/bbbc041/raw/malaria/images/a588091c-5e4c-4e61-914d-e96f3ee3e505.png,smear,bbbc041_field,train
data/bbbc041/raw/malaria/images/33bdb7b5-ad5b-4a73-bbc2-3350f8c2ac0c.png,smear,bbbc041_field,train
data/bbbc041/raw/malaria/images/036e008f-07a1-4e92-899d-1822dc390ccb.png,smear,bbbc041_field,train
data/bbbc041/raw/malaria/images/fd1302e2-3cd2-4a1a-9c13-00f810a9c41b.png,smear,bbbc041_field,train
data/bbbc041/raw/malaria/images/755e5bf8-e8e1-492b-a32f-f7d87cccaa40.png,smear,bbbc041_field,train
data/bbbc041/raw/malaria/images/3e33ee12-ef02-4287-8318-7ad3b284a617.png,smear,bbbc041_field,train
data/bbbc041/raw/malaria/images/157ac97a-396e-4f6c-94c6-72a4d06ccc5f.png,smear,bbbc041_field,train
data/bbbc041/raw/malaria/images/72029aca-f0bc-477f-b790-f345f86228ce.png,smear,bbbc041_field,train
data/bbbc041/raw/malaria/images/2d0f600d-f94e-4907-b712-52fb37d9ed52.png,smear,bbbc041_field,train
data/bbbc041/raw/malaria/images/5f491efd-a21c-4a80-aaba-70b8876238ac.png,smear,bbbc041_field,train
data/bbbc041/raw/malaria/images/03b9d6ad-39ca-4097-a98b-77f02b3c00a7.png,smear,bbbc041_field,train
data/bbbc041/raw/malaria/images/a85cd1ae-0c94-4387-8305-84ab8d96d137.png,smear,bbbc041_field,train
data/bbbc041/raw/malaria/images/7eb95580-693f-41b6-9338-174be1430c23.png,smear,bbbc041_field,train
data/bbbc041/raw/malaria/images/7c68c343-a7d3-4d26-b330-a5bb97ab8d9c.png,smear,bbbc041_field,train
data/bbbc041/raw/malaria/images/9e793460-d94c-47ac-b3a7-0d6ad86357da.png,smear,bbbc041_field,train
data/bbbc041/raw/malaria/images/4184a235-d209-4151-86e9-6c77e7938dab.png,smear,bbbc041_field,train
data/bbbc041/raw/malaria/images/c10b125d-10c2-474a-9c6a-5249935c638e.png,smear,bbbc041_field,train
data/bbbc041/raw/malaria/images/5077f87d-a19f-494c-b911-14ccb03bd230.png,smear,bbbc041_field,train
data/bbbc041/raw/malaria/images/477e541c-0519-4542-9b13-8ee7922644d3.png,smear,bbbc041_field,train
data/bbbc041/raw/malaria/images/7db1373d-5bbf-47e6-ab40-30cba7678745.png,smear,bbbc041_field,train
data/bbbc041/raw/malaria/images/ea6b012a-3425-4bfc-a61d-88563aa2a264.png,smear,bbbc041_field,train
data/bbbc041/raw/malaria/images/672e4ecf-a56b-462e-b83b-76f4efaa6634.png,smear,bbbc041_field,train
data/bbbc041/raw/malaria/images/948c94ad-395c-41f4-9a68-8a1dcb76888c.png,smear,bbbc041_field,train
data/bbbc041/raw/malaria/images/2f9f400d-2d67-4118-aaa1-9094bc4b0e47.png,smear,bbbc041_field,train
data/bbbc041/raw/malaria/images/989d86a1-6d76-4089-85cf-2f2ca0a8456c.png,smear,bbbc041_field,train
data/bbbc041/raw/malaria/images/a2ccbf70-e444-49a9-8b7e-9797a05220d8.png,smear,bbbc041_field,train
data/bbbc041/raw/malaria/images/74261741-4d6e-4dba-8ad4-4fbdf919c30f.png,smear,bbbc041_field,train
data/bbbc041/raw/malaria/images/6695a204-e39c-4418-b904-3f080fdbe7e8.png,smear,bbbc041_field,train
data/bbbc041/raw/malaria/images/03359d4d-69cb-4146-8286-ca7399366f97.png,smear,bbbc041_field,train
data/bbbc041/raw/malaria/images/4ce5a070-9ede-4bb1-9ca2-1bae5746776b.png,smear,bbbc041_field,train
data/bbbc041/raw/malaria/images/3317d733-ec0d-45e6-b631-40457392f343.png,smear,bbbc041_field,train
data/bbbc041/raw/malaria/images/7521ec48-57b5-48a8-a5d6-8280ad5da19c.png,smear,bbbc041_field,train
data/bbbc041/raw/malaria/images/90a82250-1f68-48c9-9af9-15f18bf8c974.png,smear,bbbc041_field,train
data/bbbc041/raw/malaria/images/06a3effb-996c-4767-afd2-6aa3b697cb4e.png,smear,bbbc041_field,train
data/bbbc041/raw/malaria/images/c7ec51d5-9f45-4209-8357-39e9a984a733.png,smear,bbbc041_field,train
data/bbbc041/raw/malaria/images/7942691b-6376-4c75-ae8a-ddf65454dcb2.png,smear,bbbc041_field,train
data/bbbc041/raw/malaria/images/4748ba2b-6771-41d9-93a5-af9ccd559261.png,smear,bbbc041_field,train
data/bbbc041/raw/malaria/images/79f63258-24ce-4e69-a5cb-8529635a89a9.png,smear,bbbc041_field,train
data/bbbc041/raw/malaria/images/9af1ee02-87fd-42bc-963e-fa9ac3eb45bb.png,smear,bbbc041_field,train
data/bbbc041/raw/malaria/images/acdc6e12-73d9-44ba-be8c-2a56aaffef4f.png,smear,bbbc041_field,train
data/bbbc041/raw/malaria/images/bbecf1a8-a728-4c83-87f8-4dfbac0a1e03.png,smear,bbbc041_field,train
data/bbbc041/raw/malaria/images/6e39fb0a-aa41-4b16-b783-7589e97bf289.png,smear,bbbc041_field,train
data/bbbc041/raw/malaria/images/143f5959-5b6d-4f95-bcee-9e110450fc22.png,smear,bbbc041_field,train
data/bbbc041/raw/malaria/images/7094c11a-1e62-4f98-894e-d17d138a88e9.png,smear,bbbc041_field,train
data/bbbc041/raw/malaria/images/9a1cd456-310c-47b6-a1f8-0fbd8e33d1fd.png,smear,bbbc041_field,train
data/bbbc041/raw/malaria/images/b8339d7b-85ec-48d0-83e8-c8f831070459.png,smear,bbbc041_field,train
data/bbbc041/raw/malaria/images/9f38055f-4fe6-47fd-a6dd-c0743db4eccf.png,smear,bbbc041_field,train
data/bbbc041/raw/malaria/images/089c9744-f906-41d8-908d-1e37919a8658.png,smear,bbbc041_field,train
data/bbbc041/raw/malaria/images/e4eea7ea-8989-46a9-9c98-25a178146b28.png,smear,bbbc041_field,train
data/bbbc041/raw/malaria/images/f4c2b43f-a2e7-4746-8034-0b34aebba8ee.png,smear,bbbc041_field,train
data/bbbc041/raw/malaria/images/f7a4334a-4332-4de8-b39b-22da907976f2.png,smear,bbbc041_field,train
data/bbbc041/raw/malaria/images/252071ac-e9f2-41d2-abbb-87ef01b8a997.png,smear,bbbc041_field,train
data/bbbc041/raw/malaria/images/a63ce82f-f3d1-4818-9035-d3d230e5f686.png,smear,bbbc041_field,train
data/bbbc041/raw/malaria/images/715761a2-745e-4743-9849-956a034ad3c4.png,smear,bbbc041_field,train
data/bbbc041/raw/malaria/images/84d7545e-c3a8-4b1f-9a39-36aab78c8699.png,smear,bbbc041_field,train
data/bbbc041/raw/malaria/images/bd432159-5956-457c-bdeb-1b5e702ba513.png,smear,bbbc041_field,train
data/bbbc041/raw/malaria/images/255d5f0c-87fc-4337-bb51-07c440df4f1b.png,smear,bbbc041_field,train
data/bbbc041/raw/malaria/images/a6391703-0820-4913-a7cd-e843ff0d84ba.png,smear,bbbc041_field,train
data/bbbc041/raw/malaria/images/540a5fee-175b-4b92-bf62-1ea9b59c86c6.png,smear,bbbc041_field,train
data/bbbc041/raw/malaria/images/b8a4d467-c40c-4ebf-91dd-1c19d0f2a7ae.png,smear,bbbc041_field,train
data/bbbc041/raw/malaria/images/e9e78ff8-831b-46e9-9785-3eee9acbfcd8.png,smear,bbbc041_field,train
data/bbbc041/raw/malaria/images/da111ca5-520f-4ea8-97ad-ae5fce58ee91.png,smear,bbbc041_field,train
data/bbbc041/raw/malaria/images/56077789-8580-41b4-89d6-deea227e5c60.png,smear,bbbc041_field,train
data/bbbc041/raw/malaria/images/21cc498b-8cb2-42ed-8f80-bfa27b86ef11.png,smear,bbbc041_field,train
data/bbbc041/raw/malaria/images/239f17eb-a2e2-47e9-82e3-fa0d9a70fb9f.png,smear,bbbc041_field,train
data/bbbc041/raw/malaria/images/bf20d04d-ff8a-4910-91d7-94054c267d1b.png,smear,bbbc041_field,train
data/bbbc041/raw/malaria/images/67f5ca94-d84e-490e-bf0d-4ffba7bdbe30.png,smear,bbbc041_field,train
data/bbbc041/raw/malaria/images/ee57e743-a876-4f69-9fe5-bf5d01b44689.png,smear,bbbc041_field,train
data/bbbc041/raw/malaria/images/c03d9b87-e19b-402b-ad86-b30d6e8aeb59.png,smear,bbbc041_field,train
data/bbbc041/raw/malaria/images/71cf2467-77d3-4fac-ac6e-1d8767717c34.png,smear,bbbc041_field,train
data/bbbc041/raw/malaria/images/a0b277cb-20bc-4921-a6bd-5ccd5b91d14f.png,smear,bbbc041_field,train
data/bbbc041/raw/malaria/images/434523fd-d4d9-4961-a7c2-d71d6ae68e13.png,smear,bbbc041_field,train
data/bbbc041/raw/malaria/images/51e86aa9-caa0-4297-94e8-34a57d7f7e36.png,smear,bbbc041_field,train
data/bbbc041/raw/malaria/images/e474a20b-2769-48f1-a520-4f6ef5a0dbf5.png,smear,bbbc041_field,train
data/bbbc041/raw/malaria/images/2ae3e6e6-7482-4ab8-ad73-b530b5c2ee3b.png,smear,bbbc041_field,train
data/bbbc041/raw/malaria/images/4fac16e1-8e62-499b-a66b-c4c890372914.png,smear,bbbc041_field,train
data/bbbc041/raw/malaria/images/4935818a-7e7a-4f44-a3b6-b361d1abfe16.png,smear,bbbc041_field,train
data/bbbc041/raw/malaria/images/a824b499-3736-4581-bbdc-be1b3b4cf756.png,smear,bbbc041_field,train
data/bbbc041/raw/malaria/images/ef1419e0-3a3a-458a-b3b2-7efddac50404.png,smear,bbbc041_field,train
data/bbbc041/raw/malaria/images/f1872d08-f8a6-4b21-aa29-f56bbf607883.png,smear,bbbc041_field,train
data/bbbc041/raw/malaria/images/10be6380-cbbb-4886-8b9e-ff56b1710576.png,smear,bbbc041_field,train
data/bbbc041/raw/malaria/images/67582df6-bf13-4c83-a531-1214692b70de.png,smear,bbbc041_field,train
data/bbbc041/raw/malaria/images/d12c5f45-6b20-46d6-a66f-c5a4683c25b3.png,smear,bbbc041_field,train
data/bbbc041/raw/malaria/images/f20a4fcf-ea8e-4c14-883d-d26a9e08ce25.png,smear,bbbc041_field,train
data/bbbc041/raw/malaria/images/87d6343b-70dd-4cdd-939f-d3ac0ca2e700.png,smear,bbbc041_field,train
data/bbbc041/raw/malaria/images/e640ae51-cbf1-4a84-b7cf-d38b17f59c2f.png,smear,bbbc041_field,train
data/bbbc041/raw/malaria/images/3dcd4f1b-ce43-4a34-b1ed-076bb42963b1.png,smear,bbbc041_field,train
data/bbbc041/raw/malaria/images/452ab003-ced5-40cb-82d1-5495d9e068b1.png,smear,bbbc041_field,train
data/bbbc041/raw/malaria/images/d532e31c-10ce-4313-9a36-bd5e01230254.png,smear,bbbc041_field,train
data/bbbc041/raw/malaria/images/177a3141-fa93-426a-9b52-7da71547ce44.png,smear,bbbc041_field,train
data/bbbc041/raw/malaria/images/d7c7eb2c-2acd-4f86-8a5a-09ab3dd02d16.png,smear,bbbc041_field,train
data/bbbc041/raw/malaria/images/dedbb10c-43f1-45fb-bb40-3ce2fb874015.png,smear,bbbc041_field,train
data/bbbc041/raw/malaria/images/0ceb4539-5c4c-487d-9826-452a88b5d537.png,smear,bbbc041_field,train
data/bbbc041/raw/malaria/images/6ab870ba-b24b-49a9-9570-8eafe63aa74e.png,smear,bbbc041_field,train
data/bbbc041/raw/malaria/images/ad36bd67-594b-4f63-93e3-886af0bc618e.png,smear,bbbc041_field,train
data/bbbc041/raw/malaria/images/f2a8a483-b254-43aa-817f-7d525adb8911.png,smear,bbbc041_field,train
data/bbbc041/raw/malaria/images/6fd30823-3b77-40c9-ba5d-e1eda9660674.png,smear,bbbc041_field,train
data/bbbc041/raw/malaria/images/bb795ddf-ce72-42d5-9006-124db4d5cf1c.png,smear,bbbc041_field,train
data/bbbc041/raw/malaria/images/2196389c-45ec-46b5-bc6c-1f4a33df7f7c.png,smear,bbbc041_field,train
data/bbbc041/raw/malaria/images/8b89b3fc-95ef-4f2e-b94b-0291dbffe0f4.png,smear,bbbc041_field,train
data/bbbc041/raw/malaria/images/dd090806-e4ac-4a78-b2ee-55a30626369c.png,smear,bbbc041_field,train
data/bbbc041/raw/malaria/images/b523daee-317b-461d-bdc1-07b4add4d488.png,smear,bbbc041_field,train
data/bbbc041/raw/malaria/images/76021d69-8919-4688-95ef-7418eff620cc.png,smear,bbbc041_field,train
data/bbbc041/raw/malaria/images/f32b21ae-5ca7-490b-bc40-6db9396d933c.png,smear,bbbc041_field,train
data/bbbc041/raw/malaria/images/b834cbf7-ff97-49d9-9561-566c9343735c.png,smear,bbbc041_field,train
data/bbbc041/raw/malaria/images/4adcaa26-aa1f-47b5-bdf0-18c9f814f576.png,smear,bbbc041_field,train
data/bbbc041/raw/malaria/images/f77d7469-d083-4c2d-a4ea-5a9ff162e3e2.png,smear,bbbc041_field,train
data/bbbc041/raw/malaria/images/37a94c0f-e5d4-46fc-b4f8-994d477995fd.png,smear,bbbc041_field,train
data/bbbc041/raw/malaria/images/89f10192-d3dd-4996-a571-4c851dbdc983.png,smear,bbbc041_field,train
data/bbbc041/raw/malaria/images/07a96126-482e-4beb-b42a-0cb59e505372.png,smear,bbbc041_field,train
data/bbbc041/raw/malaria/images/65e8b0cd-05d1-4c8d-8efd-24bf71df3167.png,smear,bbbc041_field,train
data/bbbc041/raw/malaria/images/8a4aadac-cf5c-4a79-b875-271b3fbfd230.png,smear,bbbc041_field,train
data/bbbc041/raw/malaria/images/bb3ae957-0f6d-4615-bfe5-24fbca50b459.png,smear,bbbc041_field,train
data/bbbc041/raw/malaria/images/21c2a8aa-407c-4569-8212-96fcafa84138.png,smear,bbbc041_field,train
data/bbbc041/raw/malaria/images/04de27ff-0d36-4da3-a829-e93851d76981.png,smear,bbbc041_field,train
data/bbbc041/raw/malaria/images/035f6c4b-0897-46ab-9c3b-5f3b0feff043.png,smear,bbbc041_field,train
data/bbbc041/raw/malaria/images/a0eedcb9-b85c-4612-b945-7e8227f53c35.png,smear,bbbc041_field,train
data/bbbc041/raw/malaria/images/1976cd04-d24f-457c-b423-7e4cdb05de9e.png,smear,bbbc041_field,train
data/bbbc041/raw/malaria/images/1f8edb2a-40bc-4beb-aa6b-884d2473df0f.png,smear,bbbc041_field,train
data/bbbc041/raw/malaria/images/77e76e62-2c71-4b52-9b21-0d1bcde9f9bf.png,smear,bbbc041_field,train
data/bbbc041/raw/malaria/images/f4c00b8c-d675-4255-8277-ca65bd757f51.png,smear,bbbc041_field,train
data/bbbc041/raw/malaria/images/20d4f65e-6c63-433a-935c-d568d577967b.png,smear,bbbc041_field,train
data/bbbc041/raw/malaria/images/63d36d2c-43a9-49ac-9504-028b4968c860.png,smear,bbbc041_field,train
data/bbbc041/raw/malaria/images/09ecf7be-28e2-4531-b9e2-07e01c44097d.png,smear,bbbc041_field,train
data/bbbc041/raw/malaria/images/2cc3c4ad-670f-41b6-8910-0704cbc192ef.png,smear,bbbc041_field,train
data/bbbc041/raw/malaria/images/533c47c9-02a6-419b-961b-81797f022f6c.png,smear,bbbc041_field,train
data/bbbc041/raw/malaria/images/55836297-fc8e-4e00-9767-0d12b86e4604.png,smear,bbbc041_field,train
data/bbbc041/raw/malaria/images/7e25ced3-5caf-47f8-ad0c-42946bd4468b.png,smear,bbbc041_field,train
data/bbbc041/raw/malaria/images/44b4a765-104e-4182-8871-e933c83c91ef.png,smear,bbbc041_field,train
data/bbbc041/raw/malaria/images/261562a8-ffd8-4e0e-919b-22e267000b74.png,smear,bbbc041_field,train
data/bbbc041/raw/malaria/images/0901f9d1-be4f-4c19-8e83-dd724dded9f5.png,smear,bbbc041_field,train
data/bbbc041/raw/malaria/images/58f7e1da-3478-48f4-958c-e9b1cb8696aa.png,smear,bbbc041_field,train
data/bbbc041/raw/malaria/images/16244280-6c74-47d3-b544-9fd6831a6bf9.png,smear,bbbc041_field,train
data/bbbc041/raw/malaria/images/6294153c-6db3-4f2b-a8ff-9c087225e737.png,smear,bbbc041_field,train
data/bbbc041/raw/malaria/images/68e69cfb-1a07-48d2-8abe-46b46fe264ed.png,smear,bbbc041_field,train
data/bbbc041/raw/malaria/images/686ed568-d5f8-475e-81ad-edab9dd473a0.png,smear,bbbc041_field,train
data/bbbc041/raw/malaria/images/f28e6d66-af71-40c1-b30c-da71d7230a3f.png,smear,bbbc041_field,train
data/bbbc041/raw/malaria/images/8271d0d8-9985-43eb-94b3-c702adca139f.png,smear,bbbc041_field,train
data/bbbc041/raw/malaria/images/9ca20b10-e2fd-4bd2-93ef-78298f763ed5.png,smear,bbbc041_field,train
data/bbbc041/raw/malaria/images/5a043d69-f435-46d4-8691-395c1602a76a.png,smear,bbbc041_field,train
data/bbbc041/raw/malaria/images/997eabd9-55bf-4683-83c4-4cee4673a4ef.png,smear,bbbc041_field,train
data/bbbc041/raw/malaria/images/3b13e20f-ec0d-44ec-b2f4-eaebfa09150e.png,smear,bbbc041_field,train
data/bbbc041/raw/malaria/images/edd09b2e-2673-4405-8ac0-e476e003e96a.png,smear,bbbc041_field,train
data/bbbc041/raw/malaria/images/2afe2750-c963-46f9-a1ad-9260e80679ca.png,smear,bbbc041_field,train
data/bbbc041/raw/malaria/images/58ced55c-bf0d-4204-b6b2-4f8992d92779.png,smear,bbbc041_field,train
data/bbbc041/raw/malaria/images/d997337e-e4a8-4ef0-b8ba-975e6c43b62c.png,smear,bbbc041_field,train
data/bbbc041/raw/malaria/images/eeac81a5-9202-4965-b7de-35b12910cdf6.png,smear,bbbc041_field,train
data/bbbc041/raw/malaria/images/83ec1cb9-1714-4bf1-81f6-115fde84564d.png,smear,bbbc041_field,train
data/bbbc041/raw/malaria/images/7beee655-6156-43b8-b185-dbae0eaf7f45.png,smear,bbbc041_field,train
data/bbbc041/raw/malaria/images/1c87b997-a8e6-48ca-bf40-19b9a7fd6a96.png,smear,bbbc041_field,train
data/bbbc041/raw/malaria/images/de00f9a5-aa8b-4679-8ec6-85528a942d6f.png,smear,bbbc041_field,train
data/bbbc041/raw/malaria/images/29648565-fe28-4517-ba72-68df0c82c9c5.png,smear,bbbc041_field,train
data/bbbc041/raw/malaria/images/7eae1169-e294-4594-8e03-1366d23ff2d1.png,smear,bbbc041_field,train
data/bbbc041/raw/malaria/images/6bfe6a90-8a69-4171-8e7f-42dc9417c6d9.png,smear,bbbc041_field,train
data/bbbc041/raw/malaria/images/4811fdf2-d7e8-475e-a840-45dda5282bf3.png,smear,bbbc041_field,train
data/bbbc041/raw/malaria/images/361a3578-4cbb-422b-9e3c-b5e61395b12e.png,smear,bbbc041_field,train
data/bbbc041/raw/malaria/images/29539cb0-1c52-46b2-9302-552f8349dc71.png,smear,bbbc041_field,train
data/bbbc041/raw/malaria/images/a6d85204-24b8-4b23-a8b1-c3e8b93f9f22.png,smear,bbbc041_field,train
data/bbbc041/raw/malaria/images/91e93160-eb8d-4de0-b6bc-b98ec33d1663.png,smear,bbbc041_field,train
data/bbbc041/raw/malaria/images/fd1c4c7a-24bc-43f2-b84f-fee182207aee.png,smear,bbbc041_field,train
data/bbbc041/raw/malaria/images/6388e241-09a2-4fbe-a712-07d8fe714c51.png,smear,bbbc041_field,train
data/bbbc041/raw/malaria/images/be779f52-0bfa-4c01-a16f-b7f0bc92ed7c.png,smear,bbbc041_field,train
data/bbbc041/raw/malaria/images/dec61ae1-5037-4c3a-8952-15371becca7d.png,smear,bbbc041_field,train
data/bbbc041/raw/malaria/images/b78ba2c8-ecb3-45b2-9cda-2c8088fa95d1.png,smear,bbbc041_field,train
data/bbbc041/raw/malaria/images/9e82c996-2cfa-418d-9482-8ee23e9d0a5d.png,smear,bbbc041_field,train
data/bbbc041/raw/malaria/images/191071ab-6515-428c-9f05-8e4309542b75.png,smear,bbbc041_field,train
data/bbbc041/raw/malaria/images/bf002a25-6535-4621-be19-56d468be5413.png,smear,bbbc041_field,train
data/bbbc041/raw/malaria/images/98efca97-37d2-4459-aca6-375ecc0c4539.png,smear,bbbc041_field,train
data/bbbc041/raw/malaria/images/9691c57a-ccf8-47f9-a8e9-9a324974585b.png,smear,bbbc041_field,train
data/bbbc041/raw/malaria/images/5dec94a3-e3ca-4a58-9702-88e5a83ef612.png,smear,bbbc041_field,train
data/bbbc041/raw/malaria/images/3612aa3b-2906-44a6-9c80-6144511a35ce.png,smear,bbbc041_field,train
data/bbbc041/raw/malaria/images/e5fd5949-4cd0-4cb6-837a-02c26a5eb87a.png,smear,bbbc041_field,train
data/bbbc041/raw/malaria/images/f07174a5-f799-4286-ac43-5b0f5c5777ac.png,smear,bbbc041_field,train
data/bbbc041/raw/malaria/images/a3ada657-de00-44db-b1e2-54ba17e39983.png,smear,bbbc041_field,train
data/bbbc041/raw/malaria/images/dcb21739-3c36-459d-b3cc-1be5871d6fe7.png,smear,bbbc041_field,train
data/bbbc041/raw/malaria/images/4372709c-f356-4906-be17-415384d916e8.png,smear,bbbc041_field,train
data/bbbc041/raw/malaria/images/28c96a4a-4549-4761-99e4-ace4ea7e7ac9.png,smear,bbbc041_field,train
data/bbbc041/raw/malaria/images/99e979d4-ee97-4d7f-9da6-00bead40db4d.png,smear,bbbc041_field,train
data/bbbc041/raw/malaria/images/7d4d0646-26b5-46fa-ab25-452d986e887b.png,smear,bbbc041_field,train
data/bbbc041/raw/malaria/images/0f26699f-a776-4424-b092-27da9a1d12e2.png,smear,bbbc041_field,train
data/bbbc041/raw/malaria/images/6f67a66b-56ec-4c36-ae7c-f250d3b86a23.png,smear,bbbc041_field,train
data/bbbc041/raw/malaria/images/ca677c3c-083f-4d54-9dec-39f79f6a17d8.png,smear,bbbc041_field,train
data/bbbc041/raw/malaria/images/83d4e1fe-da84-4175-a9e2-8efc18782dcf.png,smear,bbbc041_field,train
data/bbbc041/raw/malaria/images/c17523c5-90a0-4a6b-9b33-2b4a6cf58d36.png,smear,bbbc041_field,train
data/bbbc041/raw/malaria/images/c4c7ed75-dbdf-4bb6-b6ba-718903cf7264.png,smear,bbbc041_field,train
data/bbbc041/raw/malaria/images/8ab5c462-045e-4b59-b53a-9b2bc3ed2487.png,smear,bbbc041_field,train
data/bbbc041/raw/malaria/images/8e0dfc1f-e3eb-4a3f-a1c4-249bdfbfaa27.png,smear,bbbc041_field,train
data/bbbc041/raw/malaria/images/07346d2e-a6e6-4dc0-95f1-9f7d8d7e3f66.png,smear,bbbc041_field,train
data/bbbc041/raw/malaria/images/f5869ba8-6253-426b-93f3-82af59a86144.png,smear,bbbc041_field,train
data/bbbc041/raw/malaria/images/3090a362-1f3d-49e9-a76e-ce76ff9c2276.png,smear,bbbc041_field,train
data/bbbc041/raw/malaria/images/d32022fa-e492-4b31-a776-9435cfdef6d6.png,smear,bbbc041_field,train
data/bbbc041/raw/malaria/images/59dc7da9-35d1-421e-a61b-1e9637bfbfa1.png,smear,bbbc041_field,train
data/bbbc041/raw/malaria/images/6303f964-98ef-47c6-bb2d-283aa393f918.png,smear,bbbc041_field,train
data/bbbc041/raw/malaria/images/eb6e8684-b84e-483d-b835-f59286d2516b.png,smear,bbbc041_field,train
data/bbbc041/raw/malaria/images/8be185e7-2a1a-441c-a5c7-b50a9eb926cb.png,smear,bbbc041_field,train
data/bbbc041/raw/malaria/images/5ff7c0c8-d208-4e7d-958d-ca3c2260ff39.png,smear,bbbc041_field,train
data/bbbc041/raw/malaria/images/f97c7c87-5e27-45ea-9f93-3285d74091de.png,smear,bbbc041_field,train
data/bbbc041/raw/malaria/images/471f75c6-bd5d-4c20-bcc1-258e836f4d69.png,smear,bbbc041_field,train
data/bbbc041/raw/malaria/images/b600b38d-225b-46a5-b6f8-b607430f6a10.png,smear,bbbc041_field,train
data/bbbc041/raw/malaria/images/e3c1442a-717f-41dd-bf97-81e1233ac9fa.png,smear,bbbc041_field,train
data/bbbc041/raw/malaria/images/458cb2e9-5a7f-437c-ac5d-a56f98a3efdf.png,smear,bbbc041_field,train
data/bbbc041/raw/malaria/images/c890ee00-daa5-4b20-9cd5-930748ecc4e0.png,smear,bbbc041_field,train
data/bbbc041/raw/malaria/images/834a30bb-26bf-4e60-9ea1-3250b926892e.png,smear,bbbc041_field,train
data/bbbc041/raw/malaria/images/b21f6c6e-4b45-407a-b4c7-034a115f3ee4.png,smear,bbbc041_field,train
data/bbbc041/raw/malaria/images/04d21589-b777-43c2-86b5-038cbf8c3a4e.png,smear,bbbc041_field,train
data/bbbc041/raw/malaria/images/c5acd0ad-b0f2-478d-b0ad-5aa733aa7b32.png,smear,bbbc041_field,train
data/bbbc041/raw/malaria/images/18dbe7c4-89d2-42a6-a969-1e951ab313b1.png,smear,bbbc041_field,train
data/bbbc041/raw/malaria/images/4b3a49bc-8536-4760-9553-440a6f64db37.png,smear,bbbc041_field,train
data/bbbc041/raw/malaria/images/75c243e2-610d-4d5a-bc5a-4c53d99d9ae9.png,smear,bbbc041_field,train
data/bbbc041/raw/malaria/images/8939e14b-fcdf-48b1-acb9-6514a2fc2fc0.png,smear,bbbc041_field,train
data/bbbc041/raw/malaria/images/aa4a023b-55bd-4259-b15d-7086a9b491e0.png,smear,bbbc041_field,train
data/bbbc041/raw/malaria/images/4411fea2-d785-4eeb-80c6-c739ab6114c4.png,smear,bbbc041_field,train
data/bbbc041/raw/malaria/images/820bbfea-3dae-46fc-b61a-3d0ed2ea01c2.png,smear,bbbc041_field,train
data/bbbc041/raw/malaria/images/50d9fc90-8642-4bb6-91a7-0069a7e37392.png,smear,bbbc041_field,train
data/bbbc041/raw/malaria/images/fbcb2ef0-3c97-4d7a-8b96-0147c73f3941.png,smear,bbbc041_field,train
data/bbbc041/raw/malaria/images/2a6370b0-08f1-4c11-a639-265d4419c9a3.png,smear,bbbc041_field,train
data/bbbc041/raw/malaria/images/679ae89f-4a02-4301-862e-1d844cc66cbf.png,smear,bbbc041_field,train
data/bbbc041/raw/malaria/images/91827f1a-9b04-4ef0-972c-12e90e60c516.png,smear,bbbc041_field,train
data/bbbc041/raw/malaria/images/2e8d6a43-0110-4bf4-8e70-20567e513b81.png,smear,bbbc041_field,train
data/bbbc041/raw/malaria/images/71881a39-a30c-40c7-8c4a-9f64c93e79d9.png,smear,bbbc041_field,train
data/bbbc041/raw/malaria/images/b5513d5b-46fc-4f44-a616-791087fbd608.png,smear,bbbc041_field,train
data/bbbc041/raw/malaria/images/8cc6fe77-5f2f-4670-b4ac-1b49550241a8.png,smear,bbbc041_field,train
data/bbbc041/raw/malaria/images/a065c50b-341d-4803-b4b0-0fe8f04fdbb5.png,smear,bbbc041_field,train
data/bbbc041/raw/malaria/images/e0ff3476-226f-4125-b182-8e524d5503dd.png,smear,bbbc041_field,train
data/bbbc041/raw/malaria/images/a4d7a7e1-5ae1-486d-b6ee-c9af1476ccad.png,smear,bbbc041_field,train
data/bbbc041/raw/malaria/images/a3c0a876-be12-4ede-8aed-18b32a64401b.png,smear,bbbc041_field,train
data/bbbc041/raw/malaria/images/05ac7b2a-6a77-4464-926b-8570f7c01693.png,smear,bbbc041_field,train
data/bbbc041/raw/malaria/images/5939f341-a886-4f63-ae87-2219d000a1d4.png,smear,bbbc041_field,train
data/bbbc041/raw/malaria/images/694222bb-cddf-469a-9526-f873c6fba58e.png,smear,bbbc041_field,train
data/bbbc041/raw/malaria/images/5e2cea49-0823-49d1-83cf-8fd1559cdd93.png,smear,bbbc041_field,train
data/bbbc041/raw/malaria/images/883b726a-f61c-4382-9f1b-2fff302beba6.png,smear,bbbc041_field,train
data/bbbc041/raw/malaria/images/ef83ed4c-2724-4d5f-8abe-1a18d25cea35.png,smear,bbbc041_field,train
data/bbbc041/raw/malaria/images/b426ef1d-4a59-4f90-b593-50226af60a60.png,smear,bbbc041_field,train
data/bbbc041/raw/malaria/images/58d75854-be99-484e-89f0-4ab208fe07e0.png,smear,bbbc041_field,train
data/bbbc041/raw/malaria/images/c147584d-4c61-412a-bdaf-b02b22c18708.png,smear,bbbc041_field,train
data/bbbc041/raw/malaria/images/32a1ea24-b6b7-4253-ad3e-bdf99c2c9b9d.png,smear,bbbc041_field,train
data/bbbc041/raw/malaria/images/04de3a31-fc09-40be-9c2c-9830c57f809d.png,smear,bbbc041_field,train
data/bbbc041/raw/malaria/images/fed6ba05-36a5-45dc-a4e1-9baa7de2c622.png,smear,bbbc041_field,train
data/bbbc041/raw/malaria/images/eed298b3-35f2-4127-88ad-0c4a9062207b.png,smear,bbbc041_field,train
data/bbbc041/raw/malaria/images/516bf1d5-5d00-4985-926c-3993e9bc3ff5.png,smear,bbbc041_field,train
data/bbbc041/raw/malaria/images/5e17f8e6-fd8d-426c-b444-1515d14f04b7.png,smear,bbbc041_field,train
data/bbbc041/raw/malaria/images/78c35732-7e31-4153-842e-55ab1cd656f6.png,smear,bbbc041_field,train
data/bbbc041/raw/malaria/images/34df8890-272d-423a-ae78-ff8d068d3306.png,smear,bbbc041_field,train
data/bbbc041/raw/malaria/images/3b4440f7-a69b-4042-a9d0-d6958abcdf4e.png,smear,bbbc041_field,train
data/bbbc041/raw/malaria/images/7c1cd7c7-7452-4428-a98e-dd7675c8ddea.png,smear,bbbc041_field,train
data/bbbc041/raw/malaria/images/082e1f81-4f49-44ad-b5bb-9dfc155b2ed8.png,smear,bbbc041_field,train
data/bbbc041/raw/malaria/images/65e3d6a6-012c-4b40-9a42-83078eb85e31.png,smear,bbbc041_field,train
data/bbbc041/raw/malaria/images/1d9d4dac-66f9-4c87-b714-d723d5b15fa9.png,smear,bbbc041_field,train
data/bbbc041/raw/malaria/images/d67655e6-0a80-4a86-b552-1f5e85788377.png,smear,bbbc041_field,train
data/bbbc041/raw/malaria/images/d1144956-5a0c-4bd2-b67d-8498c82d6a12.png,smear,bbbc041_field,train
data/bbbc041/raw/malaria/images/b5246b58-6f40-4c9e-8024-f49b0ed6bdbd.png,smear,bbbc041_field,train
data/bbbc041/raw/malaria/images/6b5ed184-cb15-4d54-93bb-9a3ca00184a1.png,smear,bbbc041_field,train
data/bbbc041/raw/malaria/images/5955289d-19e5-45ef-a012-c8ea08ef45e2.png,smear,bbbc041_field,train
data/bbbc041/raw/malaria/images/3006096f-ceeb-42be-b69e-785179d7438b.png,smear,bbbc041_field,train
data/bbbc041/raw/malaria/images/04fb49a2-07b8-4cdf-b6f7-df5c3688e5f8.png,smear,bbbc041_field,train
data/bbbc041/raw/malaria/images/6b8048ed-ebd7-4789-ba87-c1ba94801481.png,smear,bbbc041_field,train
data/bbbc041/raw/malaria/images/2fdbd9bc-bbaf-44c2-b40c-d193709639fa.png,smear,bbbc041_field,train
data/bbbc041/raw/malaria/images/eb77e4a9-acb0-4d83-8055-2c5fcaa54b45.png,smear,bbbc041_field,train
data/bbbc041/raw/malaria/images/b1145408-feae-4637-b4cf-3e70b99cc62d.png,smear,bbbc041_field,train
data/bbbc041/raw/malaria/images/ab59c9e4-3e50-48b9-874d-060d317410cc.png,smear,bbbc041_field,train
data/bbbc041/raw/malaria/images/b02f6804-1697-4a5e-9be7-61931903ab55.png,smear,bbbc041_field,train
data/bbbc041/raw/malaria/images/b7f1a1eb-c150-4456-9c47-e7db8a5cb77a.png,smear,bbbc041_field,train
data/bbbc041/raw/malaria/images/1b369bcf-ced4-4ae2-9196-2664bd2b1738.png,smear,bbbc041_field,train
data/bbbc041/raw/malaria/images/b3606d0e-6fe5-478a-bb4b-64d7c4889d86.png,smear,bbbc041_field,train
data/bbbc041/raw/malaria/images/f01f6659-2114-4801-9d28-1f411432a589.png,smear,bbbc041_field,train
data/bbbc041/raw/malaria/images/5f742392-278d-461c-a848-08def2c28878.png,smear,bbbc041_field,train
data/bbbc041/raw/malaria/images/d7581cb0-7a12-471d-a3d8-68dcea362213.png,smear,bbbc041_field,train
data/bbbc041/raw/malaria/images/eb86033f-4f1c-4e8c-ae84-e8e4c7e08626.png,smear,bbbc041_field,train
data/bbbc041/raw/malaria/images/52767904-4cdc-4821-ba68-8cd0c28f9023.png,smear,bbbc041_field,train
data/bbbc041/raw/malaria/images/08f5a524-0554-49c2-83a8-ae9a6d51e8fd.png,smear,bbbc041_field,train
data/bbbc041/raw/malaria/images/22a464ef-c3da-4d56-b37e-e22e95d945e7.png,smear,bbbc041_field,train
data/bbbc041/raw/malaria/images/70a95e58-ba60-4c1f-adcd-49c198dc2ba0.png,smear,bbbc041_field,train
data/bbbc041/raw/malaria/images/289ef1b7-02d5-42e9-a401-687688181306.png,smear,bbbc041_field,train
data/bbbc041/raw/malaria/images/d47cd049-d78b-4ba3-a7d4-399be4dd1dde.png,smear,bbbc041_field,train
data/bbbc041/raw/malaria/images/07a80340-f65e-4f58-9317-94bb6ebd5a28.png,smear,bbbc041_field,train
data/bbbc041/raw/malaria/images/f8b6a868-60e9-4569-ae69-638a0c39834d.png,smear,bbbc041_field,train
data/bbbc041/raw/malaria/images/28bd16ba-2bcf-46af-b889-41b78d2a50c0.png,smear,bbbc041_field,train
data/bbbc041/raw/malaria/images/e80bad38-66d0-473e-85dd-92142dba37e6.png,smear,bbbc041_field,train
data/bbbc041/raw/malaria/images/c776eb78-3323-4571-b39f-7ffc73ae63ce.png,smear,bbbc041_field,train
data/bbbc041/raw/malaria/images/ca5e6a15-ba65-48ea-8913-2d986e71bf3a.png,smear,bbbc041_field,train
data/bbbc041/raw/malaria/images/701206c5-aaac-4b99-9cc0-4a6854359457.png,smear,bbbc041_field,train
data/bbbc041/raw/malaria/images/939ad732-d7c5-4339-b087-4335b49d6a3c.png,smear,bbbc041_field,train
data/bbbc041/raw/malaria/images/729733ff-a349-4a96-b636-ccabe7d7e167.png,smear,bbbc041_field,train
data/bbbc041/raw/malaria/images/c9499a06-fb31-4552-a9e2-fb4ebb440859.png,smear,bbbc041_field,train
data/bbbc041/raw/malaria/images/45ac9409-5537-44ed-90cd-5c8a1ae0e1e0.png,smear,bbbc041_field,train
data/bbbc041/raw/malaria/images/24115f58-a7d6-4022-a95a-86b515a78d3e.png,smear,bbbc041_field,train
data/bbbc041/raw/malaria/images/597bbff8-6592-41cf-8946-e59b0d1f289a.png,smear,bbbc041_field,train
data/bbbc041/raw/malaria/images/ccb4b13d-ab20-4222-892f-5adf70249aaa.png,smear,bbbc041_field,train
data/bbbc041/raw/malaria/images/093a831a-bf71-4333-bc06-942ae70cb164.png,smear,bbbc041_field,train
data/bbbc041/raw/malaria/images/48e2f0bd-2164-40c3-af43-1f2708359978.png,smear,bbbc041_field,train
data/bbbc041/raw/malaria/images/e2e68cb3-0588-40bb-95b4-356f9cacffc3.png,smear,bbbc041_field,train
data/bbbc041/raw/malaria/images/f48bf825-13c4-42fc-8dd8-10cc4ae6b202.png,smear,bbbc041_field,train
data/bbbc041/raw/malaria/images/0b923ab7-ebff-4079-a4bb-af7da89f374e.png,smear,bbbc041_field,train
data/bbbc041/raw/malaria/images/d3b79739-aea2-4804-8c7a-183b7ed07de3.png,smear,bbbc041_field,train
data/bbbc041/raw/malaria/images/c7c1b873-0548-4a73-9618-f60912e164df.png,smear,bbbc041_field,train
data/bbbc041/raw/malaria/images/fb05b297-180a-4171-b633-09d5616d7534.png,smear,bbbc041_field,train
data/bbbc041/raw/malaria/images/b666fcc2-d0b2-441e-bc5a-c660345eeb5d.png,smear,bbbc041_field,train
data/bbbc041/raw/malaria/images/36569710-a574-40be-ad42-897a6e74a128.png,smear,bbbc041_field,train
data/bbbc041/raw/malaria/images/5c68070c-3391-4db6-8c01-94175105dbea.png,smear,bbbc041_field,train
data/bbbc041/raw/malaria/images/3859deaf-6ae1-49a3-9051-898d0f0d7de6.png,smear,bbbc041_field,train
data/bbbc041/raw/malaria/images/49c4dbd3-6269-4d4c-9648-a2146c57bab1.png,smear,bbbc041_field,train
data/bbbc041/raw/malaria/images/4767bfcc-fe87-4962-8c40-6ce8d9363cdf.png,smear,bbbc041_field,train
data/bbbc041/raw/malaria/images/f5c51193-8a27-4ef3-83ad-771395d63caf.png,smear,bbbc041_field,train
data/bbbc041/raw/malaria/images/d33bc9fc-3444-4f26-8082-307f9fccc52b.png,smear,bbbc041_field,train
data/bbbc041/raw/malaria/images/1d4f06e1-9c9b-487e-84cd-e7e50cc754da.png,smear,bbbc041_field,train
data/bbbc041/raw/malaria/images/1fe1e118-adb8-4b10-a41e-1e5814e8f067.png,smear,bbbc041_field,train
data/bbbc041/raw/malaria/images/f274b784-b995-4a7e-a2c2-6cc31c24c4b4.png,smear,bbbc041_field,train
data/bbbc041/raw/malaria/images/25132962-ff5d-4737-995f-c54d8490539b.png,smear,bbbc041_field,train
data/bbbc041/raw/malaria/images/1b7f47fc-26cd-4273-b848-88a7cbfd9f85.png,smear,bbbc041_field,train
data/bbbc041/raw/malaria/images/505355c9-23bf-4f90-8ebc-6a7ef50964d0.png,smear,bbbc041_field,train
data/bbbc041/raw/malaria/images/bdb5d571-27bc-4a42-ae45-aa5a9af40a81.png,smear,bbbc041_field,train
data/bbbc041/raw/malaria/images/02fb5e19-6f94-4787-bb78-e550a29a3cbd.png,smear,bbbc041_field,train
data/bbbc041/raw/malaria/images/f09acb0c-b270-4e91-99f8-410adfa7f34a.png,smear,bbbc041_field,train
data/bbbc041/raw/malaria/images/50d52637-f5e0-4d0d-aaee-4a29f044cf74.png,smear,bbbc041_field,train
data/bbbc041/raw/malaria/images/913099c5-8085-4908-bf4b-1f098bbfcf66.png,smear,bbbc041_field,train
data/bbbc041/raw/malaria/images/c0c3041f-78cd-46de-8e36-0a7dad0c04c4.png,smear,bbbc041_field,train
data/bbbc041/raw/malaria/images/a7c91b63-b97c-4f4b-8d34-7ad2b08d7a17.png,smear,bbbc041_field,train
data/bbbc041/raw/malaria/images/4a49841f-216c-4815-8140-b8762c4f6603.png,smear,bbbc041_field,train
data/bbbc041/raw/malaria/images/63055d1b-5221-4c80-8b39-37ac069a1b5c.png,smear,bbbc041_field,train
data/bbbc041/raw/malaria/images/e61e6af2-7f8b-47b0-bbe7-acb2ed0299ab.png,smear,bbbc041_field,train
data/bbbc041/raw/malaria/images/a6fe423a-5204-4378-bcfa-d6d298a3e9aa.png,smear,bbbc041_field,train
data/bbbc041/raw/malaria/images/5e042380-6ef2-496f-8231-0ca550fbfa71.png,smear,bbbc041_field,train
data/bbbc041/raw/malaria/images/df3d98b9-3dd7-4107-8d4a-ae1b7f247793.png,smear,bbbc041_field,train
data/bbbc041/raw/malaria/images/a2a20600-f851-4db7-90f9-6f7be027c8b5.png,smear,bbbc041_field,train
data/bbbc041/raw/malaria/images/86495bbf-687b-429c-b9d3-6c2681ade7e2.png,smear,bbbc041_field,train
data/bbbc041/raw/malaria/images/cc94eabb-a3dc-4cfc-9fff-55c76b5b4a71.png,smear,bbbc041_field,train
data/bbbc041/raw/malaria/images/8f96ee1f-4ef7-4279-a610-316319bedcf9.png,smear,bbbc041_field,train
data/bbbc041/raw/malaria/images/1380f9b4-bf54-4492-90c3-743c7aa8898b.png,smear,bbbc041_field,train
data/bbbc041/raw/malaria/images/19979a60-df80-4111-bf69-81a7e9c4dd0b.png,smear,bbbc041_field,train
data/bbbc041/raw/malaria/images/984caf56-f400-4a29-be97-a4d6b9d1468d.png,smear,bbbc041_field,train
data/bbbc041/raw/malaria/images/de2b8835-552c-4f01-98b7-67bc4910062e.png,smear,bbbc041_field,train
data/bbbc041/raw/malaria/images/030f3421-ed3f-4bf1-8f27-4d02590bffbc.png,smear,bbbc041_field,train
data/bbbc041/raw/malaria/images/137d540f-d71e-47e8-bd9b-6cd0a6433c33.png,smear,bbbc041_field,train
data/bbbc041/raw/malaria/images/a302a6fa-f635-4ade-b72b-b6f3c2a34ec9.png,smear,bbbc041_field,train
data/bbbc041/raw/malaria/images/783ae4ad-6a35-4b3c-b19f-754974b67b2d.png,smear,bbbc041_field,train
data/bbbc041/raw/malaria/images/50715879-2300-4dba-8f4a-3314ff8cfcce.png,smear,bbbc041_field,train
data/bbbc041/raw/malaria/images/24418314-f7a4-49fc-a03e-ec597ca6796e.png,smear,bbbc041_field,train
data/bbbc041/raw/malaria/images/de6d3020-9347-473b-9146-8909627790f6.png,smear,bbbc041_field,train
data/bbbc041/raw/malaria/images/acb16781-11ad-4327-874a-5c9c35dcb085.png,smear,bbbc041_field,train
data/bbbc041/raw/malaria/images/3fa1a4e3-c80d-49da-8f7b-a1abb0424f48.png,smear,bbbc041_field,train
data/bbbc041/raw/malaria/images/a93c35ba-1690-4358-8837-669bcd850bb7.png,smear,bbbc041_field,train
data/bbbc041/raw/malaria/images/367663b2-5d09-4020-ab0a-c2200e7a1c8c.png,smear,bbbc041_field,train
data/bbbc041/raw/malaria/images/45902b63-be9a-49ae-9ede-3a8015671bc4.png,smear,bbbc041_field,train
data/bbbc041/raw/malaria/images/e0ef520d-7b65-485d-9888-e6859f189f70.png,smear,bbbc041_field,train
data/bbbc041/raw/malaria/images/8bd71314-e38a-4670-bb25-5cd6c9acb595.png,smear,bbbc041_field,train
data/bbbc041/raw/malaria/images/98976666-9125-47fe-9601-43c41e58dfb4.png,smear,bbbc041_field,train
data/bbbc041/raw/malaria/images/db3f4098-02e4-45a3-a7af-5dda37ac1526.png,smear,bbbc041_field,train
data/bbbc041/raw/malaria/images/f8b14fc4-dd6b-4ad0-a96d-c62845f48681.png,smear,bbbc041_field,train
data/bbbc041/raw/malaria/images/151f3af5-5e6e-4bcd-9389-4974fc68813e.png,smear,bbbc041_field,train
data/bbbc041/raw/malaria/images/a2fc0093-8645-43c7-bdee-ec8ca9484815.png,smear,bbbc041_field,train
data/bbbc041/raw/malaria/images/087f2c9c-188d-43cc-a94c-0eb8f10ac092.png,smear,bbbc041_field,train
data/bbbc041/raw/malaria/images/9ec1dcec-87c2-4aca-8e6b-0db3cd05509c.png,smear,bbbc041_field,train
data/bbbc041/raw/malaria/images/9b410534-3b70-4a88-9f93-205cf4e55a05.png,smear,bbbc041_field,train
data/bbbc041/raw/malaria/images/dd6f047e-af73-43df-9c46-354534fc20e0.png,smear,bbbc041_field,train
data/bbbc041/raw/malaria/images/99a21c5c-f5a7-4c07-9cb6-5dda2d388f48.png,smear,bbbc041_field,train
data/bbbc041/raw/malaria/images/2165fe38-b474-467d-be11-d1d728085efd.png,smear,bbbc041_field,train
data/bbbc041/raw/malaria/images/69b5b3de-ec64-4e5d-bcc2-44f495e06e76.png,smear,bbbc041_field,train
data/bbbc041/raw/malaria/images/3e36698f-8c09-4c8b-8948-737310bf97e5.png,smear,bbbc041_field,train
data/bbbc041/raw/malaria/images/e63e1607-f344-43d6-a0d8-e10cf2e5054a.png,smear,bbbc041_field,train
data/bbbc041/raw/malaria/images/9ecf2006-8d49-4ae8-a14b-ed8b3b14ee7c.png,smear,bbbc041_field,train
data/bbbc041/raw/malaria/images/c649e1cb-4029-4433-b231-d67d68f7391a.png,smear,bbbc041_field,train
data/bbbc041/raw/malaria/images/31435107-c77d-42f8-a619-75cba6a5161b.png,smear,bbbc041_field,train
data/bbbc041/raw/malaria/images/1519257c-e3e5-4474-908f-8665b3cf1258.png,smear,bbbc041_field,train
data/bbbc041/raw/malaria/images/8757be1e-b832-407a-8e95-62abae485b24.png,smear,bbbc041_field,train
data/bbbc041/raw/malaria/images/e8058bed-c362-4e1c-85dc-62f80f32938f.png,smear,bbbc041_field,train
data/bbbc041/raw/malaria/images/cdb086a8-2bf8-4436-b1ef-96cdd801f247.png,smear,bbbc041_field,train
data/bbbc041/raw/malaria/images/c8af0297-ce1f-40ea-bf44-9256dcdae4e9.png,smear,bbbc041_field,train
data/bbbc041/raw/malaria/images/84ee2ea3-9edd-4672-a1b3-f09c607d833a.png,smear,bbbc041_field,train
data/bbbc041/raw/malaria/images/7d9c1422-6332-44e9-b134-3ac94f07b0f0.png,smear,bbbc041_field,train
data/bbbc041/raw/malaria/images/dbdfad64-110c-421f-a1c7-f68fd9e82d67.png,smear,bbbc041_field,train
data/bbbc041/raw/malaria/images/b2e34f5f-904e-4473-9dc7-c6bc1ce12640.png,smear,bbbc041_field,train
data/bbbc041/raw/malaria/images/0d7bf56f-3b5a-40bd-971c-2ca33dd89b2c.png,smear,bbbc041_field,train
data/bbbc041/raw/malaria/images/5487faad-24a7-46b6-92d8-479d3a8d229f.png,smear,bbbc041_field,train
data/bbbc041/raw/malaria/images/f65a1633-9935-4984-a285-a60d30aa1707.png,smear,bbbc041_field,train
data/bbbc041/raw/malaria/images/9106a6bb-1352-411f-ac26-0d6fe48c16a8.png,smear,bbbc041_field,train
data/bbbc041/raw/malaria/images/9bd40bc6-4949-42d3-b38f-d60422932f65.png,smear,bbbc041_field,train
data/bbbc041/raw/malaria/images/c6ab535c-30e5-4b6b-8273-1ec8d78cdd13.png,smear,bbbc041_field,train
data/bbbc041/raw/malaria/images/397f37bc-a3a4-4257-9430-c8fc5716f8b1.png,smear,bbbc041_field,train
data/bbbc041/raw/malaria/images/4e43fc22-dc08-4cde-b3ce-ce8a4f377c47.png,smear,bbbc041_field,train
data/bbbc041/raw/malaria/images/b5143aae-6e98-4dc6-b546-980cb472de67.png,smear,bbbc041_field,train
data/bbbc041/raw/malaria/images/29d4b75f-d400-4702-a9ac-e5a4ed1a1db1.png,smear,bbbc041_field,train
data/bbbc041/raw/malaria/images/7fdc8be8-7579-4a5c-b369-8a07ee0a8b7d.png,smear,bbbc041_field,train
data/bbbc041/raw/malaria/images/94d9fa50-d3e4-4eaf-acfc-92e7f2ed9ea5.png,smear,bbbc041_field,train
data/bbbc041/raw/malaria/images/b7d0ae11-a393-4aec-8f68-6ba07147f78a.png,smear,bbbc041_field,train
data/bbbc041/raw/malaria/images/4a717a39-80f8-4b75-a25e-c46d65d7dcd5.png,smear,bbbc041_field,train
data/bbbc041/raw/malaria/images/76dbce7f-dc3e-4a29-b1fe-ab9dce583080.png,smear,bbbc041_field,train
data/bbbc041/raw/malaria/images/c4494d4f-732f-431a-8a9d-62403f0b74fe.png,smear,bbbc041_field,train
data/bbbc041/raw/malaria/images/674b0fd3-f247-4b7f-97f7-3e6c57c9ba9e.png,smear,bbbc041_field,train
data/bbbc041/raw/malaria/images/005e60b6-77b8-458c-b57c-bfe0c7e7df78.png,smear,bbbc041_field,train
data/bbbc041/raw/malaria/images/fe00fa09-d3c8-485b-9d0f-3cce556c9edd.png,smear,bbbc041_field,train
data/bbbc041/raw/malaria/images/2bed2796-75a9-4d93-bb2d-e3ccbe1a5cbe.png,smear,bbbc041_field,train
data/bbbc041/raw/malaria/images/bc1a58fd-736b-4812-a051-2c376cff50b7.png,smear,bbbc041_field,train
data/bbbc041/raw/malaria/images/e0e6b676-c39c-4542-8adf-de257a8e92e2.png,smear,bbbc041_field,train
data/bbbc041/raw/malaria/images/38d1b930-dd97-4248-9160-e9389a1a8dd7.png,smear,bbbc041_field,train
data/bbbc041/raw/malaria/images/7e837856-3519-4dc0-b357-4cdcfd30b4eb.png,smear,bbbc041_field,train
data/bbbc041/raw/malaria/images/d31dd2c0-ae8e-4499-86bb-7cabb6e438b9.png,smear,bbbc041_field,train
data/bbbc041/raw/malaria/images/b87fb62d-2c36-4f68-aba9-37fcd7d46eef.png,smear,bbbc041_field,train
data/bbbc041/raw/malaria/images/2c4d72f1-71a6-4bf1-b5d9-8023c7bbec74.png,smear,bbbc041_field,train
data/bbbc041/raw/malaria/images/3eba916c-998b-40a7-993c-7ed916c2a04c.png,smear,bbbc041_field,train
data/bbbc041/raw/malaria/images/fc15659f-6264-4dd5-ab17-43d89fb297b9.png,smear,bbbc041_field,train
data/bbbc041/raw/malaria/images/03cbfcf2-8da6-462c-b30d-16d63357371f.png,smear,bbbc041_field,train
data/bbbc041/raw/malaria/images/907650b5-edae-471d-bc54-a825be3d3fac.png,smear,bbbc041_field,train
data/bbbc041/raw/malaria/images/aa2dfa24-2dc3-4279-a232-f84780ace190.png,smear,bbbc041_field,train
data/bbbc041/raw/malaria/images/ff3b9d4d-373c-48ef-a75a-d23e2c2ade87.png,smear,bbbc041_field,train
data/bbbc041/raw/malaria/images/b634137b-bc8b-4e88-b0e3-b536ad6e7e18.png,smear,bbbc041_field,train
data/bbbc041/raw/malaria/images/ff37dd9b-2e3c-444d-9d29-6db186cfa2fb.png,smear,bbbc041_field,train
data/bbbc041/raw/malaria/images/729a38d6-66db-48e5-a00d-7d90d224290f.png,smear,bbbc041_field,train
data/bbbc041/raw/malaria/images/14005767-9296-4b48-8a9d-bbe9b2040005.png,smear,bbbc041_field,train
data/bbbc041/raw/malaria/images/42e87148-a015-4148-923a-fb83016f64e7.png,smear,bbbc041_field,train
data/bbbc041/raw/malaria/images/e597f7ce-46c6-4dce-9063-50a2703fdd45.png,smear,bbbc041_field,train
data/bbbc041/raw/malaria/images/bb337c84-f727-42a5-9c3d-934323a16c6a.png,smear,bbbc041_field,train
data/bbbc041/raw/malaria/images/30ad83f1-a9b3-4a07-aea6-6c06b71e9ace.png,smear,bbbc041_field,train
data/bbbc041/raw/malaria/images/d6352a03-ef81-421d-915e-226499555d20.png,smear,bbbc041_field,train
data/bbbc041/raw/malaria/images/25cfca07-2101-484f-b312-a927395f2651.png,smear,bbbc041_field,train
data/bbbc041/raw/malaria/images/f8242b97-b8d5-48b5-b808-0b0f75a5de97.png,smear,bbbc041_field,train
data/bbbc041/raw/malaria/images/e13f2327-fbf4-4d84-a8c1-09cb1e449c8c.png,smear,bbbc041_field,train
data/bbbc041/raw/malaria/images/b85fc640-de49-4f7e-afc0-978ff020f2e2.png,smear,bbbc041_field,train
data/bbbc041/raw/malaria/images/effd6334-516f-4d48-9f3c-5272a99780fb.png,smear,bbbc041_field,train
data/bbbc041/raw/malaria/images/42845335-4ab2-4963-806d-0985d1382a31.png,smear,bbbc041_field,train
data/bbbc041/raw/malaria/images/1dd3e6dd-343f-4cc9-b0ed-e4d27fb36f0a.png,smear,bbbc041_field,train
data/bbbc041/raw/malaria/images/5a105b89-c592-4d78-b208-7db6c6572752.png,smear,bbbc041_field,train
data/bbbc041/raw/malaria/images/697bdbc0-6e31-4e48-ac74-ba4ab5760d32.png,smear,bbbc041_field,train
data/bbbc041/raw/malaria/images/0f0c949e-018a-4f3f-ab02-3704f49c7754.png,smear,bbbc041_field,train
data/bbbc041/raw/malaria/images/194aec70-41a5-4ac3-b22f-0b6eda91f730.png,smear,bbbc041_field,train
data/bbbc041/raw/malaria/images/a88a48b6-f85c-45c1-b42f-79716c8463f1.png,smear,bbbc041_field,train
data/bbbc041/raw/malaria/images/aaade430-4c49-4038-97b7-f8cdd937db57.png,smear,bbbc041_field,train
data/bbbc041/raw/malaria/images/b10ea12f-cd36-4f2c-994a-67d1665269ab.png,smear,bbbc041_field,train
data/bbbc041/raw/malaria/images/0d095f3a-9243-472b-90b4-0ce8309e778c.png,smear,bbbc041_field,train
data/bbbc041/raw/malaria/images/7bcd3735-3134-46d1-8ca2-d4379f2d51c0.png,smear,bbbc041_field,train
data/bbbc041/raw/malaria/images/6b473806-e936-4b19-98cf-a2b94cac35ff.png,smear,bbbc041_field,train
data/bbbc041/raw/malaria/images/c3b07675-9d02-477c-91fe-f0737867049b.png,smear,bbbc041_field,train
data/bbbc041/raw/malaria/images/5f2b32bd-fdca-4d6f-b13a-ee9f83626c8d.png,smear,bbbc041_field,train
data/bbbc041/raw/malaria/images/71204a6d-814e-44b6-9cee-7b979f478021.png,smear,bbbc041_field,train
data/bbbc041/raw/malaria/images/abf4cf2a-4532-4772-9f0f-9e123cc1713d.png,smear,bbbc041_field,train
data/bbbc041/raw/malaria/images/f39e2289-fedd-4d12-9e64-ffdafb89247e.png,smear,bbbc041_field,train
data/bbbc041/raw/malaria/images/1893e0c5-88e9-4644-bd59-3e47bc53a88c.png,smear,bbbc041_field,train
data/bbbc041/raw/malaria/images/31af9c31-7868-44a6-8eb4-82ce118af425.png,smear,bbbc041_field,train
data/bbbc041/raw/malaria/images/6afb3717-f197-4668-929a-4fab389ae6e8.png,smear,bbbc041_field,train
data/bbbc041/raw/malaria/images/b8dd6125-5027-47e2-a283-14e199274c80.png,smear,bbbc041_field,train
data/bbbc041/raw/malaria/images/415409ac-97b3-4cd9-b203-11ef00662352.png,smear,bbbc041_field,train
data/bbbc041/raw/malaria/images/7c870293-2665-4a6b-a4fa-336959051dfc.png,smear,bbbc041_field,train
data/bbbc041/raw/malaria/images/9af4b8ae-c912-41fd-b4c0-34864c75360f.png,smear,bbbc041_field,train
data/bbbc041/raw/malaria/images/99b13257-b9d9-422f-8262-802da0bdc510.png,smear,bbbc041_field,train
data/bbbc041/raw/malaria/images/244ac6fa-8a92-4214-9cf4-ae0811d9ec7e.png,smear,bbbc041_field,train
data/bbbc041/raw/malaria/images/f6f8a69a-3fd2-4684-ac77-3e83ea0fb36d.png,smear,bbbc041_field,train
data/bbbc041/raw/malaria/images/390ad256-e1ed-476a-9f14-2dc34e0da632.png,smear,bbbc041_field,train
data/bbbc041/raw/malaria/images/c6530038-6d4e-49e1-8427-d1d3acc9fa21.png,smear,bbbc041_field,train
data/bbbc041/raw/malaria/images/afbb264e-ff60-443a-83f5-49d09be1b835.png,smear,bbbc041_field,train
data/bbbc041/raw/malaria/images/49288109-80e9-4ec8-96d1-26a0166b8883.png,smear,bbbc041_field,train
data/bbbc041/raw/malaria/images/3f8c5ae1-b9fd-464b-8e91-98143ddd8d29.png,smear,bbbc041_field,train
data/bbbc041/raw/malaria/images/8855c685-5a8c-4967-a356-942ed89e3471.png,smear,bbbc041_field,train
data/bbbc041/raw/malaria/images/bcaefb02-682a-41b9-acc7-e6cc010f5b30.png,smear,bbbc041_field,train
data/bbbc041/raw/malaria/images/592c941a-aa54-4971-b499-dc47356f80a3.png,smear,bbbc041_field,train
data/bbbc041/raw/malaria/images/e11515b4-9527-4c23-a0ba-43719bacca0d.png,smear,bbbc041_field,train
data/bbbc041/raw/malaria/images/11b72c7b-5c52-44b7-adb7-21eacc25e441.png,smear,bbbc041_field,train
data/bbbc041/raw/malaria/images/e16c0dab-780d-4035-872e-1bb91e49f9d2.png,smear,bbbc041_field,train
data/bbbc041/raw/malaria/images/0dcca702-a4ef-4fb3-a940-9c0c140b21c7.png,smear,bbbc041_field,train
data/bbbc041/raw/malaria/images/a5e05ba8-0c19-41e3-92d5-10e42a03b85e.png,smear,bbbc041_field,train
data/bbbc041/raw/malaria/images/b809b407-7b69-4334-873d-d6c49135f04a.png,smear,bbbc041_field,train
data/bbbc041/raw/malaria/images/13099edb-35d9-438f-b093-2cf2ebf9d255.png,smear,bbbc041_field,train
data/bbbc041/raw/malaria/images/02ea7aa8-c142-4a3d-939f-e77689741341.png,smear,bbbc041_field,train
data/bbbc041/raw/malaria/images/f8a8b148-60e4-4a5c-ae19-941b19ec0846.png,smear,bbbc041_field,train
data/bbbc041/raw/malaria/images/be5bb7d0-7c3f-4bb9-8bb4-f8bc8d875943.png,smear,bbbc041_field,train
data/bbbc041/raw/malaria/images/3d8fb5bf-3315-48fb-8ab1-802eafd550bc.png,smear,bbbc041_field,train
data/bbbc041/raw/malaria/images/947348fe-4c70-468e-8009-3c14daeca69b.png,smear,bbbc041_field,train
data/bbbc041/raw/malaria/images/9e1b0217-0926-4fd1-bb9e-a815c05deb59.png,smear,bbbc041_field,train
data/bbbc041/raw/malaria/images/04c07425-57c7-415c-a0bc-36857bbd4049.png,smear,bbbc041_field,train
data/bbbc041/raw/malaria/images/5a0628af-4c0a-4ba6-a935-4ec94c9c700e.png,smear,bbbc041_field,train
data/bbbc041/raw/malaria/images/eba73bff-fbe1-436d-9a5f-0a61331a0ea2.png,smear,bbbc041_field,train
data/bbbc041/raw/malaria/images/3cdcb09b-6a8c-43ca-b1d0-c1a289202f65.png,smear,bbbc041_field,train
data/bbbc041/raw/malaria/images/4272cbd7-5b0a-4bf7-b690-dee1c128f07b.png,smear,bbbc041_field,train
data/bbbc041/raw/malaria/images/216f9d43-6869-4ba1-9106-4f5ea6aac223.png,smear,bbbc041_field,train
data/bbbc041/raw/malaria/images/7624ac36-1cf9-42fb-844d-376078309553.png,smear,bbbc041_field,train
data/bbbc041/raw/malaria/images/89b3d781-2f81-4d23-bed4-84da064df7f3.png,smear,bbbc041_field,train
data/bbbc041/raw/malaria/images/72088c26-d2dd-4906-b791-b8947fc7fbe4.png,smear,bbbc041_field,train
data/bbbc041/raw/malaria/images/c956e531-6805-4fe1-b61c-8b96a9815a77.png,smear,bbbc041_field,train
data/bbbc041/raw/malaria/images/f939782b-f5a2-40a3-9c22-6c6d7e18edc3.png,smear,bbbc041_field,train
data/bbbc041/raw/malaria/images/affa429c-0315-4c18-a002-13bb3ecab259.png,smear,bbbc041_field,train
data/bbbc041/raw/malaria/images/daea4860-a296-4f6d-acef-996ab0882676.png,smear,bbbc041_field,train
data/bbbc041/raw/malaria/images/53afd70c-08a7-4b9a-b137-7003b2ecbeab.png,smear,bbbc041_field,train
data/bbbc041/raw/malaria/images/b88fe674-fb9a-41d4-b100-cb1c86440d44.png,smear,bbbc041_field,train
data/bbbc041/raw/malaria/images/34e024a5-5698-42d4-972f-fee234b4bd64.png,smear,bbbc041_field,train
data/bbbc041/raw/malaria/images/b4dc3088-3fe2-4688-be24-70664a64e022.png,smear,bbbc041_field,train
data/bbbc041/raw/malaria/images/f23ae29e-1bda-4784-b10c-d736757d39b8.png,smear,bbbc041_field,train
data/bbbc041/raw/malaria/images/d8f7e159-b7e3-49e4-86e8-aed8c5fbcd97.png,smear,bbbc041_field,train
data/bbbc041/raw/malaria/images/d67398c5-8b0e-463f-a04e-8583c820786c.png,smear,bbbc041_field,train
data/bbbc041/raw/malaria/images/dfac6c92-8f0f-429a-8caf-9b7732bf78da.png,smear,bbbc041_field,train
data/bbbc041/raw/malaria/images/6f4ffe7b-395f-41ea-ad61-df5e0cbd531c.png,smear,bbbc041_field,train
data/bbbc041/raw/malaria/images/a11ed7d0-12f6-468f-abad-5cba7d968123.png,smear,bbbc041_field,train
data/bbbc041/raw/malaria/images/8d5d5c22-2f75-4fe1-9ea3-03a3c7b92ea9.png,smear,bbbc041_field,train
data/bbbc041/raw/malaria/images/f06ba705-5509-479b-8067-127ffb37c5b6.png,smear,bbbc041_field,train
data/bbbc041/raw/malaria/images/2c1eaf87-3fd3-4803-92b8-23bab40bf28c.png,smear,bbbc041_field,train
data/bbbc041/raw/malaria/images/92e4fd7b-79ef-49c2-a52b-9ef13dd720ef.png,smear,bbbc041_field,train
data/bbbc041/raw/malaria/images/7d4c2160-317f-48d1-a60a-788ec300b3e8.png,smear,bbbc041_field,train
data/bbbc041/raw/malaria/images/ac3358f1-ef9a-4ccc-b66c-da5e47e352e0.png,smear,bbbc041_field,train
data/bbbc041/raw/malaria/images/22cbf509-c9bf-46ec-bfce-f079c6b76c8c.png,smear,bbbc041_field,train
data/bbbc041/raw/malaria/images/2240b991-48f6-4c59-9b62-5a8b5e541fae.png,smear,bbbc041_field,train
data/bbbc041/raw/malaria/images/c4d34e35-4db2-41de-ba77-1a94aa9ef788.png,smear,bbbc041_field,train
data/bbbc041/raw/malaria/images/8e4bdd0d-1c72-4836-ae3e-05e2e50e4983.png,smear,bbbc041_field,train
data/bbbc041/raw/malaria/images/c3ae7090-fc68-41b4-85a1-8d9bce9825a7.png,smear,bbbc041_field,train
data/bbbc041/raw/malaria/images/11e517bf-943b-4928-929a-e9f72c097880.png,smear,bbbc041_field,train
data/bbbc041/raw/malaria/images/7fd2d254-b062-4f3d-8970-687e73c5a00a.png,smear,bbbc041_field,train
data/bbbc041/raw/malaria/images/bc377041-e098-45c4-9651-2b1ea90d1d7e.png,smear,bbbc041_field,train
data/bbbc041/raw/malaria/images/169d541c-daed-468e-8b41-0f1abccdf319.png,smear,bbbc041_field,train
data/bbbc041/raw/malaria/images/f1cda808-69a9-4d10-ba0a-6607c98e362d.png,smear,bbbc041_field,train
data/bbbc041/raw/malaria/images/df49578a-60d4-4a3b-9ee0-79d9d59bc72a.png,smear,bbbc041_field,train
data/bbbc041/raw/malaria/images/406e05f0-4444-414c-bb40-f4cb08e75ac9.png,smear,bbbc041_field,train
data/bbbc041/raw/malaria/images/0da07970-3146-479c-8a07-f61ed32814a9.png,smear,bbbc041_field,train
data/bbbc041/raw/malaria/images/4063945d-03fc-4ce3-a04c-17435dce8f91.png,smear,bbbc041_field,train
data/bbbc041/raw/malaria/images/521a26aa-0a31-4c07-b4d0-fac08eb08344.png,smear,bbbc041_field,train
data/bbbc041/raw/malaria/images/6144887d-a1c1-46db-91a1-f7ff5bf8c8a5.png,smear,bbbc041_field,train
data/bbbc041/raw/malaria/images/cfe6086f-eb0b-4cb0-a430-8cd7de6556e2.png,smear,bbbc041_field,train
data/bbbc041/raw/malaria/images/04628a94-b674-469b-aff6-b476b70df87d.png,smear,bbbc041_field,train
data/bbbc041/raw/malaria/images/80da32ce-8c22-470e-9f35-558c5f7a5df9.png,smear,bbbc041_field,train
data/bbbc041/raw/malaria/images/580210c2-a8ed-4720-b71c-a77945968abc.png,smear,bbbc041_field,train
data/bbbc041/raw/malaria/images/9f4bc3b4-abb0-4bcb-baa8-ec9f25e2b9c6.png,smear,bbbc041_field,train
data/bbbc041/raw/malaria/images/002f20ad-2ace-499c-9335-c9080bc3e6b5.png,smear,bbbc041_field,train
data/bbbc041/raw/malaria/images/8e078333-8fa0-45be-a46e-fa05708cb365.png,smear,bbbc041_field,train
data/bbbc041/raw/malaria/images/c680004e-6ee2-43d7-877c-edc9b5ebeecc.png,smear,bbbc041_field,train
data/bbbc041/raw/malaria/images/90246988-0d6d-4bf8-8a76-94107de4121e.png,smear,bbbc041_field,train
data/bbbc041/raw/malaria/images/2b128a1a-95ed-408b-b9f8-8795cc814d80.png,smear,bbbc041_field,train
data/bbbc041/raw/malaria/images/f6ab936d-924b-4038-aa47-71b07c26b4e2.png,smear,bbbc041_field,train
data/bbbc041/raw/malaria/images/6382976c-ee87-4916-b798-4ef1373b2df0.png,smear,bbbc041_field,train
data/bbbc041/raw/malaria/images/d75933ed-d26e-4d1f-bda3-96bc0d77fb36.png,smear,bbbc041_field,train
data/bbbc041/raw/malaria/images/fa1f9f89-cecb-4972-842c-d14c632f89a9.png,smear,bbbc041_field,train
data/bbbc041/raw/malaria/images/e726dac6-f962-449c-acff-4dd56847b685.png,smear,bbbc041_field,train
data/bbbc041/raw/malaria/images/cb2fac19-90b0-48b4-bdc5-7dbbd58756d1.png,smear,bbbc041_field,train
data/bbbc041/raw/malaria/images/a74b6d6a-7e04-40ac-9292-d62f13f7ded3.png,smear,bbbc041_field,train
data/bbbc041/raw/malaria/images/4fb83278-adc5-4424-9f45-b6d0db2955b6.png,smear,bbbc041_field,train
data/bbbc041/raw/malaria/images/a4851ed0-1499-4eae-9157-dcd34773254f.png,smear,bbbc041_field,train
data/bbbc041/raw/malaria/images/1c90231b-2830-42d9-884e-7301edb16933.png,smear,bbbc041_field,train
data/bbbc041/raw/malaria/images/867f30da-2568-4480-9968-cece78c61c64.png,smear,bbbc041_field,train
data/bbbc041/raw/malaria/images/3003252a-2d2e-4687-ad30-9c38d68f1394.png,smear,bbbc041_field,train
data/bbbc041/raw/malaria/images/c415532c-4cce-4580-9fcd-623c172a1abd.png,smear,bbbc041_field,train
data/bbbc041/raw/malaria/images/84c88143-940d-4b62-bbd2-7acc4cadcb6b.png,smear,bbbc041_field,train
data/bbbc041/raw/malaria/images/dca685a8-a609-45d8-93d7-da1e4165b9bd.png,smear,bbbc041_field,train
data/bbbc041/raw/malaria/images/b9ccf7ca-953f-4832-9575-5e70b2a8c224.png,smear,bbbc041_field,train
data/bbbc041/raw/malaria/images/bb2042c5-35e1-43cc-8171-7de81b764361.png,smear,bbbc041_field,train
data/bbbc041/raw/malaria/images/00a02700-2ea2-4590-9e15-ffc9160fd3de.png,smear,bbbc041_field,train
data/bbbc041/raw/malaria/images/ec301f62-1302-4407-96f9-fcfe45c150ae.png,smear,bbbc041_field,train
data/bbbc041/raw/malaria/images/2a91387a-d30f-418d-ac3a-f7cfa6836261.png,smear,bbbc041_field,train
data/bbbc041/raw/malaria/images/71925778-a26e-483e-a07c-f3aaf740122a.png,smear,bbbc041_field,train
data/bbbc041/raw/malaria/images/f0fe292d-85ae-4c3a-a676-037dde2594e6.png,smear,bbbc041_field,train
data/bbbc041/raw/malaria/images/1f337b61-1b0d-4539-91f9-73d4a0798a4a.png,smear,bbbc041_field,train
data/bbbc041/raw/malaria/images/f62d4fb6-df7c-446c-94a8-d5aede0b1e0c.png,smear,bbbc041_field,train
data/bbbc041/raw/malaria/images/a7c3c52f-3b40-4c92-a212-df9462cf25d8.png,smear,bbbc041_field,train
data/bbbc041/raw/malaria/images/c53fd511-31bd-4901-baac-3b44891f6744.png,smear,bbbc041_field,train
data/bbbc041/raw/malaria/images/e9916e11-9be6-4dec-9df6-2e7d1a8e1735.png,smear,bbbc041_field,train
data/bbbc041/raw/malaria/images/c118ff18-f9f2-4617-bddb-dc4091fb8f5f.png,smear,bbbc041_field,train
data/bbbc041/raw/malaria/images/f232eec3-02c0-43f9-bf32-3e60245397e2.png,smear,bbbc041_field,train
data/bbbc041/raw/malaria/images/b338766f-19b9-4874-bcc5-ae22b3c533e6.png,smear,bbbc041_field,train
data/bbbc041/raw/malaria/images/1fdf99d1-a494-4174-bcd7-efbe457ab899.png,smear,bbbc041_field,train
data/bbbc041/raw/malaria/images/bb137718-20ba-457d-8ffe-4f9420ecaab6.png,smear,bbbc041_field,train
data/bbbc041/raw/malaria/images/d64cd75a-df26-44d5-ac25-69061a4e4d57.png,smear,bbbc041_field,train
data/bbbc041/raw/malaria/images/034c8d57-04d5-4786-93a4-6ae8fde2c258.png,smear,bbbc041_field,train
data/bbbc041/raw/malaria/images/93f40356-5676-45d3-8e83-8028708c93ba.png,smear,bbbc041_field,train
data/bbbc041/raw/malaria/images/43158031-a335-4533-9c20-48bebba90123.png,smear,bbbc041_field,train
data/bbbc041/raw/malaria/images/8d989997-038c-4924-b2d3-d02629a7cdf5.png,smear,bbbc041_field,train
data/bbbc041/raw/malaria/images/7bde7de1-889b-4218-b0e1-e2c04f6a7986.png,smear,bbbc041_field,train
data/bbbc041/raw/malaria/images/d615b706-8f50-4d96-8de5-6858897528d0.png,smear,bbbc041_field,train
data/bbbc041/raw/malaria/images/64b0e49a-0e48-447d-8872-c1dd255e7a21.png,smear,bbbc041_field,train
data/bbbc041/raw/malaria/images/66183740-e1e5-43c9-8539-a87028bb3621.png,smear,bbbc041_field,train
data/bbbc041/raw/malaria/images/0fa5b35d-6c44-4207-b6f8-d5b355086b5f.png,smear,bbbc041_field,train
data/bbbc041/raw/malaria/images/9edba799-e169-46cd-b100-c9f8fc7a8c7d.png,smear,bbbc041_field,train
data/bbbc041/raw/malaria/images/f632981c-1330-4078-8a12-691beb2dab02.png,smear,bbbc041_field,train
data/bbbc041/raw/malaria/images/b2f05937-b965-4c4b-b86e-f50e95d9d691.png,smear,bbbc041_field,train
data/bbbc041/raw/malaria/images/c94827ce-d619-4705-a68a-df63a2c95ffa.png,smear,bbbc041_field,train
data/bbbc041/raw/malaria/images/f68ae8e9-e760-4106-88e0-4bdef2785f06.png,smear,bbbc041_field,train
data/bbbc041/raw/malaria/images/a4fbb9f2-9b75-4fdc-877d-2feaafac25b3.png,smear,bbbc041_field,train
data/bbbc041/raw/malaria/images/29861cf9-9a1e-4733-8309-4bd10706b4a3.png,smear,bbbc041_field,train
data/bbbc041/raw/malaria/images/1e86933d-6a5a-4a3c-a0f2-ca22afd767b3.png,smear,bbbc041_field,train
data/bbbc041/raw/malaria/images/0a747cb3-c720-4572-a661-ab5670a5c42e.png,smear,bbbc041_field,train
data/bbbc041/raw/malaria/images/c244166d-12ca-445f-9ed9-a13d9caa412f.png,smear,bbbc041_field,train
data/bbbc041/raw/malaria/images/17ef5841-bd19-4610-ba47-7d321231847b.png,smear,bbbc041_field,train
data/bbbc041/raw/malaria/images/833b1d3e-d389-4d0f-8638-6aca5b89f917.png,smear,bbbc041_field,train
data/bbbc041/raw/malaria/images/877d5e7f-19b6-40e7-81bd-c92f25e72503.png,smear,bbbc041_field,train
data/bbbc041/raw/malaria/images/2596eb32-1323-41e9-8c0f-64819abcfc73.png,smear,bbbc041_field,train
data/bbbc041/raw/malaria/images/e3e9c2de-0a24-4c7e-8a69-3d3093d5bdab.png,smear,bbbc041_field,train
data/bbbc041/raw/malaria/images/f05ffdca-dc3a-47bd-a231-2a0d9bd1d50e.png,smear,bbbc041_field,train
data/bbbc041/raw/malaria/images/68f34a9c-f73d-4238-8f55-4b05a8a2154c.png,smear,bbbc041_field,train
data/bbbc041/raw/malaria/images/9cdee92c-6267-4188-a41e-125bc0abb9ae.png,smear,bbbc041_field,train
data/bbbc041/raw/malaria/images/7029feb3-9ffe-46e4-9883-6a9df84f7b62.png,smear,bbbc041_field,train
data/bbbc041/raw/malaria/images/9d155086-acf5-4c86-a9e1-94b587c46e87.png,smear,bbbc041_field,train
data/bbbc041/raw/malaria/images/bfefa21c-11e1-4dab-ac5d-8ff6f046d65f.png,smear,bbbc041_field,train
data/bbbc041/raw/malaria/images/45f18ac0-f097-4b20-a99d-8837cf488822.png,smear,bbbc041_field,train
data/bbbc041/raw/malaria/images/90171428-f208-428a-b40e-f57ee3bea457.png,smear,bbbc041_field,train
data/bbbc041/raw/malaria/images/fa4f8d1a-cb3a-4722-a566-6c7072f30606.png,smear,bbbc041_field,train
data/bbbc041/raw/malaria/images/bfc61c48-685d-470b-86b1-e4c7eb85c4fd.png,smear,bbbc041_field,train
data/bbbc041/raw/malaria/images/4257342d-6d77-4671-a84b-1f0c36ccb367.png,smear,bbbc041_field,train
data/bbbc041/raw/malaria/images/fe851c88-692d-4199-87e0-d19d9c4eb591.png,smear,bbbc041_field,train
data/bbbc041/raw/malaria/images/468c261d-f5d8-423f-883e-48af2bbbc5d1.png,smear,bbbc041_field,train
data/bbbc041/raw/malaria/images/266180ed-77a3-4284-8292-50a49fc47fce.png,smear,bbbc041_field,train
data/bbbc041/raw/malaria/images/787abd97-dd37-4212-8b43-61696eb3abc0.png,smear,bbbc041_field,train
data/bbbc041/raw/malaria/images/a7f1bbb1-6058-4642-bd66-cfb90dce762e.png,smear,bbbc041_field,train
data/bbbc041/raw/malaria/images/68442532-9cd2-4b42-9d4f-ddf8c13bb38c.png,smear,bbbc041_field,train
data/bbbc041/raw/malaria/images/8490c623-3d88-4532-baf5-0d266a45b16f.png,smear,bbbc041_field,train
data/bbbc041/raw/malaria/images/ab27173b-6e30-4957-bd68-29194328fd39.png,smear,bbbc041_field,train
data/bbbc041/raw/malaria/images/38c69905-8a4f-451a-8d0a-b855dc88dd16.png,smear,bbbc041_field,train
data/bbbc041/raw/malaria/images/550cf4ce-b641-44a3-8487-3e16d4049187.png,smear,bbbc041_field,train
data/bbbc041/raw/malaria/images/b9c6db13-ca3a-4937-8ecf-e537047ed858.png,smear,bbbc041_field,train
data/bbbc041/raw/malaria/images/98c25ffe-c329-420a-bc22-b082f565eac9.png,smear,bbbc041_field,train
data/bbbc041/raw/malaria/images/3892b776-f49a-4368-b0fa-7e855e76ccec.png,smear,bbbc041_field,train
data/bbbc041/raw/malaria/images/10891eed-b0f2-4dd0-90cb-da185f6761b2.png,smear,bbbc041_field,train
data/bbbc041/raw/malaria/images/46f5bd4f-8bea-48d1-a1da-4dea28e3b814.png,smear,bbbc041_field,train
data/bbbc041/raw/malaria/images/69565501-6e77-4f40-bd80-caa3dda34d8b.png,smear,bbbc041_field,train
data/bbbc041/raw/malaria/images/555c6ea2-c76c-4e71-af57-855d940c2b37.png,smear,bbbc041_field,train
data/bbbc041/raw/malaria/images/cbb58718-6319-48db-b84b-78ac9b12ff89.png,smear,bbbc041_field,train
data/bbbc041/raw/malaria/images/fcc2b245-f47f-447f-8527-275b0005677c.png,smear,bbbc041_field,train
data/bbbc041/raw/malaria/images/d1617cf7-eb56-42ee-85af-66c4748753c0.png,smear,bbbc041_field,train
data/bbbc041/raw/malaria/images/3d4d7ba7-6c7c-4ddd-b282-31fb5d80edb5.png,smear,bbbc041_field,train
data/bbbc041/raw/malaria/images/0d3c2521-da55-4df5-bf06-56b3bd4fb2fc.png,smear,bbbc041_field,train
data/bbbc041/raw/malaria/images/c6575e75-c8ce-4766-841f-1137b9e0956c.png,smear,bbbc041_field,train
data/bbbc041/raw/malaria/images/c52f8cc8-afd7-441c-9f1f-18b6e16d79cf.png,smear,bbbc041_field,train
data/bbbc041/raw/malaria/images/d8632217-ec33-4d0a-98e6-427824c58869.png,smear,bbbc041_field,train
data/bbbc041/raw/malaria/images/5836500a-221e-40ca-a8be-caaa37f7d300.png,smear,bbbc041_field,train
data/bbbc041/raw/malaria/images/b4261fa5-876d-48ea-b6da-ec7ca5b48fe2.png,smear,bbbc041_field,train
data/bbbc041/raw/malaria/images/3a8f468f-f9de-46a8-a7c8-f2be239fa207.png,smear,bbbc041_field,train
data/bbbc041/raw/malaria/images/95bea542-6cd0-41c5-82c5-509af8c3b505.png,smear,bbbc041_field,train
data/bbbc041/raw/malaria/images/b4c52960-bbee-439e-83dc-f89ddaade71b.png,smear,bbbc041_field,train
data/bbbc041/raw/malaria/images/a7688988-2bcc-4458-83d3-5e482da5f87b.png,smear,bbbc041_field,train
data/bbbc041/raw/malaria/images/4736f545-1f1f-4d77-9241-d69cbf4dae35.png,smear,bbbc041_field,train
data/bbbc041/raw/malaria/images/6473ddb6-ad56-48a2-81e8-c7cb45f06825.png,smear,bbbc041_field,train
data/bbbc041/raw/malaria/images/795d0331-da56-4d45-a58a-54803408ffd9.png,smear,bbbc041_field,train
data/bbbc041/raw/malaria/images/2bd26501-2fbc-4c1a-bef0-4ad57e02b4d0.png,smear,bbbc041_field,train
data/bbbc041/raw/malaria/images/419309ef-da3f-4424-93cf-01ff4c52b017.png,smear,bbbc041_field,train
data/bbbc041/raw/malaria/images/bbedfcbe-9528-4ba9-9d86-4ebba7589ac5.png,smear,bbbc041_field,train
data/bbbc041/raw/malaria/images/8e69098c-fae0-47a3-8833-c2bfdfb1a416.png,smear,bbbc041_field,train
data/bbbc041/raw/malaria/images/2dbf6f69-e020-4948-9e49-4b33edb7cebd.png,smear,bbbc041_field,train
data/bbbc041/raw/malaria/images/ebfd9f67-138e-49f0-9cef-a0352069eedb.png,smear,bbbc041_field,train
data/bbbc041/raw/malaria/images/a18f122f-3a3e-4478-8ac4-91b83e050e65.png,smear,bbbc041_field,train
data/bbbc041/raw/malaria/images/1315c2a4-0794-4dfa-a709-e2451723d2b6.png,smear,bbbc041_field,train
data/bbbc041/raw/malaria/images/a9159b11-ba49-4885-902e-00c8d5095b98.png,smear,bbbc041_field,train
data/bbbc041/raw/malaria/images/b34e65f6-c32e-42f1-a437-4a037c75a231.png,smear,bbbc041_field,train
data/bbbc041/raw/malaria/images/f91670db-be74-474c-bd72-68120aed4756.png,smear,bbbc041_field,train
data/bbbc041/raw/malaria/images/46a2d369-4bea-4405-ac78-91bbe130b9a7.png,smear,bbbc041_field,train
data/bbbc041/raw/malaria/images/afd39466-aafa-4d81-9520-483727418723.png,smear,bbbc041_field,train
data/bbbc041/raw/malaria/images/3850f2a5-ab62-49d3-8135-68d60baa676b.png,smear,bbbc041_field,train
data/bbbc041/raw/malaria/images/5f300fd1-7eec-41ac-bbd1-0f4a943c757c.png,smear,bbbc041_field,train
data/bbbc041/raw/malaria/images/631340cc-cedf-4bca-a3d8-a0731a5482b4.png,smear,bbbc041_field,train
data/bbbc041/raw/malaria/images/2b369d75-9c55-43e0-b352-d981aea544e3.png,smear,bbbc041_field,train
data/bbbc041/raw/malaria/images/6231d81d-9e84-4a5a-8cb8-47c6a37a0176.png,smear,bbbc041_field,train
data/bbbc041/raw/malaria/images/d57b3894-c912-47e8-b00a-e1a2a7aba644.png,smear,bbbc041_field,train
data/bbbc041/raw/malaria/images/a6ba808f-ec60-42a5-ad91-7b32412ab708.png,smear,bbbc041_field,train
data/bbbc041/raw/malaria/images/76a8a5f5-1328-4539-a131-baf877f40cf3.png,smear,bbbc041_field,train
data/bbbc041/raw/malaria/images/f5eb7c5e-bd77-4638-ba9f-58d42f87476b.png,smear,bbbc041_field,train
data/bbbc041/raw/malaria/images/f3d84be2-8af0-4d62-9f72-23d3dc08cbbe.png,smear,bbbc041_field,train
data/bbbc041/raw/malaria/images/1a27ebe9-93a1-4898-af69-f276057d4012.png,smear,bbbc041_field,train
data/bbbc041/raw/malaria/images/de81bf7a-7a56-437f-a068-4d9c3e01134c.png,smear,bbbc041_field,train
data/bbbc041/raw/malaria/images/fbb1b44c-d75a-4550-a6c0-0eb62b96bfce.png,smear,bbbc041_field,train
data/bbbc041/raw/malaria/images/dc4270fb-e5c2-414f-96e9-6769ba1d77e4.png,smear,bbbc041_field,train
data/bbbc041/raw/malaria/images/14efbfc8-39f6-4599-9994-a8cc95605b9c.png,smear,bbbc041_field,train
data/bbbc041/raw/malaria/images/4c13e22e-dfd1-4fa1-b373-be9d0c272c0f.png,smear,bbbc041_field,train
data/bbbc041/raw/malaria/images/c63f190a-e860-44fc-a2db-7980e1c80519.png,smear,bbbc041_field,train
data/bbbc041/raw/malaria/images/3d32a988-449d-4d58-b71f-abbfdc3f2fbc.png,smear,bbbc041_field,train
data/bbbc041/raw/malaria/images/ac8df764-c8d8-4312-916d-70bfb37574b4.png,smear,bbbc041_field,train
data/bbbc041/raw/malaria/images/09bcedaa-e007-4692-a13f-ab02c3f872c4.png,smear,bbbc041_field,train
data/bbbc041/raw/malaria/images/12269960-075f-40ca-9630-49ea2ce78294.png,smear,bbbc041_field,train
data/bbbc041/raw/malaria/images/b7a0d235-2217-43b4-aeff-cde4ccaf6789.png,smear,bbbc041_field,train
data/bbbc041/raw/malaria/images/32700bc7-7a86-49d3-aded-ccaaed4ddc5c.png,smear,bbbc041_field,train
data/bbbc041/raw/malaria/images/9b3fd401-dab0-440f-8498-eb3cc9ffa970.png,smear,bbbc041_field,train
data/bbbc041/raw/malaria/images/612bdd3c-da43-4321-a76b-c73c614928d1.png,smear,bbbc041_field,train
data/bbbc041/raw/malaria/images/dd944a6b-c1d3-4f9f-bbdc-3709707984f7.png,smear,bbbc041_field,train
data/bbbc041/raw/malaria/images/e3ade58d-086c-47fa-9120-76beacb45395.png,smear,bbbc041_field,train
data/bbbc041/raw/malaria/images/a2de1248-7bc0-44dc-b508-70a357eedd68.png,smear,bbbc041_field,train
data/bbbc041/raw/malaria/images/a51d6c18-f9e8-4714-9dbb-38e1577445f2.png,smear,bbbc041_field,train
data/bbbc041/raw/malaria/images/d3dcdf92-9328-4796-adf4-918646877ba1.png,smear,bbbc041_field,train
data/bbbc041/raw/malaria/images/4d0a1598-e4dd-45c4-8a90-dd7c780fe1da.png,smear,bbbc041_field,train
data/bbbc041/raw/malaria/images/93b47b14-7f78-4b31-8897-d63a81fdab01.png,smear,bbbc041_field,train
data/bbbc041/raw/malaria/images/14b68d86-ac7f-419d-b4a5-6b0b1d9aaa18.png,smear,bbbc041_field,train
data/bbbc041/raw/malaria/images/645cd195-af50-409f-8da9-6e7c7f18ea09.png,smear,bbbc041_field,train
data/bbbc041/raw/malaria/images/eeb06e39-482b-443d-8cf6-b9b5c763df78.png,smear,bbbc041_field,train
data/bbbc041/raw/malaria/images/21f001d6-f568-4ea4-82da-fab54c77c419.png,smear,bbbc041_field,train
data/bbbc041/raw/malaria/images/8f84a2c9-ca38-4405-a488-12fcd101278b.png,smear,bbbc041_field,train
data/bbbc041/raw/malaria/images/78a5d1c3-44dd-44bc-ad5b-5e25bdcc4fae.png,smear,bbbc041_field,train
data/bbbc041/raw/malaria/images/bbf687b5-c6f9-4821-b2e5-a25df1acba47.png,smear,bbbc041_field,train
data/bbbc041/raw/malaria/images/0906111b-bac7-4541-a6dc-da435c0724a8.png,smear,bbbc041_field,train
data/bbbc041/raw/malaria/images/cbec07ed-69d3-40e7-8b04-b3bd6680885b.png,smear,bbbc041_field,train
data/bbbc041/raw/malaria/images/464055b6-3351-4636-a919-8be9840fb850.png,smear,bbbc041_field,train
data/bbbc041/raw/malaria/images/a0e2ef53-d39b-40cf-b8b6-4b148ac339ec.png,smear,bbbc041_field,train
data/bbbc041/raw/malaria/images/5c99cd97-39f6-4809-9528-9d380cc16b16.png,smear,bbbc041_field,train
data/bbbc041/raw/malaria/images/d9c9479e-f1ea-4d6e-861f-843ff9a90d19.png,smear,bbbc041_field,train
data/bbbc041/raw/malaria/images/5f783f43-0090-4f8a-bd75-9562f4aa2dd5.png,smear,bbbc041_field,train
data/bbbc041/raw/malaria/images/191f87a4-6f2d-49e7-bba0-08e3aa78ddaf.png,smear,bbbc041_field,train
data/bbbc041/raw/malaria/images/64a678d4-9048-4491-90c7-1924f38be19a.png,smear,bbbc041_field,train
data/bbbc041/raw/malaria/images/1863da5f-c595-4541-a8f4-21fe78678168.png,smear,bbbc041_field,train
data/bbbc041/raw/malaria/images/fe436c09-b680-4f4c-8faf-aa10a55a335b.png,smear,bbbc041_field,train
data/bbbc041/raw/malaria/images/59f5699f-885f-4004-b783-a60060144e43.png,smear,bbbc041_field,train
data/bbbc041/raw/malaria/images/c442e2d6-aaf9-417a-9905-4737a1115f33.png,smear,bbbc041_field,train
data/bbbc041/raw/malaria/images/f5419bc0-4415-41b6-b832-5326cfcc534b.png,smear,bbbc041_field,train
data/bbbc041/raw/malaria/images/3911fcd2-4e26-4ad9-aaf0-d1c5bf41defc.png,smear,bbbc041_field,train
data/bbbc041/raw/malaria/images/29dc8176-dfe1-40e0-8247-2dc3c530057e.png,smear,bbbc041_field,train
data/bbbc041/raw/malaria/images/f7cced00-9b41-45ec-9fdf-fb9e1a74da90.png,smear,bbbc041_field,train
data/bbbc041/raw/malaria/images/5a386082-397f-4524-a6f9-c2b8efe5014d.png,smear,bbbc041_field,train
data/bbbc041/raw/malaria/images/fcdf6632-c03f-49a8-9fb3-42e87c99b9d0.png,smear,bbbc041_field,train
data/bbbc041/raw/malaria/images/b618e87e-6059-496f-b0f6-e158f676a1fb.png,smear,bbbc041_field,train
data/bbbc041/raw/malaria/images/2aeb7b85-7df9-4a63-8d37-2eecaaa190e7.png,smear,bbbc041_field,train
data/bbbc041/raw/malaria/images/cbde7f7e-2458-4dda-9db2-3d5ccf950ced.png,smear,bbbc041_field,train
data/bbbc041/raw/malaria/images/c35ee701-fde2-46b5-b178-1fe3f1ea7da2.png,smear,bbbc041_field,train
data/bbbc041/raw/malaria/images/027ab174-e47a-44f8-b85b-372449eeb7d8.png,smear,bbbc041_field,train
data/bbbc041/raw/malaria/images/deeaa5b3-3895-4aec-a2ce-ed6404862cdf.png,smear,bbbc041_field,train
data/bbbc041/raw/malaria/images/cc882eae-a341-4783-bd19-8bdedf798538.png,smear,bbbc041_field,train
data/bbbc041/raw/malaria/images/4903d9c7-de88-426a-b42d-a7e797e5ebcd.png,smear,bbbc041_field,train
data/bbbc041/raw/malaria/images/9e5437c6-b0d3-473b-b7c3-8f5afeb90c7a.png,smear,bbbc041_field,train
data/bbbc041/raw/malaria/images/75660b56-51c2-45a9-9c15-e18d12a3af8c.png,smear,bbbc041_field,train
data/bbbc041/raw/malaria/images/3abbc4d3-1d7e-40c9-9963-33732da7cc50.png,smear,bbbc041_field,train
data/bbbc041/raw/malaria/images/6d91d1f0-636b-4f5a-a526-7c17fc857190.png,smear,bbbc041_field,train
data/bbbc041/raw/malaria/images/fde0fd54-49cc-42e1-90c6-6b612cd062d8.png,smear,bbbc041_field,train
data/bbbc041/raw/malaria/images/b701b5c5-b922-4315-b12a-aac4ec65ee8b.png,smear,bbbc041_field,train
data/bbbc041/raw/malaria/images/a9daf82a-a46d-4296-bd72-2c374ed0a193.png,smear,bbbc041_field,train
data/bbbc041/raw/malaria/images/b91b1641-ee06-44d8-94cc-24cdb583cc37.png,smear,bbbc041_field,train
data/bbbc041/raw/malaria/images/345cb914-7583-49df-96e3-3cf19c2ba8f1.png,smear,bbbc041_field,train
data/bbbc041/raw/malaria/images/97eff653-3908-4e66-931f-eab36bc336c8.png,smear,bbbc041_field,train
data/bbbc041/raw/malaria/images/05804cf0-f854-4099-97c2-df287f7c8a8c.png,smear,bbbc041_field,train
data/bbbc041/raw/malaria/images/a0785022-e82b-4878-b9d4-19cb7b75213f.png,smear,bbbc041_field,train
data/bbbc041/raw/malaria/images/861c3e06-aada-47a0-99ae-94fbc2772cc0.png,smear,bbbc041_field,train
data/bbbc041/raw/malaria/images/3de03fa2-3ad3-43fc-8435-b2a80bdd7550.png,smear,bbbc041_field,train
data/bbbc041/raw/malaria/images/39cc33be-d752-40fe-b7a8-2e69a3517205.png,smear,bbbc041_field,train
data/bbbc041/raw/malaria/images/187f92b2-71ed-484a-9bd3-599ca0d2636f.png,smear,bbbc041_field,train
data/bbbc041/raw/malaria/images/064b84fe-bd21-4c27-b682-0a832272eac4.png,smear,bbbc041_field,train
data/bbbc041/raw/malaria/images/06cd484f-e864-4fee-8819-688b45eed98e.png,smear,bbbc041_field,train
data/bbbc041/raw/malaria/images/6e86206f-dafe-4c28-bacc-7b83b2d40f0c.png,smear,bbbc041_field,train
data/bbbc041/raw/malaria/images/9e74feb8-017d-4d53-8896-9ebda4327dd1.png,smear,bbbc041_field,train
data/bbbc041/raw/malaria/images/16ec6e1f-5020-40b3-ba26-51c340d03ee7.png,smear,bbbc041_field,train
data/bbbc041/raw/malaria/images/9174f910-3859-4839-8e30-2c3b25269322.png,smear,bbbc041_field,train
data/bbbc041/raw/malaria/images/e5731221-814c-4894-a44e-e46b71460fa4.png,smear,bbbc041_field,train
data/bbbc041/raw/malaria/images/be6fe358-dee1-4dcf-9b0d-5d8612aba577.png,smear,bbbc041_field,train
data/bbbc041/raw/malaria/images/b2103776-9b32-4160-b4f0-0692deda19dc.png,smear,bbbc041_field,train
data/bbbc041/raw/malaria/images/1a48cbc1-5423-47e5-8ca5-2ab4f83a05a5.png,smear,bbbc041_field,train
data/bbbc041/raw/malaria/images/bd7937db-fca2-44d0-8538-460110210927.png,smear,bbbc041_field,train
data/bbbc041/raw/malaria/images/259da25f-40f3-4d37-bca9-a9c807af1547.png,smear,bbbc041_field,train
data/bbbc041/raw/malaria/images/ffb7be9a-65df-4f0b-99ae-cfd34e81cd34.png,smear,bbbc041_field,train
data/bbbc041/raw/malaria/images/81af1442-d835-46bf-b80b-a898dba3da1b.png,smear,bbbc041_field,train
data/bbbc041/raw/malaria/images/933e7e07-fc3d-42eb-be0c-6b1623ee60fa.png,smear,bbbc041_field,train
data/bbbc041/raw/malaria/images/0b04ec46-5119-4cda-8c35-c4e5b6f0eed0.png,smear,bbbc041_field,train
data/bbbc041/raw/malaria/images/3b55c42f-ad59-422f-ba99-4f4f4ca9cb2e.png,smear,bbbc041_field,train
data/bbbc041/raw/malaria/images/c3209548-7f7c-4afd-b47c-b42a72b1ebf7.png,smear,bbbc041_field,val
data/bbbc041/raw/malaria/images/55f8c052-8e49-4423-a4c4-365fc6afb6e1.png,smear,bbbc041_field,val
data/bbbc041/raw/malaria/images/f24c8fe0-a534-44cf-9995-b2b314d945ba.png,smear,bbbc041_field,val
data/bbbc041/raw/malaria/images/627d6331-7bb9-4d1a-b20d-e6541af4d0f9.png,smear,bbbc041_field,val
data/bbbc041/raw/malaria/images/6ad3efc9-4392-4cee-98a5-186564a96373.png,smear,bbbc041_field,val
data/bbbc041/raw/malaria/images/8a7deb24-d2b4-4acf-86c4-3aadd39157fa.png,smear,bbbc041_field,val
data/bbbc041/raw/malaria/images/ef8fcfa4-8466-4186-8c69-f5f4904eb489.png,smear,bbbc041_field,val
data/bbbc041/raw/malaria/images/f1de7c7e-e7d3-45ae-a66c-58538bf6cac1.png,smear,bbbc041_field,val
data/bbbc041/raw/malaria/images/b78b88f0-154a-4b54-8aaf-85d37a42a0f9.png,smear,bbbc041_field,val
data/bbbc041/raw/malaria/images/e1937e32-85d5-4cd8-bb4a-b9cf8ee7ceeb.png,smear,bbbc041_field,val
data/bbbc041/raw/malaria/images/67abb826-9b70-4459-8764-da76ecf35bfe.png,smear,bbbc041_field,val
data/bbbc041/raw/malaria/images/81c3c8f0-d5a9-4dda-afd5-e86f6afd9424.png,smear,bbbc041_field,val
data/bbbc041/raw/malaria/images/5cac6ddf-c8c6-45de-bce0-a1db64b14fb5.png,smear,bbbc041_field,val
data/bbbc041/raw/malaria/images/7dfbfeaf-e3b1-4159-8dcd-d7f731280ac8.png,smear,bbbc041_field,val
data/bbbc041/raw/malaria/images/f0804a5e-e7f5-4cf2-a5df-b65e66502bf1.png,smear,bbbc041_field,val
data/bbbc041/raw/malaria/images/66557580-fd38-4d4b-80d8-88611ecc78c6.png,smear,bbbc041_field,val
data/bbbc041/raw/malaria/images/6bc7b53c-5a98-48ef-a9de-59a476707ea4.png,smear,bbbc041_field,val
data/bbbc041/raw/malaria/images/0403835d-43f4-4a97-abfc-b2ff915f6d7b.png,smear,bbbc041_field,val
data/bbbc041/raw/malaria/images/27fab82c-5bf0-426f-aeb9-47da829b6629.png,smear,bbbc041_field,val
data/bbbc041/raw/malaria/images/49b03a6e-6b26-4a96-a061-e05647a02138.png,smear,bbbc041_field,val
data/bbbc041/raw/malaria/images/2f3ebec8-ef64-420d-9aa0-c2fcadc27d74.png,smear,bbbc041_field,val
data/bbbc041/raw/malaria/images/6b14c855-8561-417c-97a4-63fa552842fd.png,smear,bbbc041_field,val
data/bbbc041/raw/malaria/images/161978c3-3a05-47a5-9fee-be7d25693eae.png,smear,bbbc041_field,val
data/bbbc041/raw/malaria/images/a9feccda-18f2-405e-9aa1-409fa1f49fe4.png,smear,bbbc041_field,val
data/bbbc041/raw/malaria/images/9dc6ed5d-6698-48cf-aab3-fd156673729c.png,smear,bbbc041_field,val
data/bbbc041/raw/malaria/images/b95ceeeb-8870-4492-9037-2091ff268c5a.png,smear,bbbc041_field,val
data/bbbc041/raw/malaria/images/9f33e0ea-065b-4703-9df9-15829b891860.png,smear,bbbc041_field,val
data/bbbc041/raw/malaria/images/edcb4d77-a4d3-465d-9b59-eb3087766b1c.png,smear,bbbc041_field,val
data/bbbc041/raw/malaria/images/071901eb-4c3f-404b-a747-3d0b9d0a5158.png,smear,bbbc041_field,val
data/bbbc041/raw/malaria/images/f1faab5f-3033-45ea-9673-8b816fea5ce8.png,smear,bbbc041_field,val
data/bbbc041/raw/malaria/images/8d02117d-6c71-4e47-b50a-6cc8d5eb1d55.png,smear,bbbc041_field,val
data/bbbc041/raw/malaria/images/d3283f5b-3b3a-40ea-800b-79960ca851cb.png,smear,bbbc041_field,val
data/bbbc041/raw/malaria/images/bbaa004f-05dc-4cb8-8768-e148085bb0f9.png,smear,bbbc041_field,val
data/bbbc041/raw/malaria/images/370277f8-436b-4103-8210-b4feb5ab95ea.png,smear,bbbc041_field,val
data/bbbc041/raw/malaria/images/f234a2de-f3c8-4521-a306-8cfdf52dd597.png,smear,bbbc041_field,val
data/bbbc041/raw/malaria/images/96596a68-8c95-43f3-b74e-e9506c235144.png,smear,bbbc041_field,val
data/bbbc041/raw/malaria/images/313ed8d9-3c00-4415-9de0-0eda07c60ad9.png,smear,bbbc041_field,val
data/bbbc041/raw/malaria/images/6fb707b1-5c07-479f-8385-5404bf5747b0.png,smear,bbbc041_field,val
data/bbbc041/raw/malaria/images/9c4cb048-d64a-4b7f-84ff-ca28a8084fc7.png,smear,bbbc041_field,val
data/bbbc041/raw/malaria/images/3e753a44-3264-438c-8389-a7822e4a84cc.png,smear,bbbc041_field,val
data/bbbc041/raw/malaria/images/3768c577-4e5e-4d70-8c4d-93d8aacd5baa.png,smear,bbbc041_field,val
data/bbbc041/raw/malaria/images/0ca25c88-457f-4f03-bbc1-98fb6663f1d1.png,smear,bbbc041_field,val
data/bbbc041/raw/malaria/images/c66cb6b2-1480-446a-a9d2-b8032a3de0d7.png,smear,bbbc041_field,val
data/bbbc041/raw/malaria/images/75579b27-8191-4044-859b-268be969c42b.png,smear,bbbc041_field,val
data/bbbc041/raw/malaria/images/9e0e1928-d19a-4100-b093-0b962ac09e05.png,smear,bbbc041_field,val
data/bbbc041/raw/malaria/images/69569ecf-cfa1-4ddd-9342-b22c23387fdb.png,smear,bbbc041_field,val
data/bbbc041/raw/malaria/images/781d4bea-c6a9-4b36-ae10-ba9e328c87fe.png,smear,bbbc041_field,val
data/bbbc041/raw/malaria/images/99d6a7e5-128e-4455-841d-8fbd1663905e.png,smear,bbbc041_field,val
data/bbbc041/raw/malaria/images/faead1c7-bb2c-4adf-bfce-9ff36cd2cf6a.png,smear,bbbc041_field,val
data/bbbc041/raw/malaria/images/3d1429ed-4619-41f7-8ff3-d698ad28034c.png,smear,bbbc041_field,val
data/bbbc041/raw/malaria/images/06df7bbe-60d4-4f7c-ba4a-5a42ac4be91b.png,smear,bbbc041_field,val
data/bbbc041/raw/malaria/images/0a7bfa8a-ee52-4f7a-b9c5-2919ecfa93ef.png,smear,bbbc041_field,val
data/bbbc041/raw/malaria/images/30167dc1-f739-4036-b5c4-5fad435c2c67.png,smear,bbbc041_field,val
data/bbbc041/raw/malaria/images/340a1727-0df7-4e6f-9c0e-9c5deddbfca2.png,smear,bbbc041_field,val
data/bbbc041/raw/malaria/images/3b5a8060-dec6-4a83-b7f2-b604e4e69dfc.png,smear,bbbc041_field,val
data/bbbc041/raw/malaria/images/49efc89d-9cba-44f7-8257-7f911b73f68a.png,smear,bbbc041_field,val
data/bbbc041/raw/malaria/images/7ba9db7e-9d3f-413c-b672-2bba5fb5b415.png,smear,bbbc041_field,val
data/bbbc041/raw/malaria/images/b687c30d-cf15-445c-b3f6-5aca86584708.png,smear,bbbc041_field,val
data/bbbc041/raw/malaria/images/8dace03a-10c4-4d59-bcd9-a2c314c5df33.png,smear,bbbc041_field,val
data/bbbc041/raw/malaria/images/177f883a-f0f1-4b8e-b598-2ca4bab27381.png,smear,bbbc041_field,val
data/bbbc041/raw/malaria/images/c5084fb8-2b62-464c-8a77-1a07ea653266.png,smear,bbbc041_field,val
data/bbbc041/raw/malaria/images/318de807-7232-4ab1-843e-a901547c0125.png,smear,bbbc041_field,val
data/bbbc041/raw/malaria/images/724e0c34-32cd-41f1-ae37-586038bc67ab.png,smear,bbbc041_field,val
data/bbbc041/raw/malaria/images/83ec8923-6232-40d7-ba1f-a1b8bf7cb66c.png,smear,bbbc041_field,val
data/bbbc041/raw/malaria/images/65e865f3-acfb-4d01-a75f-ff5a535ffa6a.png,smear,bbbc041_field,val
data/bbbc041/raw/malaria/images/5e4f7425-11e6-4f9e-be2d-5a27deb9d1b4.png,smear,bbbc041_field,val
data/bbbc041/raw/malaria/images/a1c140f9-75d7-42a3-b767-4c01a118892b.png,smear,bbbc041_field,val
data/bbbc041/raw/malaria/images/6013bff0-dc4b-4bde-9409-0f6139c3495c.png,smear,bbbc041_field,val
data/bbbc041/raw/malaria/images/c1423156-82b3-4dd3-8e74-08eb7ed8e1d6.png,smear,bbbc041_field,val
data/bbbc041/raw/malaria/images/a89cace5-c818-4f23-a432-052b3433b81e.png,smear,bbbc041_field,val
data/bbbc041/raw/malaria/images/f81806a8-5883-446c-be78-f0145b12dbdd.png,smear,bbbc041_field,val
data/bbbc041/raw/malaria/images/4e2873dd-651e-4ecc-ac70-7335cf21a469.png,smear,bbbc041_field,val
data/bbbc041/raw/malaria/images/9fe8bdc8-847d-434e-93e5-ae14ff3b45e1.png,smear,bbbc041_field,val
data/bbbc041/raw/malaria/images/b4d22412-a495-43a9-bec0-73a2322f8dad.png,smear,bbbc041_field,val
data/bbbc041/raw/malaria/images/72732579-a812-4496-b2dd-ea1556924337.png,smear,bbbc041_field,val
data/bbbc041/raw/malaria/images/6e7ed596-1b76-4998-8147-a846d53d91c5.png,smear,bbbc041_field,val
data/bbbc041/raw/malaria/images/8e72e20e-e714-4db6-a1da-c05a409257d4.png,smear,bbbc041_field,val
data/bbbc041/raw/malaria/images/2518f6e4-29cc-4ae4-a914-b215a4c56099.png,smear,bbbc041_field,val
data/bbbc041/raw/malaria/images/a5c3b3f8-7ceb-4573-a400-a76b9479af46.png,smear,bbbc041_field,val
data/bbbc041/raw/malaria/images/af2e63a3-9fde-46aa-a867-81c5c259d1dc.png,smear,bbbc041_field,val
data/bbbc041/raw/malaria/images/c84edeb4-311c-4e82-88f9-ae0505b3ad13.png,smear,bbbc041_field,val
data/bbbc041/raw/malaria/images/e79bd81b-f878-4bee-9be2-d91a722c031e.png,smear,bbbc041_field,val
data/bbbc041/raw/malaria/images/59daa25e-85d6-42f2-8f39-cc9f9d5d252e.png,smear,bbbc041_field,val
data/bbbc041/raw/malaria/images/72105bb0-8e39-48be-b7f7-5b32f047b99e.png,smear,bbbc041_field,val
data/bbbc041/raw/malaria/images/5721e41b-90ef-4851-8587-8dc71227ef90.png,smear,bbbc041_field,val
data/bbbc041/raw/malaria/images/f329e01b-fbd3-4fb5-9738-a7ff4c8622b8.png,smear,bbbc041_field,val
data/bbbc041/raw/malaria/images/d0d3ae45-b434-4869-a518-427320ebe62d.png,smear,bbbc041_field,val
data/bbbc041/raw/malaria/images/7c66d2fd-68ee-4628-b860-9d7ad25b2a80.png,smear,bbbc041_field,val
data/bbbc041/raw/malaria/images/aabca37c-f9ef-4415-aab6-3246caa348e9.png,smear,bbbc041_field,val
data/bbbc041/raw/malaria/images/c742ee2c-6814-46cd-af56-ae87bb9972f4.png,smear,bbbc041_field,val
data/bbbc041/raw/malaria/images/00d04a90-80e5-4bce-9511-1b64eabb7a47.png,smear,bbbc041_field,val
data/bbbc041/raw/malaria/images/a2d07312-2f97-40d2-8b09-7f2aca7b16fb.png,smear,bbbc041_field,val
data/bbbc041/raw/malaria/images/040112be-3c8d-49aa-93f1-522f94a592ff.png,smear,bbbc041_field,val
data/bbbc041/raw/malaria/images/319c9c52-f316-49f3-baad-4444ab19f85b.png,smear,bbbc041_field,val
data/bbbc041/raw/malaria/images/37e072a6-000d-4773-8d9f-d66b60ace668.png,smear,bbbc041_field,val
data/bbbc041/raw/malaria/images/003d1cdc-0aec-430b-90e0-f4d82135b1ac.png,smear,bbbc041_field,val
data/bbbc041/raw/malaria/images/07d15855-eb9b-46a9-b894-7cfe4d097826.png,smear,bbbc041_field,val
data/bbbc041/raw/malaria/images/7ef90770-6aeb-45eb-9744-49c5247dde30.png,smear,bbbc041_field,val
data/bbbc041/raw/malaria/images/dacf7e3f-1d8c-42a0-8539-3abe3971c956.png,smear,bbbc041_field,val
data/bbbc041/raw/malaria/images/56551792-4aa1-4301-9f8f-8bfebcd20050.png,smear,bbbc041_field,val
data/bbbc041/raw/malaria/images/6795acae-e84d-4e97-b9a1-b4f4f0a72cfd.png,smear,bbbc041_field,val
data/bbbc041/raw/malaria/images/1ecb0405-a6e9-4485-819e-2fbbf2b718aa.png,smear,bbbc041_field,val
data/bbbc041/raw/malaria/images/cecbf663-0751-4e7f-b298-770c88afc2c1.png,smear,bbbc041_field,val
data/bbbc041/raw/malaria/images/9c5f48c0-0544-4c0c-92b4-59b7d7b7814c.png,smear,bbbc041_field,val
data/bbbc041/raw/malaria/images/13bab3c3-3f79-44d9-a287-0ae6d71eff31.png,smear,bbbc041_field,val
data/bbbc041/raw/malaria/images/dfc026a9-079f-4f45-8666-e0ccba5bb437.png,smear,bbbc041_field,val
data/bbbc041/raw/malaria/images/c54fcef1-0c51-4426-9a93-15ec5f2bf58a.png,smear,bbbc041_field,val
data/bbbc041/raw/malaria/images/ca9626bc-21a4-46f4-ba94-e7ee7a4cf735.png,smear,bbbc041_field,val
data/bbbc041/raw/malaria/images/43bc935a-f655-45e1-a64d-fcb8b78267a6.png,smear,bbbc041_field,val
data/bbbc041/raw/malaria/images/85a4d82e-cfb7-4983-b272-626c9e8c7583.png,smear,bbbc041_field,val
data/bbbc041/raw/malaria/images/e94a811d-3145-4313-ba42-2d5ed283179f.png,smear,bbbc041_field,val
data/bbbc041/raw/malaria/images/a27858ef-6533-413e-bc75-cc54690261a2.png,smear,bbbc041_field,val
data/bbbc041/raw/malaria/images/b3058064-d817-47dd-a8c4-cdb1f62374f8.png,smear,bbbc041_field,val
data/bbbc041/raw/malaria/images/3130f950-8345-4315-9711-92f7af3f5c14.png,smear,bbbc041_field,val
data/bbbc041/raw/malaria/images/d0347b49-8f98-4632-a384-1a4f57ac6374.png,smear,bbbc041_field,val
data/bbbc041/raw/malaria/images/5107dcb7-164f-4e10-bbff-822b39b76efc.png,smear,bbbc041_field,val
data/bbbc041/raw/malaria/images/ae779806-6d01-4dc6-89df-294c368db6bc.png,smear,bbbc041_field,val
data/bbbc041/raw/malaria/images/393df10a-5d64-476b-88f5-14ac56d6ed60.png,smear,bbbc041_field,val
data/bbbc041/raw/malaria/images/b12ae3b1-613c-4c0e-9163-3c5cc314abf5.png,smear,bbbc041_field,val
data/bbbc041/raw/malaria/images/85546330-4efd-43e2-87aa-d53a30220bfc.png,smear,bbbc041_field,val
data/bbbc041/raw/malaria/images/fe691faa-3bc7-475e-b558-aa8fe7b795bc.png,smear,bbbc041_field,val
data/bbbc041/raw/malaria/images/89b276cc-cc8f-4378-a877-e01aff333373.png,smear,bbbc041_field,val
data/bbbc041/raw/malaria/images/31c749e8-18d1-4105-b7e6-8319cceddae0.png,smear,bbbc041_field,val
data/bbbc041/raw/malaria/images/7d041c38-11f2-4186-8a24-29d7d0f5c3cf.png,smear,bbbc041_field,val
data/bbbc041/raw/malaria/images/6afd8203-d61a-4e9b-a4cf-dcb53a16b57c.png,smear,bbbc041_field,val
data/bbbc041/raw/malaria/images/f0713bee-2a71-4ced-b953-4041ea99496a.png,smear,bbbc041_field,val
data/bbbc041/raw/malaria/images/412c9fa5-fcf4-402b-b1e4-3271f775058e.png,smear,bbbc041_field,val
data/bbbc041/raw/malaria/images/3061aac0-cda3-47d1-8c48-6293e9ffdf36.png,smear,bbbc041_field,val
data/bbbc041/raw/malaria/images/1f8f08ea-b5b3-4f68-94d4-3cc071b7dce8.png,smear,bbbc041_field,val
data/bbbc041/raw/malaria/images/da49db57-0c2f-4213-b322-c88c19fb9296.png,smear,bbbc041_field,val
data/bbbc041/raw/malaria/images/4c7d2382-a962-4237-a053-955eea3decd8.png,smear,bbbc041_field,val
data/bbbc041/raw/malaria/images/4823c1fe-a7f9-4b92-959f-0d9be09cd14b.png,smear,bbbc041_field,val
data/bbbc041/raw/malaria/images/eaf4b781-b3aa-41ce-8c5e-287979b4e15a.png,smear,bbbc041_field,val
data/bbbc041/raw/malaria/images/b59dc3a0-3d54-4e3b-a485-33b3e43966de.png,smear,bbbc041_field,val
data/bbbc041/raw/malaria/images/c3215597-a032-46be-9058-d6de1e5191d7.png,smear,bbbc041_field,val
data/bbbc041/raw/malaria/images/a4409217-be11-4478-90a5-b406057d154d.png,smear,bbbc041_field,val
data/bbbc041/raw/malaria/images/b234b6ea-b54d-470c-8461-ba7f4a024796.png,smear,bbbc041_field,val
data/bbbc041/raw/malaria/images/ed0bee2f-05e0-4392-8357-19750cec577c.png,smear,bbbc041_field,val
data/bbbc041/raw/malaria/images/0d2aba33-6920-4001-bd54-59fe0bf9f50e.png,smear,bbbc041_field,val
data/bbbc041/raw/malaria/images/ecd68ba2-48af-4866-826a-7cd1c147c055.png,smear,bbbc041_field,val
data/bbbc041/raw/malaria/images/6c3f81d7-5670-46bd-9eaa-9b426413abb7.png,smear,bbbc041_field,val
data/bbbc041/raw/malaria/images/00c8364b-8c85-4502-bcfe-64736fe76815.png,smear,bbbc041_field,val
data/bbbc041/raw/malaria/images/c94a5851-b846-4fde-8c89-05bec3a8ac53.png,smear,bbbc041_field,val
data/bbbc041/raw/malaria/images/bd856928-96ee-4fc4-a377-f2fc4e84448b.png,smear,bbbc041_field,val
data/bbbc041/raw/malaria/images/2102e5d1-8bec-4ab6-ab35-2705485da1f8.png,smear,bbbc041_field,val
data/bbbc041/raw/malaria/images/27cdd837-e40f-491e-8adb-61e493189832.png,smear,bbbc041_field,val
data/bbbc041/raw/malaria/images/9eb66577-7857-43dc-a879-8f2c9d7f780f.png,smear,bbbc041_field,val
data/bbbc041/raw/malaria/images/33068c1a-48f7-470b-8e49-e2f0888042e9.png,smear,bbbc041_field,val
data/bbbc041/raw/malaria/images/f4a27dfd-4c52-459f-96b5-ee6b452a3395.png,smear,bbbc041_field,val
data/bbbc041/raw/malaria/images/0ed416f9-7c20-4829-9016-559e4009568e.png,smear,bbbc041_field,val
data/bbbc041/raw/malaria/images/fe0c5e48-f65e-488c-9c3c-1ea7c7835c0c.png,smear,bbbc041_field,val
data/bbbc041/raw/malaria/images/e36cb882-c6d0-4467-812e-d18c169a9a47.png,smear,bbbc041_field,val
data/bbbc041/raw/malaria/images/6347dd6a-cfdf-4cb5-bc50-cff5403cfecb.png,smear,bbbc041_field,val
data/bbbc041/raw/malaria/images/64113b22-03b1-4ab8-89ab-b2f32154fbbd.png,smear,bbbc041_field,val
data/bbbc041/raw/malaria/images/749df49e-5212-49ea-9e88-7d66f258f1df.png,smear,bbbc041_field,val
data/bbbc041/raw/malaria/images/bbe65c18-8a56-4dfe-875c-94e124a84125.png,smear,bbbc041_field,val
data/bbbc041/raw/malaria/images/c7045ab6-230e-4c1e-a8e0-f624d41a00d9.png,smear,bbbc041_field,val
data/bbbc041/raw/malaria/images/2d857091-efcd-41c0-ba3f-226de90445c4.png,smear,bbbc041_field,val
data/bbbc041/raw/malaria/images/4aad9589-6b32-4522-bcd7-ca04687a02ca.png,smear,bbbc041_field,val
data/bbbc041/raw/malaria/images/105af41b-13cc-4ad1-8a1f-8bc4d47cdd94.png,smear,bbbc041_field,val
data/bbbc041/raw/malaria/images/637957ef-df75-4a7b-86d5-9f6e9c042ca2.png,smear,bbbc041_field,val
data/bbbc041/raw/malaria/images/640c4a52-3742-4f57-aee3-9e3dc0887622.png,smear,bbbc041_field,val
data/bbbc041/raw/malaria/images/d4fef0c5-6597-48b6-97e9-32ed504488e6.png,smear,bbbc041_field,val
data/bbbc041/raw/malaria/images/ef815e3a-02a6-4cf8-9262-45bc74c50b00.png,smear,bbbc041_field,val
data/bbbc041/raw/malaria/images/caeb2d62-1166-43f0-8eac-5b8fc48f02eb.png,smear,bbbc041_field,val
data/bbbc041/raw/malaria/images/452482bc-24a3-413e-ba03-fad4c9d61f3c.png,smear,bbbc041_field,val
data/bbbc041/raw/malaria/images/bcb447c9-5d37-414f-a513-d7076b04a532.png,smear,bbbc041_field,val
data/bbbc041/raw/malaria/images/6bb4892c-27a9-4642-aba1-4b73f38f757c.png,smear,bbbc041_field,val
data/bbbc041/raw/malaria/images/abb2f9d6-26fa-4328-983c-959ef6717c05.png,smear,bbbc041_field,val
data/bbbc041/raw/malaria/images/c9ad92d4-b408-4506-916e-def47b2e6ed0.png,smear,bbbc041_field,val
data/bbbc041/raw/malaria/images/de5d19b7-e670-4ac7-843b-7ce7bcebdf45.png,smear,bbbc041_field,val
data/bbbc041/raw/malaria/images/883d9731-a04d-4f84-83c9-d3bef954759d.png,smear,bbbc041_field,val
data/bbbc041/raw/malaria/images/5f66d20c-fbfe-44ec-a01b-8a09da24807e.png,smear,bbbc041_field,val
data/bbbc041/raw/malaria/images/afa470d9-c74c-41cd-b4dc-7bf93fde8263.png,smear,bbbc041_field,val
data/bbbc041/raw/malaria/images/882b91b7-5906-4091-bad4-688d4375eeb5.png,smear,bbbc041_field,val
data/bbbc041/raw/malaria/images/7f528918-27d4-421f-ab57-0cf9c693e697.png,smear,bbbc041_field,val
data/bbbc041/raw/malaria/images/664c570b-4822-413c-9724-11b1d91fac44.png,smear,bbbc041_field,val
data/bbbc041/raw/malaria/images/ca734448-0d52-42fa-b41c-17b2939e58ae.png,smear,bbbc041_field,val
data/bbbc041/raw/malaria/images/61cd8c7d-394d-42d3-9ed4-e09559110bed.png,smear,bbbc041_field,val
data/bbbc041/raw/malaria/images/a30da226-b452-408a-a556-bfae4d521464.png,smear,bbbc041_field,val
data/bbbc041/raw/malaria/images/a72cd558-b7ac-4bf2-a344-2ce6c73a354e.png,smear,bbbc041_field,val
data/bbbc041/raw/malaria/images/205306da-0ed8-475a-ace6-f2f81d4be88a.png,smear,bbbc041_field,val
data/bbbc041/raw/malaria/images/bfe65b11-8aff-46aa-908b-1e989d25fdc4.png,smear,bbbc041_field,val
data/bbbc041/raw/malaria/images/9d819c89-4ea9-4e75-9b03-da87fa6c6f4d.png,smear,bbbc041_field,val
data/bbbc041/raw/malaria/images/29d40b60-cde1-45b5-b403-692437a77ac1.png,smear,bbbc041_field,val
data/bbbc041/raw/malaria/images/ac4d6507-d710-497b-ad7c-e0dd75c1d06d.png,smear,bbbc041_field,val
data/bbbc041/raw/malaria/images/b4f3b2a4-f4b9-48de-ac5d-0e681b77be27.png,smear,bbbc041_field,val
data/bbbc041/raw/malaria/images/ec60ab26-3343-4c5f-9667-cdae999c7d86.png,smear,bbbc041_field,val
data/bbbc041/raw/malaria/images/b4bde4e8-f48b-4ae2-be01-86d8c91d0af9.png,smear,bbbc041_field,val
data/bbbc041/raw/malaria/images/c8fd1336-dd0a-4f97-abbf-be2c18b91e02.png,smear,bbbc041_field,val
data/bbbc041/raw/malaria/images/43072c64-4c08-47cd-ae8a-b74d31f80008.png,smear,bbbc041_field,val
data/bbbc041/raw/malaria/images/d1924af6-7512-4ccc-9c6b-adbbaa8db41f.png,smear,bbbc041_field,val
data/bbbc041/raw/malaria/images/8eeb378e-90f0-47ea-ac1c-2a201eb8d090.png,smear,bbbc041_field,val
data/bbbc041/raw/malaria/images/d1b48634-9ad5-46e8-b816-42d1d97c93cd.png,smear,bbbc041_field,val
data/bbbc041/raw/malaria/images/9147a21d-0de2-4c04-88da-b788311696ac.png,smear,bbbc041_field,val
data/bbbc041/raw/malaria/images/17c06a23-bb77-49cb-9ffb-fbfc75fcc715.png,smear,bbbc041_field,val
data/bbbc041/raw/malaria/images/8d56197c-21d7-4cb6-92df-80637efd129b.png,smear,bbbc041_field,val
data/bbbc041/raw/malaria/images/4c460388-e0c1-4970-8527-c9e5b42bea49.png,smear,bbbc041_field,val
data/bbbc041/raw/malaria/images/a27b451d-44a6-4740-861a-9e7e99915563.png,smear,bbbc041_field,val
data/bbbc041/raw/malaria/images/bca27923-b270-45df-a0bf-3e1a7d135b2c.png,smear,bbbc041_field,val
data/bbbc041/raw/malaria/images/530761d4-1931-44cd-b220-d60db0e228f9.png,smear,bbbc041_field,val
data/bbbc041/raw/malaria/images/c66a3e52-0f3f-4c81-bab9-0303499549f7.png,smear,bbbc041_field,val
data/bbbc041/raw/malaria/images/98175327-da9e-4e0c-8912-ee68490a4672.png,smear,bbbc041_field,val
data/bbbc041/raw/malaria/images/e02edd82-c424-4dee-98a7-575640655d9b.png,smear,bbbc041_field,val
data/bbbc041/raw/malaria/images/04018590-4e66-4cb9-ad2d-83570f1b29ae.png,smear,bbbc041_field,val
data/guardrail/bbbc_crops/train/crop_infected_6950.png,smear,bbbc041_cell,train
data/guardrail/bbbc_crops/train/crop_infected_1134.png,smear,bbbc041_cell,train
data/guardrail/bbbc_crops/train/crop_infected_256.png,smear,bbbc041_cell,train
data/guardrail/bbbc_crops/train/crop_infected_2893.png,smear,bbbc041_cell,train
data/guardrail/bbbc_crops/train/crop_infected_2616.png,smear,bbbc041_cell,train
data/guardrail/bbbc_crops/train/crop_infected_2363.png,smear,bbbc041_cell,train
data/guardrail/bbbc_crops/train/crop_infected_1377.png,smear,bbbc041_cell,train
data/guardrail/bbbc_crops/train/crop_infected_1060.png,smear,bbbc041_cell,train
data/guardrail/bbbc_crops/train/crop_infected_7450.png,smear,bbbc041_cell,train
data/guardrail/bbbc_crops/train/crop_infected_5910.png,smear,bbbc041_cell,train
data/guardrail/bbbc_crops/train/crop_infected_949.png,smear,bbbc041_cell,train
data/guardrail/bbbc_crops/train/crop_infected_6481.png,smear,bbbc041_cell,train
data/guardrail/bbbc_crops/train/crop_infected_4646.png,smear,bbbc041_cell,train
data/guardrail/bbbc_crops/train/crop_infected_331.png,smear,bbbc041_cell,train
data/guardrail/bbbc_crops/train/crop_infected_323.png,smear,bbbc041_cell,train
data/guardrail/bbbc_crops/train/crop_infected_993.png,smear,bbbc041_cell,train
data/guardrail/bbbc_crops/train/crop_infected_2319.png,smear,bbbc041_cell,train
data/guardrail/bbbc_crops/train/crop_infected_2511.png,smear,bbbc041_cell,train
data/guardrail/bbbc_crops/train/crop_infected_5519.png,smear,bbbc041_cell,train
data/guardrail/bbbc_crops/train/crop_infected_6586.png,smear,bbbc041_cell,train
data/guardrail/bbbc_crops/train/crop_infected_284.png,smear,bbbc041_cell,train
data/guardrail/bbbc_crops/train/crop_infected_6113.png,smear,bbbc041_cell,train
data/guardrail/bbbc_crops/train/crop_infected_2065.png,smear,bbbc041_cell,train
data/guardrail/bbbc_crops/train/crop_infected_7766.png,smear,bbbc041_cell,train
data/guardrail/bbbc_crops/train/crop_infected_7071.png,smear,bbbc041_cell,train
data/guardrail/bbbc_crops/train/crop_infected_7652.png,smear,bbbc041_cell,train
data/guardrail/bbbc_crops/train/crop_infected_7854.png,smear,bbbc041_cell,train
data/guardrail/bbbc_crops/train/crop_infected_4629.png,smear,bbbc041_cell,train
data/guardrail/bbbc_crops/train/crop_infected_2338.png,smear,bbbc041_cell,train
data/guardrail/bbbc_crops/train/crop_infected_4910.png,smear,bbbc041_cell,train
data/guardrail/bbbc_crops/train/crop_infected_6478.png,smear,bbbc041_cell,train
data/guardrail/bbbc_crops/train/crop_infected_2907.png,smear,bbbc041_cell,train
data/guardrail/bbbc_crops/train/crop_infected_90.png,smear,bbbc041_cell,train
data/guardrail/bbbc_crops/train/crop_infected_1598.png,smear,bbbc041_cell,train
data/guardrail/bbbc_crops/train/crop_infected_7618.png,smear,bbbc041_cell,train
data/guardrail/bbbc_crops/train/crop_infected_4647.png,smear,bbbc041_cell,train
data/guardrail/bbbc_crops/train/crop_infected_3784.png,smear,bbbc041_cell,train
data/guardrail/bbbc_crops/train/crop_infected_7751.png,smear,bbbc041_cell,train
data/guardrail/bbbc_crops/train/crop_infected_1580.png,smear,bbbc041_cell,train
data/guardrail/bbbc_crops/train/crop_infected_2283.png,smear,bbbc041_cell,train
data/guardrail/bbbc_crops/train/crop_infected_3749.png,smear,bbbc041_cell,train
data/guardrail/bbbc_crops/train/crop_infected_7856.png,smear,bbbc041_cell,train
data/guardrail/bbbc_crops/train/crop_infected_991.png,smear,bbbc041_cell,train
data/guardrail/bbbc_crops/train/crop_infected_4257.png,smear,bbbc041_cell,train
data/guardrail/bbbc_crops/train/crop_infected_1031.png,smear,bbbc041_cell,train
data/guardrail/bbbc_crops/train/crop_infected_3955.png,smear,bbbc041_cell,train
data/guardrail/bbbc_crops/train/crop_infected_3808.png,smear,bbbc041_cell,train
data/guardrail/bbbc_crops/train/crop_infected_6610.png,smear,bbbc041_cell,train
data/guardrail/bbbc_crops/train/crop_infected_2833.png,smear,bbbc041_cell,train
data/guardrail/bbbc_crops/train/crop_infected_486.png,smear,bbbc041_cell,train
data/guardrail/bbbc_crops/train/crop_infected_5010.png,smear,bbbc041_cell,train
data/guardrail/bbbc_crops/train/crop_infected_5819.png,smear,bbbc041_cell,train
data/guardrail/bbbc_crops/train/crop_infected_1267.png,smear,bbbc041_cell,train
data/guardrail/bbbc_crops/train/crop_infected_4246.png,smear,bbbc041_cell,train
data/guardrail/bbbc_crops/train/crop_infected_841.png,smear,bbbc041_cell,train
data/guardrail/bbbc_crops/train/crop_infected_5967.png,smear,bbbc041_cell,train
data/guardrail/bbbc_crops/train/crop_infected_3188.png,smear,bbbc041_cell,train
data/guardrail/bbbc_crops/train/crop_infected_6818.png,smear,bbbc041_cell,train
data/guardrail/bbbc_crops/train/crop_infected_6759.png,smear,bbbc041_cell,train
data/guardrail/bbbc_crops/train/crop_infected_3993.png,smear,bbbc041_cell,train
data/guardrail/bbbc_crops/train/crop_infected_6332.png,smear,bbbc041_cell,train
data/guardrail/bbbc_crops/train/crop_infected_1961.png,smear,bbbc041_cell,train
data/guardrail/bbbc_crops/train/crop_infected_738.png,smear,bbbc041_cell,train
data/guardrail/bbbc_crops/train/crop_infected_541.png,smear,bbbc041_cell,train
data/guardrail/bbbc_crops/train/crop_infected_7226.png,smear,bbbc041_cell,train
data/guardrail/bbbc_crops/train/crop_infected_2470.png,smear,bbbc041_cell,train
data/guardrail/bbbc_crops/train/crop_infected_3114.png,smear,bbbc041_cell,train
data/guardrail/bbbc_crops/train/crop_infected_843.png,smear,bbbc041_cell,train
data/guardrail/bbbc_crops/train/crop_infected_7806.png,smear,bbbc041_cell,train
data/guardrail/bbbc_crops/train/crop_infected_1050.png,smear,bbbc041_cell,train
data/guardrail/bbbc_crops/train/crop_infected_7702.png,smear,bbbc041_cell,train
data/guardrail/bbbc_crops/train/crop_infected_7733.png,smear,bbbc041_cell,train
data/guardrail/bbbc_crops/train/crop_infected_4967.png,smear,bbbc041_cell,train
data/guardrail/bbbc_crops/train/crop_infected_6899.png,smear,bbbc041_cell,train
data/guardrail/bbbc_crops/train/crop_infected_4053.png,smear,bbbc041_cell,train
data/guardrail/bbbc_crops/train/crop_infected_1614.png,smear,bbbc041_cell,train
data/guardrail/bbbc_crops/train/crop_infected_4138.png,smear,bbbc041_cell,train
data/guardrail/bbbc_crops/train/crop_infected_3905.png,smear,bbbc041_cell,train
data/guardrail/bbbc_crops/train/crop_infected_2183.png,smear,bbbc041_cell,train
data/guardrail/bbbc_crops/train/crop_infected_7388.png,smear,bbbc041_cell,train
data/guardrail/bbbc_crops/train/crop_infected_2838.png,smear,bbbc041_cell,train
data/guardrail/bbbc_crops/train/crop_infected_7512.png,smear,bbbc041_cell,train
data/guardrail/bbbc_crops/train/crop_infected_7060.png,smear,bbbc041_cell,train
data/guardrail/bbbc_crops/train/crop_infected_758.png,smear,bbbc041_cell,train
data/guardrail/bbbc_crops/train/crop_infected_6647.png,smear,bbbc041_cell,train
data/guardrail/bbbc_crops/train/crop_infected_6895.png,smear,bbbc041_cell,train
data/guardrail/bbbc_crops/train/crop_infected_1710.png,smear,bbbc041_cell,train
data/guardrail/bbbc_crops/train/crop_infected_5795.png,smear,bbbc041_cell,train
data/guardrail/bbbc_crops/train/crop_infected_7904.png,smear,bbbc041_cell,train
data/guardrail/bbbc_crops/train/crop_infected_1616.png,smear,bbbc041_cell,train
data/guardrail/bbbc_crops/train/crop_infected_5055.png,smear,bbbc041_cell,train
data/guardrail/bbbc_crops/train/crop_infected_4254.png,smear,bbbc041_cell,train
data/guardrail/bbbc_crops/train/crop_infected_2871.png,smear,bbbc041_cell,train
data/guardrail/bbbc_crops/train/crop_infected_6951.png,smear,bbbc041_cell,train
data/guardrail/bbbc_crops/train/crop_infected_6034.png,smear,bbbc041_cell,train
data/guardrail/bbbc_crops/train/crop_infected_2321.png,smear,bbbc041_cell,train
data/guardrail/bbbc_crops/train/crop_infected_3620.png,smear,bbbc041_cell,train
data/guardrail/bbbc_crops/train/crop_infected_637.png,smear,bbbc041_cell,train
data/guardrail/bbbc_crops/train/crop_infected_2483.png,smear,bbbc041_cell,train
data/guardrail/bbbc_crops/train/crop_infected_7820.png,smear,bbbc041_cell,train
data/guardrail/bbbc_crops/train/crop_infected_3545.png,smear,bbbc041_cell,train
data/guardrail/bbbc_crops/train/crop_infected_4466.png,smear,bbbc041_cell,train
data/guardrail/bbbc_crops/train/crop_infected_2840.png,smear,bbbc041_cell,train
data/guardrail/bbbc_crops/train/crop_infected_722.png,smear,bbbc041_cell,train
data/guardrail/bbbc_crops/train/crop_infected_2223.png,smear,bbbc041_cell,train
data/guardrail/bbbc_crops/train/crop_infected_6181.png,smear,bbbc041_cell,train
data/guardrail/bbbc_crops/train/crop_infected_3533.png,smear,bbbc041_cell,train
data/guardrail/bbbc_crops/train/crop_infected_2247.png,smear,bbbc041_cell,train
data/guardrail/bbbc_crops/train/crop_infected_7198.png,smear,bbbc041_cell,train
data/guardrail/bbbc_crops/train/crop_infected_5407.png,smear,bbbc041_cell,train
data/guardrail/bbbc_crops/train/crop_infected_4445.png,smear,bbbc041_cell,train
data/guardrail/bbbc_crops/train/crop_infected_6995.png,smear,bbbc041_cell,train
data/guardrail/bbbc_crops/train/crop_infected_5004.png,smear,bbbc041_cell,train
data/guardrail/bbbc_crops/train/crop_infected_1406.png,smear,bbbc041_cell,train
data/guardrail/bbbc_crops/train/crop_infected_2834.png,smear,bbbc041_cell,train
data/guardrail/bbbc_crops/train/crop_infected_7902.png,smear,bbbc041_cell,train
data/guardrail/bbbc_crops/train/crop_infected_2635.png,smear,bbbc041_cell,train
data/guardrail/bbbc_crops/train/crop_infected_7783.png,smear,bbbc041_cell,train
data/guardrail/bbbc_crops/train/crop_infected_5834.png,smear,bbbc041_cell,train
data/guardrail/bbbc_crops/train/crop_infected_2791.png,smear,bbbc041_cell,train
data/guardrail/bbbc_crops/train/crop_infected_6427.png,smear,bbbc041_cell,train
data/guardrail/bbbc_crops/train/crop_infected_4673.png,smear,bbbc041_cell,train
data/guardrail/bbbc_crops/train/crop_infected_6425.png,smear,bbbc041_cell,train
data/guardrail/bbbc_crops/train/crop_infected_4452.png,smear,bbbc041_cell,train
data/guardrail/bbbc_crops/train/crop_infected_3994.png,smear,bbbc041_cell,train
data/guardrail/bbbc_crops/train/crop_infected_7511.png,smear,bbbc041_cell,train
data/guardrail/bbbc_crops/train/crop_infected_1375.png,smear,bbbc041_cell,train
data/guardrail/bbbc_crops/train/crop_infected_5602.png,smear,bbbc041_cell,train
data/guardrail/bbbc_crops/train/crop_infected_5332.png,smear,bbbc041_cell,train
data/guardrail/bbbc_crops/train/crop_infected_988.png,smear,bbbc041_cell,train
data/guardrail/bbbc_crops/train/crop_infected_561.png,smear,bbbc041_cell,train
data/guardrail/bbbc_crops/train/crop_infected_1128.png,smear,bbbc041_cell,train
data/guardrail/bbbc_crops/train/crop_infected_1522.png,smear,bbbc041_cell,train
data/guardrail/bbbc_crops/train/crop_infected_6816.png,smear,bbbc041_cell,train
data/guardrail/bbbc_crops/train/crop_infected_1599.png,smear,bbbc041_cell,train
data/guardrail/bbbc_crops/train/crop_infected_7826.png,smear,bbbc041_cell,train
data/guardrail/bbbc_crops/train/crop_infected_6561.png,smear,bbbc041_cell,train
data/guardrail/bbbc_crops/train/crop_infected_705.png,smear,bbbc041_cell,train
data/guardrail/bbbc_crops/train/crop_infected_4308.png,smear,bbbc041_cell,train
data/guardrail/bbbc_crops/train/crop_infected_4280.png,smear,bbbc041_cell,train
data/guardrail/bbbc_crops/train/crop_infected_6549.png,smear,bbbc041_cell,train
data/guardrail/bbbc_crops/train/crop_infected_5108.png,smear,bbbc041_cell,train
data/guardrail/bbbc_crops/train/crop_infected_5744.png,smear,bbbc041_cell,train
data/guardrail/bbbc_crops/train/crop_infected_2700.png,smear,bbbc041_cell,train
data/guardrail/bbbc_crops/train/crop_infected_5986.png,smear,bbbc041_cell,train
data/guardrail/bbbc_crops/train/crop_infected_141.png,smear,bbbc041_cell,train
data/guardrail/bbbc_crops/train/crop_infected_1140.png,smear,bbbc041_cell,train
data/guardrail/bbbc_crops/train/crop_infected_5820.png,smear,bbbc041_cell,train
data/guardrail/bbbc_crops/train/crop_infected_7572.png,smear,bbbc041_cell,train
data/guardrail/bbbc_crops/train/crop_infected_6953.png,smear,bbbc041_cell,train
data/guardrail/bbbc_crops/train/crop_infected_7734.png,smear,bbbc041_cell,train
data/guardrail/bbbc_crops/train/crop_infected_7920.png,smear,bbbc041_cell,train
data/guardrail/bbbc_crops/train/crop_infected_3193.png,smear,bbbc041_cell,train
data/guardrail/bbbc_crops/train/crop_infected_4754.png,smear,bbbc041_cell,train
data/guardrail/bbbc_crops/train/crop_infected_1585.png,smear,bbbc041_cell,train
data/guardrail/bbbc_crops/train/crop_infected_4968.png,smear,bbbc041_cell,train
data/guardrail/bbbc_crops/train/crop_infected_62.png,smear,bbbc041_cell,train
data/guardrail/bbbc_crops/train/crop_infected_2801.png,smear,bbbc041_cell,train
data/guardrail/bbbc_crops/train/crop_infected_5444.png,smear,bbbc041_cell,train
data/guardrail/bbbc_crops/train/crop_infected_1842.png,smear,bbbc041_cell,train
data/guardrail/bbbc_crops/train/crop_infected_5537.png,smear,bbbc041_cell,train
data/guardrail/bbbc_crops/train/crop_infected_1116.png,smear,bbbc041_cell,train
data/guardrail/bbbc_crops/train/crop_infected_6797.png,smear,bbbc041_cell,train
data/guardrail/bbbc_crops/train/crop_infected_3254.png,smear,bbbc041_cell,train
data/guardrail/bbbc_crops/train/crop_infected_6947.png,smear,bbbc041_cell,train
data/guardrail/bbbc_crops/train/crop_infected_7084.png,smear,bbbc041_cell,train
data/guardrail/bbbc_crops/train/crop_infected_7555.png,smear,bbbc041_cell,train
data/guardrail/bbbc_crops/train/crop_infected_7782.png,smear,bbbc041_cell,train
data/guardrail/bbbc_crops/train/crop_infected_7293.png,smear,bbbc041_cell,train
data/guardrail/bbbc_crops/train/crop_infected_4191.png,smear,bbbc041_cell,train
data/guardrail/bbbc_crops/train/crop_infected_1602.png,smear,bbbc041_cell,train
data/guardrail/bbbc_crops/train/crop_infected_5843.png,smear,bbbc041_cell,train
data/guardrail/bbbc_crops/train/crop_infected_5756.png,smear,bbbc041_cell,train
data/guardrail/bbbc_crops/train/crop_infected_7.png,smear,bbbc041_cell,train
data/guardrail/bbbc_crops/train/crop_infected_6571.png,smear,bbbc041_cell,train
data/guardrail/bbbc_crops/train/crop_infected_3619.png,smear,bbbc041_cell,train
data/guardrail/bbbc_crops/train/crop_infected_5286.png,smear,bbbc041_cell,train
data/guardrail/bbbc_crops/train/crop_infected_198.png,smear,bbbc041_cell,train
data/guardrail/bbbc_crops/train/crop_infected_1135.png,smear,bbbc041_cell,train
data/guardrail/bbbc_crops/train/crop_infected_4037.png,smear,bbbc041_cell,train
data/guardrail/bbbc_crops/train/crop_infected_3442.png,smear,bbbc041_cell,train
data/guardrail/bbbc_crops/train/crop_infected_2569.png,smear,bbbc041_cell,train
data/guardrail/bbbc_crops/train/crop_infected_651.png,smear,bbbc041_cell,train
data/guardrail/bbbc_crops/train/crop_infected_2593.png,smear,bbbc041_cell,train
data/guardrail/bbbc_crops/train/crop_infected_7478.png,smear,bbbc041_cell,train
data/guardrail/bbbc_crops/train/crop_infected_7664.png,smear,bbbc041_cell,train
data/guardrail/bbbc_crops/train/crop_infected_917.png,smear,bbbc041_cell,train
data/guardrail/bbbc_crops/train/crop_infected_5281.png,smear,bbbc041_cell,train
data/guardrail/bbbc_crops/train/crop_infected_737.png,smear,bbbc041_cell,train
data/guardrail/bbbc_crops/train/crop_infected_5768.png,smear,bbbc041_cell,train
data/guardrail/bbbc_crops/train/crop_infected_1287.png,smear,bbbc041_cell,train
data/guardrail/bbbc_crops/train/crop_infected_1302.png,smear,bbbc041_cell,train
data/guardrail/bbbc_crops/train/crop_infected_5196.png,smear,bbbc041_cell,train
data/guardrail/bbbc_crops/train/crop_infected_5947.png,smear,bbbc041_cell,train
data/guardrail/bbbc_crops/train/crop_infected_1620.png,smear,bbbc041_cell,train
data/guardrail/bbbc_crops/train/crop_infected_7434.png,smear,bbbc041_cell,train
data/guardrail/bbbc_crops/train/crop_infected_5731.png,smear,bbbc041_cell,train
data/guardrail/bbbc_crops/train/crop_infected_6622.png,smear,bbbc041_cell,train
data/guardrail/bbbc_crops/train/crop_infected_4657.png,smear,bbbc041_cell,train
data/guardrail/bbbc_crops/train/crop_infected_2224.png,smear,bbbc041_cell,train
data/guardrail/bbbc_crops/train/crop_infected_7048.png,smear,bbbc041_cell,train
data/guardrail/bbbc_crops/train/crop_infected_2073.png,smear,bbbc041_cell,train
data/guardrail/bbbc_crops/train/crop_infected_3503.png,smear,bbbc041_cell,train
data/guardrail/bbbc_crops/train/crop_infected_7386.png,smear,bbbc041_cell,train
data/guardrail/bbbc_crops/train/crop_infected_4185.png,smear,bbbc041_cell,train
data/guardrail/bbbc_crops/train/crop_infected_4798.png,smear,bbbc041_cell,train
data/guardrail/bbbc_crops/train/crop_infected_5656.png,smear,bbbc041_cell,train
data/guardrail/bbbc_crops/train/crop_infected_4931.png,smear,bbbc041_cell,train
data/guardrail/bbbc_crops/train/crop_infected_1228.png,smear,bbbc041_cell,train
data/guardrail/bbbc_crops/train/crop_infected_2645.png,smear,bbbc041_cell,train
data/guardrail/bbbc_crops/train/crop_infected_2389.png,smear,bbbc041_cell,train
data/guardrail/bbbc_crops/train/crop_infected_706.png,smear,bbbc041_cell,train
data/guardrail/bbbc_crops/train/crop_infected_3752.png,smear,bbbc041_cell,train
data/guardrail/bbbc_crops/train/crop_infected_217.png,smear,bbbc041_cell,train
data/guardrail/bbbc_crops/train/crop_infected_6476.png,smear,bbbc041_cell,train
data/guardrail/bbbc_crops/train/crop_infected_5997.png,smear,bbbc041_cell,train
data/guardrail/bbbc_crops/train/crop_infected_2500.png,smear,bbbc041_cell,train
data/guardrail/bbbc_crops/train/crop_infected_6477.png,smear,bbbc041_cell,train
data/guardrail/bbbc_crops/train/crop_infected_7765.png,smear,bbbc041_cell,train
data/guardrail/bbbc_crops/train/crop_infected_91.png,smear,bbbc041_cell,train
data/guardrail/bbbc_crops/train/crop_infected_743.png,smear,bbbc041_cell,train
data/guardrail/bbbc_crops/train/crop_infected_653.png,smear,bbbc041_cell,train
data/guardrail/bbbc_crops/train/crop_infected_2472.png,smear,bbbc041_cell,train
data/guardrail/bbbc_crops/train/crop_infected_725.png,smear,bbbc041_cell,train
data/guardrail/bbbc_crops/train/crop_infected_330.png,smear,bbbc041_cell,train
data/guardrail/bbbc_crops/train/crop_infected_3662.png,smear,bbbc041_cell,train
data/guardrail/bbbc_crops/train/crop_infected_6773.png,smear,bbbc041_cell,train
data/guardrail/bbbc_crops/train/crop_infected_5630.png,smear,bbbc041_cell,train
data/guardrail/bbbc_crops/train/crop_infected_2558.png,smear,bbbc041_cell,train
data/guardrail/bbbc_crops/train/crop_infected_2908.png,smear,bbbc041_cell,train
data/guardrail/bbbc_crops/train/crop_infected_5280.png,smear,bbbc041_cell,train
data/guardrail/bbbc_crops/train/crop_infected_2277.png,smear,bbbc041_cell,train
data/guardrail/bbbc_crops/train/crop_infected_6846.png,smear,bbbc041_cell,train
data/guardrail/bbbc_crops/train/crop_infected_1336.png,smear,bbbc041_cell,train
data/guardrail/bbbc_crops/train/crop_infected_6257.png,smear,bbbc041_cell,train
data/guardrail/bbbc_crops/train/crop_infected_6330.png,smear,bbbc041_cell,train
data/guardrail/bbbc_crops/train/crop_infected_5161.png,smear,bbbc041_cell,train
data/guardrail/bbbc_crops/train/crop_infected_2607.png,smear,bbbc041_cell,train
data/guardrail/bbbc_crops/train/crop_infected_6687.png,smear,bbbc041_cell,train
data/guardrail/bbbc_crops/train/crop_infected_4537.png,smear,bbbc041_cell,train
data/guardrail/bbbc_crops/train/crop_infected_1931.png,smear,bbbc041_cell,train
data/guardrail/bbbc_crops/train/crop_infected_1008.png,smear,bbbc041_cell,train
data/guardrail/bbbc_crops/train/crop_infected_7701.png,smear,bbbc041_cell,train
data/guardrail/bbbc_crops/train/crop_infected_4707.png,smear,bbbc041_cell,train
data/guardrail/bbbc_crops/train/crop_infected_3903.png,smear,bbbc041_cell,train
data/guardrail/bbbc_crops/train/crop_infected_4658.png,smear,bbbc041_cell,train
data/guardrail/bbbc_crops/train/crop_infected_4545.png,smear,bbbc041_cell,train
data/guardrail/bbbc_crops/train/crop_infected_5097.png,smear,bbbc041_cell,train
data/guardrail/bbbc_crops/train/crop_infected_620.png,smear,bbbc041_cell,train
data/guardrail/bbbc_crops/train/crop_infected_1045.png,smear,bbbc041_cell,train
data/guardrail/bbbc_crops/train/crop_infected_684.png,smear,bbbc041_cell,train
data/guardrail/bbbc_crops/train/crop_infected_4500.png,smear,bbbc041_cell,train
data/guardrail/bbbc_crops/train/crop_infected_3763.png,smear,bbbc041_cell,train
data/guardrail/bbbc_crops/train/crop_infected_1127.png,smear,bbbc041_cell,train
data/guardrail/bbbc_crops/train/crop_infected_2668.png,smear,bbbc041_cell,train
data/guardrail/bbbc_crops/train/crop_infected_1960.png,smear,bbbc041_cell,train
data/guardrail/bbbc_crops/train/crop_infected_6676.png,smear,bbbc041_cell,train
data/guardrail/bbbc_crops/train/crop_infected_7682.png,smear,bbbc041_cell,train
data/guardrail/bbbc_crops/train/crop_infected_4909.png,smear,bbbc041_cell,train
data/guardrail/bbbc_crops/train/crop_infected_1390.png,smear,bbbc041_cell,train
data/guardrail/bbbc_crops/train/crop_infected_7290.png,smear,bbbc041_cell,train
data/guardrail/bbbc_crops/train/crop_infected_1895.png,smear,bbbc041_cell,train
data/guardrail/bbbc_crops/train/crop_infected_6745.png,smear,bbbc041_cell,train
data/guardrail/bbbc_crops/train/crop_infected_5056.png,smear,bbbc041_cell,train
data/guardrail/bbbc_crops/train/crop_infected_2688.png,smear,bbbc041_cell,train
data/guardrail/bbbc_crops/train/crop_infected_811.png,smear,bbbc041_cell,train
data/guardrail/bbbc_crops/train/crop_infected_4867.png,smear,bbbc041_cell,train
data/guardrail/bbbc_crops/train/crop_infected_5964.png,smear,bbbc041_cell,train
data/guardrail/bbbc_crops/train/crop_infected_1033.png,smear,bbbc041_cell,train
data/guardrail/bbbc_crops/train/crop_infected_583.png,smear,bbbc041_cell,train
data/guardrail/bbbc_crops/train/crop_infected_5856.png,smear,bbbc041_cell,train
data/guardrail/bbbc_crops/train/crop_infected_169.png,smear,bbbc041_cell,train
data/guardrail/bbbc_crops/train/crop_infected_7808.png,smear,bbbc041_cell,train
data/guardrail/bbbc_crops/train/crop_infected_2538.png,smear,bbbc041_cell,train
data/guardrail/bbbc_crops/train/crop_infected_1631.png,smear,bbbc041_cell,train
data/guardrail/bbbc_crops/train/crop_infected_4526.png,smear,bbbc041_cell,train
data/guardrail/bbbc_crops/train/crop_infected_6740.png,smear,bbbc041_cell,train
data/guardrail/bbbc_crops/train/crop_infected_5235.png,smear,bbbc041_cell,train
data/guardrail/bbbc_crops/train/crop_infected_2276.png,smear,bbbc041_cell,train
data/guardrail/bbbc_crops/train/crop_infected_7488.png,smear,bbbc041_cell,train
data/guardrail/bbbc_crops/train/crop_infected_6772.png,smear,bbbc041_cell,train
data/guardrail/bbbc_crops/train/crop_infected_1619.png,smear,bbbc041_cell,train
data/guardrail/bbbc_crops/train/crop_infected_4247.png,smear,bbbc041_cell,train
data/guardrail/bbbc_crops/train/crop_infected_48.png,smear,bbbc041_cell,train
data/guardrail/bbbc_crops/train/crop_infected_4402.png,smear,bbbc041_cell,train
data/guardrail/bbbc_crops/train/crop_infected_2835.png,smear,bbbc041_cell,train
data/guardrail/bbbc_crops/train/crop_infected_4970.png,smear,bbbc041_cell,train
data/guardrail/bbbc_crops/train/crop_infected_3026.png,smear,bbbc041_cell,train
data/guardrail/bbbc_crops/train/crop_infected_6858.png,smear,bbbc041_cell,train
data/guardrail/bbbc_crops/train/crop_infected_6025.png,smear,bbbc041_cell,train
data/guardrail/bbbc_crops/train/crop_infected_5282.png,smear,bbbc041_cell,train
data/guardrail/bbbc_crops/train/crop_infected_1577.png,smear,bbbc041_cell,train
data/guardrail/bbbc_crops/train/crop_infected_1923.png,smear,bbbc041_cell,train
data/guardrail/bbbc_crops/train/crop_infected_3217.png,smear,bbbc041_cell,train
data/guardrail/bbbc_crops/train/crop_infected_2317.png,smear,bbbc041_cell,train
data/guardrail/bbbc_crops/train/crop_infected_652.png,smear,bbbc041_cell,train
data/guardrail/bbbc_crops/train/crop_infected_6375.png,smear,bbbc041_cell,train
data/guardrail/bbbc_crops/train/crop_infected_5899.png,smear,bbbc041_cell,train
data/guardrail/bbbc_crops/train/crop_infected_6637.png,smear,bbbc041_cell,train
data/guardrail/bbbc_crops/train/crop_infected_3531.png,smear,bbbc041_cell,train
data/guardrail/bbbc_crops/train/crop_infected_650.png,smear,bbbc041_cell,train
data/guardrail/bbbc_crops/train/crop_infected_575.png,smear,bbbc041_cell,train
data/guardrail/bbbc_crops/train/crop_infected_5216.png,smear,bbbc041_cell,train
data/guardrail/bbbc_crops/train/crop_infected_5486.png,smear,bbbc041_cell,train
data/guardrail/bbbc_crops/train/crop_infected_5757.png,smear,bbbc041_cell,train
data/guardrail/bbbc_crops/train/crop_infected_1584.png,smear,bbbc041_cell,train
data/guardrail/bbbc_crops/train/crop_infected_639.png,smear,bbbc041_cell,train
data/guardrail/bbbc_crops/train/crop_infected_5542.png,smear,bbbc041_cell,train
data/guardrail/bbbc_crops/train/crop_infected_844.png,smear,bbbc041_cell,train
data/guardrail/bbbc_crops/train/crop_infected_1909.png,smear,bbbc041_cell,train
data/guardrail/bbbc_crops/train/crop_infected_736.png,smear,bbbc041_cell,train
data/guardrail/bbbc_crops/train/crop_infected_734.png,smear,bbbc041_cell,train
data/guardrail/bbbc_crops/train/crop_infected_2532.png,smear,bbbc041_cell,train
data/guardrail/bbbc_crops/train/crop_infected_4509.png,smear,bbbc041_cell,train
data/guardrail/bbbc_crops/train/crop_infected_1226.png,smear,bbbc041_cell,train
data/guardrail/bbbc_crops/train/crop_infected_6238.png,smear,bbbc041_cell,train
data/guardrail/bbbc_crops/train/crop_infected_2623.png,smear,bbbc041_cell,train
data/guardrail/bbbc_crops/train/crop_infected_462.png,smear,bbbc041_cell,train
data/guardrail/bbbc_crops/train/crop_infected_847.png,smear,bbbc041_cell,train
data/guardrail/bbbc_crops/train/crop_infected_4618.png,smear,bbbc041_cell,train
data/guardrail/bbbc_crops/train/crop_infected_6172.png,smear,bbbc041_cell,train
data/guardrail/bbbc_crops/train/crop_infected_5707.png,smear,bbbc041_cell,train
data/guardrail/bbbc_crops/train/crop_infected_3557.png,smear,bbbc041_cell,train
data/guardrail/bbbc_crops/train/crop_infected_2753.png,smear,bbbc041_cell,train
data/guardrail/bbbc_crops/train/crop_infected_2108.png,smear,bbbc041_cell,train
data/guardrail/bbbc_crops/train/crop_infected_3532.png,smear,bbbc041_cell,train
data/guardrail/bbbc_crops/train/crop_infected_2559.png,smear,bbbc041_cell,train
data/guardrail/bbbc_crops/train/crop_infected_6480.png,smear,bbbc041_cell,train
data/guardrail/bbbc_crops/train/crop_infected_7438.png,smear,bbbc041_cell,train
data/guardrail/bbbc_crops/train/crop_infected_1326.png,smear,bbbc041_cell,train
data/guardrail/bbbc_crops/train/crop_infected_3293.png,smear,bbbc041_cell,train
data/guardrail/bbbc_crops/train/crop_infected_5001.png,smear,bbbc041_cell,train
data/guardrail/bbbc_crops/train/crop_infected_6272.png,smear,bbbc041_cell,train
data/guardrail/bbbc_crops/train/crop_infected_791.png,smear,bbbc041_cell,train
data/guardrail/bbbc_crops/train/crop_infected_125.png,smear,bbbc041_cell,train
data/guardrail/bbbc_crops/train/crop_infected_5003.png,smear,bbbc041_cell,train
data/guardrail/bbbc_crops/train/crop_infected_6168.png,smear,bbbc041_cell,train
data/guardrail/bbbc_crops/train/crop_infected_1048.png,smear,bbbc041_cell,train
data/guardrail/bbbc_crops/train/crop_infected_799.png,smear,bbbc041_cell,train
data/guardrail/bbbc_crops/train/crop_infected_5822.png,smear,bbbc041_cell,train
data/guardrail/bbbc_crops/train/crop_infected_2258.png,smear,bbbc041_cell,train
data/guardrail/bbbc_crops/train/crop_infected_5533.png,smear,bbbc041_cell,train
data/guardrail/bbbc_crops/train/crop_infected_6323.png,smear,bbbc041_cell,train
data/guardrail/bbbc_crops/train/crop_infected_1337.png,smear,bbbc041_cell,train
data/guardrail/bbbc_crops/train/crop_infected_3854.png,smear,bbbc041_cell,train
data/guardrail/bbbc_crops/train/crop_infected_6372.png,smear,bbbc041_cell,train
data/guardrail/bbbc_crops/train/crop_infected_2610.png,smear,bbbc041_cell,train
data/guardrail/bbbc_crops/train/crop_infected_4136.png,smear,bbbc041_cell,train
data/guardrail/bbbc_crops/train/crop_infected_2986.png,smear,bbbc041_cell,train
data/guardrail/bbbc_crops/train/crop_infected_7172.png,smear,bbbc041_cell,train
data/guardrail/bbbc_crops/train/crop_infected_6832.png,smear,bbbc041_cell,train
data/guardrail/bbbc_crops/train/crop_infected_5906.png,smear,bbbc041_cell,train
data/guardrail/bbbc_crops/train/crop_infected_3305.png,smear,bbbc041_cell,train
data/guardrail/bbbc_crops/train/crop_infected_7213.png,smear,bbbc041_cell,train
data/guardrail/bbbc_crops/train/crop_infected_93.png,smear,bbbc041_cell,train
data/guardrail/bbbc_crops/train/crop_infected_5998.png,smear,bbbc041_cell,train
data/guardrail/bbbc_crops/train/crop_infected_3292.png,smear,bbbc041_cell,train
data/guardrail/bbbc_crops/train/crop_infected_1091.png,smear,bbbc041_cell,train
data/guardrail/bbbc_crops/train/crop_infected_1348.png,smear,bbbc041_cell,train
data/guardrail/bbbc_crops/train/crop_infected_7693.png,smear,bbbc041_cell,train
data/guardrail/bbbc_crops/train/crop_infected_1158.png,smear,bbbc041_cell,train
data/guardrail/bbbc_crops/train/crop_infected_1123.png,smear,bbbc041_cell,train
data/guardrail/bbbc_crops/train/crop_infected_7715.png,smear,bbbc041_cell,train
data/guardrail/bbbc_crops/train/crop_infected_2876.png,smear,bbbc041_cell,train
data/guardrail/bbbc_crops/train/crop_infected_2959.png,smear,bbbc041_cell,train
data/guardrail/bbbc_crops/train/crop_infected_2220.png,smear,bbbc041_cell,train
data/guardrail/bbbc_crops/train/crop_infected_3802.png,smear,bbbc041_cell,train
data/guardrail/bbbc_crops/train/crop_infected_2099.png,smear,bbbc041_cell,train
data/guardrail/bbbc_crops/train/crop_infected_2822.png,smear,bbbc041_cell,train
data/guardrail/bbbc_crops/train/crop_infected_5528.png,smear,bbbc041_cell,train
data/guardrail/bbbc_crops/train/crop_infected_6996.png,smear,bbbc041_cell,train
data/guardrail/bbbc_crops/train/crop_infected_7212.png,smear,bbbc041_cell,train
data/guardrail/bbbc_crops/train/crop_infected_598.png,smear,bbbc041_cell,train
data/guardrail/bbbc_crops/train/crop_infected_7707.png,smear,bbbc041_cell,train
data/guardrail/bbbc_crops/train/crop_infected_6648.png,smear,bbbc041_cell,train
data/guardrail/bbbc_crops/train/crop_infected_2896.png,smear,bbbc041_cell,train
data/guardrail/bbbc_crops/train/crop_infected_527.png,smear,bbbc041_cell,train
data/guardrail/bbbc_crops/train/crop_infected_63.png,smear,bbbc041_cell,train
data/guardrail/bbbc_crops/train/crop_infected_3721.png,smear,bbbc041_cell,train
data/guardrail/bbbc_crops/train/crop_infected_1317.png,smear,bbbc041_cell,train
data/guardrail/bbbc_crops/train/crop_infected_2783.png,smear,bbbc041_cell,train
data/guardrail/bbbc_crops/train/crop_infected_7049.png,smear,bbbc041_cell,train
data/guardrail/bbbc_crops/train/crop_infected_4851.png,smear,bbbc041_cell,train
data/guardrail/bbbc_crops/train/crop_infected_4671.png,smear,bbbc041_cell,train
data/guardrail/bbbc_crops/train/crop_infected_6179.png,smear,bbbc041_cell,train
data/guardrail/bbbc_crops/train/crop_infected_6964.png,smear,bbbc041_cell,train
data/guardrail/bbbc_crops/train/crop_infected_6579.png,smear,bbbc041_cell,train
data/guardrail/bbbc_crops/train/crop_infected_1446.png,smear,bbbc041_cell,train
data/guardrail/bbbc_crops/train/crop_infected_442.png,smear,bbbc041_cell,train
data/guardrail/bbbc_crops/train/crop_infected_6089.png,smear,bbbc041_cell,train
data/guardrail/bbbc_crops/train/crop_infected_1444.png,smear,bbbc041_cell,train
data/guardrail/bbbc_crops/train/crop_infected_4700.png,smear,bbbc041_cell,train
data/guardrail/bbbc_crops/train/crop_infected_1301.png,smear,bbbc041_cell,train
data/guardrail/bbbc_crops/train/crop_infected_466.png,smear,bbbc041_cell,train
data/guardrail/bbbc_crops/train/crop_infected_3445.png,smear,bbbc041_cell,train
data/guardrail/bbbc_crops/train/crop_infected_4047.png,smear,bbbc041_cell,train
data/guardrail/bbbc_crops/train/crop_infected_6319.png,smear,bbbc041_cell,train
data/guardrail/bbbc_crops/train/crop_infected_3926.png,smear,bbbc041_cell,train
data/guardrail/bbbc_crops/train/crop_infected_2184.png,smear,bbbc041_cell,train
data/guardrail/bbbc_crops/train/crop_infected_6580.png,smear,bbbc041_cell,train
data/guardrail/bbbc_crops/train/crop_uninfected_1349.png,smear,bbbc041_cell,train
data/guardrail/bbbc_crops/train/crop_uninfected_4633.png,smear,bbbc041_cell,train
data/guardrail/bbbc_crops/train/crop_uninfected_7458.png,smear,bbbc041_cell,train
data/guardrail/bbbc_crops/train/crop_uninfected_5403.png,smear,bbbc041_cell,train
data/guardrail/bbbc_crops/train/crop_uninfected_2024.png,smear,bbbc041_cell,train
data/guardrail/bbbc_crops/train/crop_uninfected_3029.png,smear,bbbc041_cell,train
data/guardrail/bbbc_crops/train/crop_uninfected_2129.png,smear,bbbc041_cell,train
data/guardrail/bbbc_crops/train/crop_uninfected_2265.png,smear,bbbc041_cell,train
data/guardrail/bbbc_crops/train/crop_uninfected_5463.png,smear,bbbc041_cell,train
data/guardrail/bbbc_crops/train/crop_uninfected_340.png,smear,bbbc041_cell,train
data/guardrail/bbbc_crops/train/crop_uninfected_2300.png,smear,bbbc041_cell,train
data/guardrail/bbbc_crops/train/crop_uninfected_4369.png,smear,bbbc041_cell,train
data/guardrail/bbbc_crops/train/crop_uninfected_5451.png,smear,bbbc041_cell,train
data/guardrail/bbbc_crops/train/crop_uninfected_3157.png,smear,bbbc041_cell,train
data/guardrail/bbbc_crops/train/crop_uninfected_3409.png,smear,bbbc041_cell,train
data/guardrail/bbbc_crops/train/crop_uninfected_2081.png,smear,bbbc041_cell,train
data/guardrail/bbbc_crops/train/crop_uninfected_1425.png,smear,bbbc041_cell,train
data/guardrail/bbbc_crops/train/crop_uninfected_5064.png,smear,bbbc041_cell,train
data/guardrail/bbbc_crops/train/crop_uninfected_534.png,smear,bbbc041_cell,train
data/guardrail/bbbc_crops/train/crop_uninfected_6236.png,smear,bbbc041_cell,train
data/guardrail/bbbc_crops/train/crop_uninfected_2841.png,smear,bbbc041_cell,train
data/guardrail/bbbc_crops/train/crop_uninfected_2566.png,smear,bbbc041_cell,train
data/guardrail/bbbc_crops/train/crop_uninfected_6090.png,smear,bbbc041_cell,train
data/guardrail/bbbc_crops/train/crop_uninfected_4587.png,smear,bbbc041_cell,train
data/guardrail/bbbc_crops/train/crop_uninfected_3949.png,smear,bbbc041_cell,train
data/guardrail/bbbc_crops/train/crop_uninfected_2913.png,smear,bbbc041_cell,train
data/guardrail/bbbc_crops/train/crop_uninfected_2845.png,smear,bbbc041_cell,train
data/guardrail/bbbc_crops/train/crop_uninfected_328.png,smear,bbbc041_cell,train
data/guardrail/bbbc_crops/train/crop_uninfected_2482.png,smear,bbbc041_cell,train
data/guardrail/bbbc_crops/train/crop_uninfected_5265.png,smear,bbbc041_cell,train
data/guardrail/bbbc_crops/train/crop_uninfected_4307.png,smear,bbbc041_cell,train
data/guardrail/bbbc_crops/train/crop_uninfected_3584.png,smear,bbbc041_cell,train
data/guardrail/bbbc_crops/train/crop_uninfected_939.png,smear,bbbc041_cell,train
data/guardrail/bbbc_crops/train/crop_uninfected_3588.png,smear,bbbc041_cell,train
data/guardrail/bbbc_crops/train/crop_uninfected_4604.png,smear,bbbc041_cell,train
data/guardrail/bbbc_crops/train/crop_uninfected_6791.png,smear,bbbc041_cell,train
data/guardrail/bbbc_crops/train/crop_uninfected_5276.png,smear,bbbc041_cell,train
data/guardrail/bbbc_crops/train/crop_uninfected_7092.png,smear,bbbc041_cell,train
data/guardrail/bbbc_crops/train/crop_uninfected_4360.png,smear,bbbc041_cell,train
data/guardrail/bbbc_crops/train/crop_uninfected_384.png,smear,bbbc041_cell,train
data/guardrail/bbbc_crops/train/crop_uninfected_1534.png,smear,bbbc041_cell,train
data/guardrail/bbbc_crops/train/crop_uninfected_3359.png,smear,bbbc041_cell,train
data/guardrail/bbbc_crops/train/crop_uninfected_2292.png,smear,bbbc041_cell,train
data/guardrail/bbbc_crops/train/crop_uninfected_7725.png,smear,bbbc041_cell,train
data/guardrail/bbbc_crops/train/crop_uninfected_3398.png,smear,bbbc041_cell,train
data/guardrail/bbbc_crops/train/crop_uninfected_530.png,smear,bbbc041_cell,train
data/guardrail/bbbc_crops/train/crop_uninfected_1428.png,smear,bbbc041_cell,train
data/guardrail/bbbc_crops/train/crop_uninfected_7911.png,smear,bbbc041_cell,train
data/guardrail/bbbc_crops/train/crop_uninfected_5771.png,smear,bbbc041_cell,train
data/guardrail/bbbc_crops/train/crop_uninfected_4530.png,smear,bbbc041_cell,train
data/guardrail/bbbc_crops/train/crop_uninfected_4099.png,smear,bbbc041_cell,train
data/guardrail/bbbc_crops/train/crop_uninfected_5788.png,smear,bbbc041_cell,train
data/guardrail/bbbc_crops/train/crop_uninfected_6825.png,smear,bbbc041_cell,train
data/guardrail/bbbc_crops/train/crop_uninfected_1537.png,smear,bbbc041_cell,train
data/guardrail/bbbc_crops/train/crop_uninfected_5095.png,smear,bbbc041_cell,train
data/guardrail/bbbc_crops/train/crop_uninfected_7672.png,smear,bbbc041_cell,train
data/guardrail/bbbc_crops/train/crop_uninfected_2447.png,smear,bbbc041_cell,train
data/guardrail/bbbc_crops/train/crop_uninfected_3259.png,smear,bbbc041_cell,train
data/guardrail/bbbc_crops/train/crop_uninfected_601.png,smear,bbbc041_cell,train
data/guardrail/bbbc_crops/train/crop_uninfected_5786.png,smear,bbbc041_cell,train
data/guardrail/bbbc_crops/train/crop_uninfected_46.png,smear,bbbc041_cell,train
data/guardrail/bbbc_crops/train/crop_uninfected_6921.png,smear,bbbc041_cell,train
data/guardrail/bbbc_crops/train/crop_uninfected_7123.png,smear,bbbc041_cell,train
data/guardrail/bbbc_crops/train/crop_uninfected_2534.png,smear,bbbc041_cell,train
data/guardrail/bbbc_crops/train/crop_uninfected_4812.png,smear,bbbc041_cell,train
data/guardrail/bbbc_crops/train/crop_uninfected_5734.png,smear,bbbc041_cell,train
data/guardrail/bbbc_crops/train/crop_uninfected_944.png,smear,bbbc041_cell,train
data/guardrail/bbbc_crops/train/crop_uninfected_4342.png,smear,bbbc041_cell,train
data/guardrail/bbbc_crops/train/crop_uninfected_4101.png,smear,bbbc041_cell,train
data/guardrail/bbbc_crops/train/crop_uninfected_1674.png,smear,bbbc041_cell,train
data/guardrail/bbbc_crops/train/crop_uninfected_3872.png,smear,bbbc041_cell,train
data/guardrail/bbbc_crops/train/crop_uninfected_6764.png,smear,bbbc041_cell,train
data/guardrail/bbbc_crops/train/crop_uninfected_4041.png,smear,bbbc041_cell,train
data/guardrail/bbbc_crops/train/crop_uninfected_5421.png,smear,bbbc041_cell,train
data/guardrail/bbbc_crops/train/crop_uninfected_4286.png,smear,bbbc041_cell,train
data/guardrail/bbbc_crops/train/crop_uninfected_5316.png,smear,bbbc041_cell,train
data/guardrail/bbbc_crops/train/crop_uninfected_3824.png,smear,bbbc041_cell,train
data/guardrail/bbbc_crops/train/crop_uninfected_7372.png,smear,bbbc041_cell,train
data/guardrail/bbbc_crops/train/crop_uninfected_1703.png,smear,bbbc041_cell,train
data/guardrail/bbbc_crops/train/crop_uninfected_2461.png,smear,bbbc041_cell,train
data/guardrail/bbbc_crops/train/crop_uninfected_5577.png,smear,bbbc041_cell,train
data/guardrail/bbbc_crops/train/crop_uninfected_5013.png,smear,bbbc041_cell,train
data/guardrail/bbbc_crops/train/crop_uninfected_2237.png,smear,bbbc041_cell,train
data/guardrail/bbbc_crops/train/crop_uninfected_7588.png,smear,bbbc041_cell,train
data/guardrail/bbbc_crops/train/crop_uninfected_3879.png,smear,bbbc041_cell,train
data/guardrail/bbbc_crops/train/crop_uninfected_5368.png,smear,bbbc041_cell,train
data/guardrail/bbbc_crops/train/crop_uninfected_7242.png,smear,bbbc041_cell,train
data/guardrail/bbbc_crops/train/crop_uninfected_8.png,smear,bbbc041_cell,train
data/guardrail/bbbc_crops/train/crop_uninfected_3928.png,smear,bbbc041_cell,train
data/guardrail/bbbc_crops/train/crop_uninfected_3679.png,smear,bbbc041_cell,train
data/guardrail/bbbc_crops/train/crop_uninfected_2706.png,smear,bbbc041_cell,train
data/guardrail/bbbc_crops/train/crop_uninfected_5712.png,smear,bbbc041_cell,train
data/guardrail/bbbc_crops/train/crop_uninfected_7720.png,smear,bbbc041_cell,train
data/guardrail/bbbc_crops/train/crop_uninfected_4219.png,smear,bbbc041_cell,train
data/guardrail/bbbc_crops/train/crop_uninfected_6147.png,smear,bbbc041_cell,train
data/guardrail/bbbc_crops/train/crop_uninfected_5883.png,smear,bbbc041_cell,train
data/guardrail/bbbc_crops/train/crop_uninfected_5886.png,smear,bbbc041_cell,train
data/guardrail/bbbc_crops/train/crop_uninfected_2754.png,smear,bbbc041_cell,train
data/guardrail/bbbc_crops/train/crop_uninfected_6823.png,smear,bbbc041_cell,train
data/guardrail/bbbc_crops/train/crop_uninfected_6270.png,smear,bbbc041_cell,train
data/guardrail/bbbc_crops/train/crop_uninfected_2199.png,smear,bbbc041_cell,train
data/guardrail/bbbc_crops/train/crop_uninfected_1122.png,smear,bbbc041_cell,train
data/guardrail/bbbc_crops/train/crop_uninfected_3647.png,smear,bbbc041_cell,train
data/guardrail/bbbc_crops/train/crop_uninfected_6866.png,smear,bbbc041_cell,train
data/guardrail/bbbc_crops/train/crop_uninfected_4407.png,smear,bbbc041_cell,train
data/guardrail/bbbc_crops/train/crop_uninfected_1242.png,smear,bbbc041_cell,train
data/guardrail/bbbc_crops/train/crop_uninfected_3004.png,smear,bbbc041_cell,train
data/guardrail/bbbc_crops/train/crop_uninfected_4051.png,smear,bbbc041_cell,train
data/guardrail/bbbc_crops/train/crop_uninfected_2869.png,smear,bbbc041_cell,train
data/guardrail/bbbc_crops/train/crop_uninfected_2562.png,smear,bbbc041_cell,train
data/guardrail/bbbc_crops/train/crop_uninfected_1953.png,smear,bbbc041_cell,train
data/guardrail/bbbc_crops/train/crop_uninfected_337.png,smear,bbbc041_cell,train
data/guardrail/bbbc_crops/train/crop_uninfected_623.png,smear,bbbc041_cell,train
data/guardrail/bbbc_crops/train/crop_uninfected_3112.png,smear,bbbc041_cell,train
data/guardrail/bbbc_crops/train/crop_uninfected_6291.png,smear,bbbc041_cell,train
data/guardrail/bbbc_crops/train/crop_uninfected_975.png,smear,bbbc041_cell,train
data/guardrail/bbbc_crops/train/crop_uninfected_6044.png,smear,bbbc041_cell,train
data/guardrail/bbbc_crops/train/crop_uninfected_5489.png,smear,bbbc041_cell,train
data/guardrail/bbbc_crops/train/crop_uninfected_7659.png,smear,bbbc041_cell,train
data/guardrail/bbbc_crops/train/crop_uninfected_2494.png,smear,bbbc041_cell,train
data/guardrail/bbbc_crops/train/crop_uninfected_5078.png,smear,bbbc041_cell,train
data/guardrail/bbbc_crops/train/crop_uninfected_6613.png,smear,bbbc041_cell,train
data/guardrail/bbbc_crops/train/crop_uninfected_5275.png,smear,bbbc041_cell,train
data/guardrail/bbbc_crops/train/crop_uninfected_3104.png,smear,bbbc041_cell,train
data/guardrail/bbbc_crops/train/crop_uninfected_1954.png,smear,bbbc041_cell,train
data/guardrail/bbbc_crops/train/crop_uninfected_88.png,smear,bbbc041_cell,train
data/guardrail/bbbc_crops/train/crop_uninfected_1410.png,smear,bbbc041_cell,train
data/guardrail/bbbc_crops/train/crop_uninfected_5649.png,smear,bbbc041_cell,train
data/guardrail/bbbc_crops/train/crop_uninfected_2802.png,smear,bbbc041_cell,train
data/guardrail/bbbc_crops/train/crop_uninfected_2254.png,smear,bbbc041_cell,train
data/guardrail/bbbc_crops/train/crop_uninfected_6898.png,smear,bbbc041_cell,train
data/guardrail/bbbc_crops/train/crop_uninfected_6143.png,smear,bbbc041_cell,train
data/guardrail/bbbc_crops/train/crop_uninfected_667.png,smear,bbbc041_cell,train
data/guardrail/bbbc_crops/train/crop_uninfected_7425.png,smear,bbbc041_cell,train
data/guardrail/bbbc_crops/train/crop_uninfected_3201.png,smear,bbbc041_cell,train
data/guardrail/bbbc_crops/train/crop_uninfected_1612.png,smear,bbbc041_cell,train
data/guardrail/bbbc_crops/train/crop_uninfected_6053.png,smear,bbbc041_cell,train
data/guardrail/bbbc_crops/train/crop_uninfected_1766.png,smear,bbbc041_cell,train
data/guardrail/bbbc_crops/train/crop_uninfected_6144.png,smear,bbbc041_cell,train
data/guardrail/bbbc_crops/train/crop_uninfected_7035.png,smear,bbbc041_cell,train
data/guardrail/bbbc_crops/train/crop_uninfected_7444.png,smear,bbbc041_cell,train
data/guardrail/bbbc_crops/train/crop_uninfected_7897.png,smear,bbbc041_cell,train
data/guardrail/bbbc_crops/train/crop_uninfected_4153.png,smear,bbbc041_cell,train
data/guardrail/bbbc_crops/train/crop_uninfected_5889.png,smear,bbbc041_cell,train
data/guardrail/bbbc_crops/train/crop_uninfected_6737.png,smear,bbbc041_cell,train
data/guardrail/bbbc_crops/train/crop_uninfected_5667.png,smear,bbbc041_cell,train
data/guardrail/bbbc_crops/train/crop_uninfected_5936.png,smear,bbbc041_cell,train
data/guardrail/bbbc_crops/train/crop_uninfected_2078.png,smear,bbbc041_cell,train
data/guardrail/bbbc_crops/train/crop_uninfected_6287.png,smear,bbbc041_cell,train
data/guardrail/bbbc_crops/train/crop_uninfected_5984.png,smear,bbbc041_cell,train
data/guardrail/bbbc_crops/train/crop_uninfected_3330.png,smear,bbbc041_cell,train
data/guardrail/bbbc_crops/train/crop_uninfected_3150.png,smear,bbbc041_cell,train
data/guardrail/bbbc_crops/train/crop_uninfected_3562.png,smear,bbbc041_cell,train
data/guardrail/bbbc_crops/train/crop_uninfected_6932.png,smear,bbbc041_cell,train
data/guardrail/bbbc_crops/train/crop_uninfected_6448.png,smear,bbbc041_cell,train
data/guardrail/bbbc_crops/train/crop_uninfected_3053.png,smear,bbbc041_cell,train
data/guardrail/bbbc_crops/train/crop_uninfected_3536.png,smear,bbbc041_cell,train
data/guardrail/bbbc_crops/train/crop_uninfected_5842.png,smear,bbbc041_cell,train
data/guardrail/bbbc_crops/train/crop_uninfected_1023.png,smear,bbbc041_cell,train
data/guardrail/bbbc_crops/train/crop_uninfected_3667.png,smear,bbbc041_cell,train
data/guardrail/bbbc_crops/train/crop_uninfected_3000.png,smear,bbbc041_cell,train
data/guardrail/bbbc_crops/train/crop_uninfected_3484.png,smear,bbbc041_cell,train
data/guardrail/bbbc_crops/train/crop_uninfected_4418.png,smear,bbbc041_cell,train
data/guardrail/bbbc_crops/train/crop_uninfected_4194.png,smear,bbbc041_cell,train
data/guardrail/bbbc_crops/train/crop_uninfected_7148.png,smear,bbbc041_cell,train
data/guardrail/bbbc_crops/train/crop_uninfected_1065.png,smear,bbbc041_cell,train
data/guardrail/bbbc_crops/train/crop_uninfected_1815.png,smear,bbbc041_cell,train
data/guardrail/bbbc_crops/train/crop_uninfected_1985.png,smear,bbbc041_cell,train
data/guardrail/bbbc_crops/train/crop_uninfected_2956.png,smear,bbbc041_cell,train
data/guardrail/bbbc_crops/train/crop_uninfected_5069.png,smear,bbbc041_cell,train
data/guardrail/bbbc_crops/train/crop_uninfected_2002.png,smear,bbbc041_cell,train
data/guardrail/bbbc_crops/train/crop_uninfected_2756.png,smear,bbbc041_cell,train
data/guardrail/bbbc_crops/train/crop_uninfected_849.png,smear,bbbc041_cell,train
data/guardrail/bbbc_crops/train/crop_uninfected_5492.png,smear,bbbc041_cell,train
data/guardrail/bbbc_crops/train/crop_uninfected_5415.png,smear,bbbc041_cell,train
data/guardrail/bbbc_crops/train/crop_uninfected_4358.png,smear,bbbc041_cell,train
data/guardrail/bbbc_crops/train/crop_uninfected_7181.png,smear,bbbc041_cell,train
data/guardrail/bbbc_crops/train/crop_uninfected_6178.png,smear,bbbc041_cell,train
data/guardrail/bbbc_crops/train/crop_uninfected_5500.png,smear,bbbc041_cell,train
data/guardrail/bbbc_crops/train/crop_uninfected_820.png,smear,bbbc041_cell,train
data/guardrail/bbbc_crops/train/crop_uninfected_2647.png,smear,bbbc041_cell,train
data/guardrail/bbbc_crops/train/crop_uninfected_5561.png,smear,bbbc041_cell,train
data/guardrail/bbbc_crops/train/crop_uninfected_5144.png,smear,bbbc041_cell,train
data/guardrail/bbbc_crops/train/crop_uninfected_7774.png,smear,bbbc041_cell,train
data/guardrail/bbbc_crops/train/crop_uninfected_286.png,smear,bbbc041_cell,train
data/guardrail/bbbc_crops/train/crop_uninfected_7660.png,smear,bbbc041_cell,train
data/guardrail/bbbc_crops/train/crop_uninfected_5036.png,smear,bbbc041_cell,train
data/guardrail/bbbc_crops/train/crop_uninfected_6333.png,smear,bbbc041_cell,train
data/guardrail/bbbc_crops/train/crop_uninfected_95.png,smear,bbbc041_cell,train
data/guardrail/bbbc_crops/train/crop_uninfected_4609.png,smear,bbbc041_cell,train
data/guardrail/bbbc_crops/train/crop_uninfected_3857.png,smear,bbbc041_cell,train
data/guardrail/bbbc_crops/train/crop_uninfected_5150.png,smear,bbbc041_cell,train
data/guardrail/bbbc_crops/train/crop_uninfected_5545.png,smear,bbbc041_cell,train
data/guardrail/bbbc_crops/train/crop_uninfected_7122.png,smear,bbbc041_cell,train
data/guardrail/bbbc_crops/train/crop_uninfected_7221.png,smear,bbbc041_cell,train
data/guardrail/bbbc_crops/train/crop_uninfected_2816.png,smear,bbbc041_cell,train
data/guardrail/bbbc_crops/train/crop_uninfected_6544.png,smear,bbbc041_cell,train
data/guardrail/bbbc_crops/train/crop_uninfected_2807.png,smear,bbbc041_cell,train
data/guardrail/bbbc_crops/train/crop_uninfected_3496.png,smear,bbbc041_cell,train
data/guardrail/bbbc_crops/train/crop_uninfected_5784.png,smear,bbbc041_cell,train
data/guardrail/bbbc_crops/train/crop_uninfected_6458.png,smear,bbbc041_cell,train
data/guardrail/bbbc_crops/train/crop_uninfected_396.png,smear,bbbc041_cell,train
data/guardrail/bbbc_crops/train/crop_uninfected_5139.png,smear,bbbc041_cell,train
data/guardrail/bbbc_crops/train/crop_uninfected_4420.png,smear,bbbc041_cell,train
data/guardrail/bbbc_crops/train/crop_uninfected_5349.png,smear,bbbc041_cell,train
data/guardrail/bbbc_crops/train/crop_uninfected_2153.png,smear,bbbc041_cell,train
data/guardrail/bbbc_crops/train/crop_uninfected_6193.png,smear,bbbc041_cell,train
data/guardrail/bbbc_crops/train/crop_uninfected_1706.png,smear,bbbc041_cell,train
data/guardrail/bbbc_crops/train/crop_uninfected_7066.png,smear,bbbc041_cell,train
data/guardrail/bbbc_crops/train/crop_uninfected_359.png,smear,bbbc041_cell,train
data/guardrail/bbbc_crops/train/crop_uninfected_5189.png,smear,bbbc041_cell,train
data/guardrail/bbbc_crops/train/crop_uninfected_7861.png,smear,bbbc041_cell,train
data/guardrail/bbbc_crops/train/crop_uninfected_7529.png,smear,bbbc041_cell,train
data/guardrail/bbbc_crops/train/crop_uninfected_361.png,smear,bbbc041_cell,train
data/guardrail/bbbc_crops/train/crop_uninfected_1112.png,smear,bbbc041_cell,train
data/guardrail/bbbc_crops/train/crop_uninfected_5698.png,smear,bbbc041_cell,train
data/guardrail/bbbc_crops/train/crop_uninfected_1786.png,smear,bbbc041_cell,train
data/guardrail/bbbc_crops/train/crop_uninfected_6111.png,smear,bbbc041_cell,train
data/guardrail/bbbc_crops/train/crop_uninfected_2344.png,smear,bbbc041_cell,train
data/guardrail/bbbc_crops/train/crop_uninfected_3347.png,smear,bbbc041_cell,train
data/guardrail/bbbc_crops/train/crop_uninfected_4297.png,smear,bbbc041_cell,train
data/guardrail/bbbc_crops/train/crop_uninfected_2727.png,smear,bbbc041_cell,train
data/guardrail/bbbc_crops/train/crop_uninfected_6038.png,smear,bbbc041_cell,train
data/guardrail/bbbc_crops/train/crop_uninfected_4293.png,smear,bbbc041_cell,train
data/guardrail/bbbc_crops/train/crop_uninfected_4434.png,smear,bbbc041_cell,train
data/guardrail/bbbc_crops/train/crop_uninfected_3575.png,smear,bbbc041_cell,train
data/guardrail/bbbc_crops/train/crop_uninfected_5597.png,smear,bbbc041_cell,train
data/guardrail/bbbc_crops/train/crop_uninfected_3230.png,smear,bbbc041_cell,train
data/guardrail/bbbc_crops/train/crop_uninfected_1095.png,smear,bbbc041_cell,train
data/guardrail/bbbc_crops/train/crop_uninfected_6233.png,smear,bbbc041_cell,train
data/guardrail/bbbc_crops/train/crop_uninfected_273.png,smear,bbbc041_cell,train
data/guardrail/bbbc_crops/train/crop_uninfected_7142.png,smear,bbbc041_cell,train
data/guardrail/bbbc_crops/train/crop_uninfected_701.png,smear,bbbc041_cell,train
data/guardrail/bbbc_crops/train/crop_uninfected_4589.png,smear,bbbc041_cell,train
data/guardrail/bbbc_crops/train/crop_uninfected_2865.png,smear,bbbc041_cell,train
data/guardrail/bbbc_crops/train/crop_uninfected_930.png,smear,bbbc041_cell,train
data/guardrail/bbbc_crops/train/crop_uninfected_549.png,smear,bbbc041_cell,train
data/guardrail/bbbc_crops/train/crop_uninfected_423.png,smear,bbbc041_cell,train
data/guardrail/bbbc_crops/train/crop_uninfected_2565.png,smear,bbbc041_cell,train
data/guardrail/bbbc_crops/train/crop_uninfected_292.png,smear,bbbc041_cell,train
data/guardrail/bbbc_crops/train/crop_uninfected_1999.png,smear,bbbc041_cell,train
data/guardrail/bbbc_crops/train/crop_uninfected_3048.png,smear,bbbc041_cell,train
data/guardrail/bbbc_crops/train/crop_uninfected_1689.png,smear,bbbc041_cell,train
data/guardrail/bbbc_crops/train/crop_uninfected_6275.png,smear,bbbc041_cell,train
data/guardrail/bbbc_crops/train/crop_uninfected_1526.png,smear,bbbc041_cell,train
data/guardrail/bbbc_crops/train/crop_uninfected_7520.png,smear,bbbc041_cell,train
data/guardrail/bbbc_crops/train/crop_uninfected_2794.png,smear,bbbc041_cell,train
data/guardrail/bbbc_crops/train/crop_uninfected_3302.png,smear,bbbc041_cell,train
data/guardrail/bbbc_crops/train/crop_uninfected_4876.png,smear,bbbc041_cell,train
data/guardrail/bbbc_crops/train/crop_uninfected_2180.png,smear,bbbc041_cell,train
data/guardrail/bbbc_crops/train/crop_uninfected_1527.png,smear,bbbc041_cell,train
data/guardrail/bbbc_crops/train/crop_uninfected_2139.png,smear,bbbc041_cell,train
data/guardrail/bbbc_crops/train/crop_uninfected_4062.png,smear,bbbc041_cell,train
data/guardrail/bbbc_crops/train/crop_uninfected_7704.png,smear,bbbc041_cell,train
data/guardrail/bbbc_crops/train/crop_uninfected_348.png,smear,bbbc041_cell,train
data/guardrail/bbbc_crops/train/crop_uninfected_4083.png,smear,bbbc041_cell,train
data/guardrail/bbbc_crops/train/crop_uninfected_4948.png,smear,bbbc041_cell,train
data/guardrail/bbbc_crops/train/crop_uninfected_5239.png,smear,bbbc041_cell,train
data/guardrail/bbbc_crops/train/crop_uninfected_2548.png,smear,bbbc041_cell,train
data/guardrail/bbbc_crops/train/crop_uninfected_1010.png,smear,bbbc041_cell,train
data/guardrail/bbbc_crops/train/crop_uninfected_7870.png,smear,bbbc041_cell,train
data/guardrail/bbbc_crops/train/crop_uninfected_3095.png,smear,bbbc041_cell,train
data/guardrail/bbbc_crops/train/crop_uninfected_1335.png,smear,bbbc041_cell,train
data/guardrail/bbbc_crops/train/crop_uninfected_3887.png,smear,bbbc041_cell,train
data/guardrail/bbbc_crops/train/crop_uninfected_1608.png,smear,bbbc041_cell,train
data/guardrail/bbbc_crops/train/crop_uninfected_7543.png,smear,bbbc041_cell,train
data/guardrail/bbbc_crops/train/crop_uninfected_556.png,smear,bbbc041_cell,train
data/guardrail/bbbc_crops/train/crop_uninfected_4558.png,smear,bbbc041_cell,train
data/guardrail/bbbc_crops/train/crop_uninfected_7052.png,smear,bbbc041_cell,train
data/guardrail/bbbc_crops/train/crop_uninfected_5696.png,smear,bbbc041_cell,train
data/guardrail/bbbc_crops/train/crop_uninfected_4892.png,smear,bbbc041_cell,train
data/guardrail/bbbc_crops/train/crop_uninfected_932.png,smear,bbbc041_cell,train
data/guardrail/bbbc_crops/train/crop_uninfected_6749.png,smear,bbbc041_cell,train
data/guardrail/bbbc_crops/train/crop_uninfected_4484.png,smear,bbbc041_cell,train
data/guardrail/bbbc_crops/train/crop_uninfected_190.png,smear,bbbc041_cell,train
data/guardrail/bbbc_crops/train/crop_uninfected_6563.png,smear,bbbc041_cell,train
data/guardrail/bbbc_crops/train/crop_uninfected_1391.png,smear,bbbc041_cell,train
data/guardrail/bbbc_crops/train/crop_uninfected_5760.png,smear,bbbc041_cell,train
data/guardrail/bbbc_crops/train/crop_uninfected_4775.png,smear,bbbc041_cell,train
data/guardrail/bbbc_crops/train/crop_uninfected_6085.png,smear,bbbc041_cell,train
data/guardrail/bbbc_crops/train/crop_uninfected_2006.png,smear,bbbc041_cell,train
data/guardrail/bbbc_crops/train/crop_uninfected_5781.png,smear,bbbc041_cell,train
data/guardrail/bbbc_crops/train/crop_uninfected_2256.png,smear,bbbc041_cell,train
data/guardrail/bbbc_crops/train/crop_uninfected_6938.png,smear,bbbc041_cell,train
data/guardrail/bbbc_crops/train/crop_uninfected_3448.png,smear,bbbc041_cell,train
data/guardrail/bbbc_crops/train/crop_uninfected_7121.png,smear,bbbc041_cell,train
data/guardrail/bbbc_crops/train/crop_uninfected_6435.png,smear,bbbc041_cell,train
data/guardrail/bbbc_crops/train/crop_uninfected_6146.png,smear,bbbc041_cell,train
data/guardrail/bbbc_crops/train/crop_uninfected_5782.png,smear,bbbc041_cell,train
data/guardrail/bbbc_crops/train/crop_uninfected_7873.png,smear,bbbc041_cell,train
data/guardrail/bbbc_crops/train/crop_uninfected_3422.png,smear,bbbc041_cell,train
data/guardrail/bbbc_crops/train/crop_uninfected_4233.png,smear,bbbc041_cell,train
data/guardrail/bbbc_crops/train/crop_uninfected_3121.png,smear,bbbc041_cell,train
data/guardrail/bbbc_crops/train/crop_uninfected_1154.png,smear,bbbc041_cell,train
data/guardrail/bbbc_crops/train/crop_uninfected_3586.png,smear,bbbc041_cell,train
data/guardrail/bbbc_crops/train/crop_uninfected_6000.png,smear,bbbc041_cell,train
data/guardrail/bbbc_crops/train/crop_uninfected_3103.png,smear,bbbc041_cell,train
data/guardrail/bbbc_crops/train/crop_uninfected_7594.png,smear,bbbc041_cell,train
data/guardrail/bbbc_crops/train/crop_uninfected_5012.png,smear,bbbc041_cell,train
data/guardrail/bbbc_crops/train/crop_uninfected_4422.png,smear,bbbc041_cell,train
data/guardrail/bbbc_crops/train/crop_uninfected_393.png,smear,bbbc041_cell,train
data/guardrail/bbbc_crops/train/crop_uninfected_4268.png,smear,bbbc041_cell,train
data/guardrail/bbbc_crops/train/crop_uninfected_2345.png,smear,bbbc041_cell,train
data/guardrail/bbbc_crops/train/crop_uninfected_6514.png,smear,bbbc041_cell,train
data/guardrail/bbbc_crops/train/crop_uninfected_2731.png,smear,bbbc041_cell,train
data/guardrail/bbbc_crops/train/crop_uninfected_4648.png,smear,bbbc041_cell,train
data/guardrail/bbbc_crops/train/crop_uninfected_3323.png,smear,bbbc041_cell,train
data/guardrail/bbbc_crops/train/crop_uninfected_4477.png,smear,bbbc041_cell,train
data/guardrail/bbbc_crops/train/crop_uninfected_3598.png,smear,bbbc041_cell,train
data/guardrail/bbbc_crops/train/crop_uninfected_7907.png,smear,bbbc041_cell,train
data/guardrail/bbbc_crops/train/crop_uninfected_3552.png,smear,bbbc041_cell,train
data/guardrail/bbbc_crops/train/crop_uninfected_7408.png,smear,bbbc041_cell,train
data/guardrail/bbbc_crops/train/crop_uninfected_164.png,smear,bbbc041_cell,train
data/guardrail/bbbc_crops/train/crop_uninfected_6877.png,smear,bbbc041_cell,train
data/guardrail/bbbc_crops/train/crop_uninfected_2455.png,smear,bbbc041_cell,train
data/guardrail/bbbc_crops/train/crop_uninfected_1145.png,smear,bbbc041_cell,train
data/guardrail/bbbc_crops/train/crop_uninfected_3082.png,smear,bbbc041_cell,train
data/guardrail/bbbc_crops/train/crop_uninfected_6547.png,smear,bbbc041_cell,train
data/guardrail/bbbc_crops/train/crop_uninfected_7393.png,smear,bbbc041_cell,train
data/guardrail/bbbc_crops/train/crop_uninfected_3062.png,smear,bbbc041_cell,train
data/guardrail/bbbc_crops/train/crop_uninfected_6321.png,smear,bbbc041_cell,train
data/guardrail/bbbc_crops/train/crop_uninfected_6572.png,smear,bbbc041_cell,train
data/guardrail/bbbc_crops/train/crop_uninfected_5962.png,smear,bbbc041_cell,train
data/guardrail/bbbc_crops/train/crop_uninfected_253.png,smear,bbbc041_cell,train
data/guardrail/bbbc_crops/train/crop_uninfected_1239.png,smear,bbbc041_cell,train
data/guardrail/bbbc_crops/train/crop_uninfected_3799.png,smear,bbbc041_cell,train
data/guardrail/bbbc_crops/train/crop_uninfected_2826.png,smear,bbbc041_cell,train
data/guardrail/bbbc_crops/train/crop_uninfected_3099.png,smear,bbbc041_cell,train
data/guardrail/bbbc_crops/train/crop_uninfected_3981.png,smear,bbbc041_cell,train
data/guardrail/bbbc_crops/train/crop_uninfected_7735.png,smear,bbbc041_cell,train
data/guardrail/bbbc_crops/train/crop_uninfected_4878.png,smear,bbbc041_cell,train
data/guardrail/bbbc_crops/train/crop_uninfected_7365.png,smear,bbbc041_cell,train
data/guardrail/bbbc_crops/train/crop_uninfected_7031.png,smear,bbbc041_cell,train
data/guardrail/bbbc_crops/train/crop_uninfected_4508.png,smear,bbbc041_cell,train
data/guardrail/bbbc_crops/train/crop_uninfected_5652.png,smear,bbbc041_cell,train
data/guardrail/bbbc_crops/train/crop_uninfected_7312.png,smear,bbbc041_cell,train
data/guardrail/bbbc_crops/train/crop_uninfected_4355.png,smear,bbbc041_cell,train
data/guardrail/bbbc_crops/train/crop_uninfected_4610.png,smear,bbbc041_cell,train
data/guardrail/bbbc_crops/train/crop_uninfected_6028.png,smear,bbbc041_cell,train
data/guardrail/bbbc_crops/train/crop_uninfected_3463.png,smear,bbbc041_cell,train
data/guardrail/bbbc_crops/train/crop_uninfected_3984.png,smear,bbbc041_cell,train
data/guardrail/bbbc_crops/train/crop_uninfected_3223.png,smear,bbbc041_cell,train
data/guardrail/bbbc_crops/train/crop_uninfected_2949.png,smear,bbbc041_cell,train
data/guardrail/bbbc_crops/train/crop_uninfected_1605.png,smear,bbbc041_cell,train
data/guardrail/bbbc_crops/train/crop_uninfected_2477.png,smear,bbbc041_cell,train
data/guardrail/bbbc_crops/train/crop_uninfected_4114.png,smear,bbbc041_cell,train
data/guardrail/bbbc_crops/train/crop_uninfected_1588.png,smear,bbbc041_cell,train
data/guardrail/bbbc_crops/train/crop_uninfected_7089.png,smear,bbbc041_cell,train
data/guardrail/bbbc_crops/train/crop_uninfected_2381.png,smear,bbbc041_cell,train
data/guardrail/bbbc_crops/train/crop_uninfected_2459.png,smear,bbbc041_cell,train
data/guardrail/bbbc_crops/train/crop_uninfected_2777.png,smear,bbbc041_cell,train
data/guardrail/bbbc_crops/train/crop_uninfected_6441.png,smear,bbbc041_cell,train
data/guardrail/bbbc_crops/train/crop_uninfected_3554.png,smear,bbbc041_cell,train
data/guardrail/bbbc_crops/train/crop_uninfected_7832.png,smear,bbbc041_cell,train
data/guardrail/bbbc_crops/train/crop_uninfected_6976.png,smear,bbbc041_cell,train
data/guardrail/bbbc_crops/train/crop_uninfected_7912.png,smear,bbbc041_cell,train
data/guardrail/bbbc_crops/train/crop_uninfected_3640.png,smear,bbbc041_cell,train
data/guardrail/bbbc_crops/train/crop_uninfected_1322.png,smear,bbbc041_cell,train
data/guardrail/bbbc_crops/train/crop_uninfected_2492.png,smear,bbbc041_cell,train
data/guardrail/bbbc_crops/train/crop_uninfected_3828.png,smear,bbbc041_cell,train
data/guardrail/bbbc_crops/train/crop_uninfected_2912.png,smear,bbbc041_cell,train
data/guardrail/bbbc_crops/train/crop_uninfected_4761.png,smear,bbbc041_cell,train
data/guardrail/bbbc_crops/train/crop_uninfected_3908.png,smear,bbbc041_cell,train
data/guardrail/bbbc_crops/train/crop_uninfected_206.png,smear,bbbc041_cell,train
data/guardrail/bbbc_crops/train/crop_uninfected_1695.png,smear,bbbc041_cell,train
data/guardrail/bbbc_crops/train/crop_uninfected_3514.png,smear,bbbc041_cell,train
data/guardrail/bbbc_crops/train/crop_uninfected_611.png,smear,bbbc041_cell,train
data/guardrail/bbbc_crops/train/crop_uninfected_747.png,smear,bbbc041_cell,train
data/guardrail/bbbc_crops/train/crop_uninfected_7364.png,smear,bbbc041_cell,train
data/guardrail/bbbc_crops/train/crop_uninfected_3776.png,smear,bbbc041_cell,train
data/guardrail/bbbc_crops/train/crop_uninfected_6573.png,smear,bbbc041_cell,train
data/guardrail/bbbc_crops/train/crop_uninfected_1345.png,smear,bbbc041_cell,train
data/guardrail/bbbc_crops/train/crop_uninfected_187.png,smear,bbbc041_cell,train
data/guardrail/bbbc_crops/train/crop_uninfected_7642.png,smear,bbbc041_cell,train
data/guardrail/bbbc_crops/train/crop_uninfected_3653.png,smear,bbbc041_cell,train
data/guardrail/bbbc_crops/train/crop_uninfected_6226.png,smear,bbbc041_cell,train
data/guardrail/bbbc_crops/train/crop_uninfected_6384.png,smear,bbbc041_cell,train
data/guardrail/bbbc_crops/train/crop_uninfected_5848.png,smear,bbbc041_cell,train
data/guardrail/bbbc_crops/train/crop_uninfected_4480.png,smear,bbbc041_cell,train
data/guardrail/bbbc_crops/train/crop_uninfected_2371.png,smear,bbbc041_cell,train
data/guardrail/bbbc_crops/train/crop_uninfected_694.png,smear,bbbc041_cell,train
data/guardrail/bbbc_crops/train/crop_uninfected_3232.png,smear,bbbc041_cell,train
data/guardrail/bbbc_crops/train/crop_uninfected_6376.png,smear,bbbc041_cell,train
data/guardrail/bbbc_crops/train/crop_uninfected_1523.png,smear,bbbc041_cell,train
data/guardrail/bbbc_crops/train/crop_uninfected_872.png,smear,bbbc041_cell,train
data/guardrail/bbbc_crops/train/crop_uninfected_5295.png,smear,bbbc041_cell,train
data/guardrail/bbbc_crops/train/crop_uninfected_6585.png,smear,bbbc041_cell,train
data/guardrail/bbbc_crops/train/crop_uninfected_985.png,smear,bbbc041_cell,train
data/guardrail/bbbc_crops/train/crop_uninfected_7675.png,smear,bbbc041_cell,train
data/guardrail/bbbc_crops/train/crop_uninfected_733.png,smear,bbbc041_cell,train
data/guardrail/bbbc_crops/train/crop_uninfected_1993.png,smear,bbbc041_cell,train
data/guardrail/bbbc_crops/train/crop_uninfected_1971.png,smear,bbbc041_cell,train
data/guardrail/bbbc_crops/train/crop_uninfected_7508.png,smear,bbbc041_cell,train
data/guardrail/bbbc_crops/train/crop_uninfected_1141.png,smear,bbbc041_cell,train
data/guardrail/bbbc_crops/train/crop_uninfected_3158.png,smear,bbbc041_cell,train
data/guardrail/bbbc_crops/train/crop_uninfected_1564.png,smear,bbbc041_cell,train
data/guardrail/bbbc_crops/train/crop_uninfected_7430.png,smear,bbbc041_cell,train
data/guardrail/bbbc_crops/train/crop_uninfected_5503.png,smear,bbbc041_cell,train
data/guardrail/bbbc_crops/train/crop_uninfected_2888.png,smear,bbbc041_cell,train
data/guardrail/bbbc_crops/train/crop_uninfected_6958.png,smear,bbbc041_cell,train
data/guardrail/bbbc_crops/val/crop_infected_4729.png,smear,bbbc041_cell,val
data/guardrail/bbbc_crops/val/crop_infected_5380.png,smear,bbbc041_cell,val
data/guardrail/bbbc_crops/val/crop_infected_5301.png,smear,bbbc041_cell,val
data/guardrail/bbbc_crops/val/crop_infected_4010.png,smear,bbbc041_cell,val
data/guardrail/bbbc_crops/val/crop_infected_6805.png,smear,bbbc041_cell,val
data/guardrail/bbbc_crops/val/crop_infected_5202.png,smear,bbbc041_cell,val
data/guardrail/bbbc_crops/val/crop_infected_4022.png,smear,bbbc041_cell,val
data/guardrail/bbbc_crops/val/crop_infected_6515.png,smear,bbbc041_cell,val
data/guardrail/bbbc_crops/val/crop_infected_7277.png,smear,bbbc041_cell,val
data/guardrail/bbbc_crops/val/crop_infected_855.png,smear,bbbc041_cell,val
data/guardrail/bbbc_crops/val/crop_infected_7100.png,smear,bbbc041_cell,val
data/guardrail/bbbc_crops/val/crop_infected_1850.png,smear,bbbc041_cell,val
data/guardrail/bbbc_crops/val/crop_infected_3515.png,smear,bbbc041_cell,val
data/guardrail/bbbc_crops/val/crop_infected_7280.png,smear,bbbc041_cell,val
data/guardrail/bbbc_crops/val/crop_infected_3519.png,smear,bbbc041_cell,val
data/guardrail/bbbc_crops/val/crop_infected_3888.png,smear,bbbc041_cell,val
data/guardrail/bbbc_crops/val/crop_infected_1498.png,smear,bbbc041_cell,val
data/guardrail/bbbc_crops/val/crop_infected_2973.png,smear,bbbc041_cell,val
data/guardrail/bbbc_crops/val/crop_infected_3708.png,smear,bbbc041_cell,val
data/guardrail/bbbc_crops/val/crop_infected_3071.png,smear,bbbc041_cell,val
data/guardrail/bbbc_crops/val/crop_infected_6361.png,smear,bbbc041_cell,val
data/guardrail/bbbc_crops/val/crop_infected_1453.png,smear,bbbc041_cell,val
data/guardrail/bbbc_crops/val/crop_infected_7377.png,smear,bbbc041_cell,val
data/guardrail/bbbc_crops/val/crop_infected_19.png,smear,bbbc041_cell,val
data/guardrail/bbbc_crops/val/crop_infected_4957.png,smear,bbbc041_cell,val
data/guardrail/bbbc_crops/val/crop_infected_7840.png,smear,bbbc041_cell,val
data/guardrail/bbbc_crops/val/crop_infected_6885.png,smear,bbbc041_cell,val
data/guardrail/bbbc_crops/val/crop_infected_5510.png,smear,bbbc041_cell,val
data/guardrail/bbbc_crops/val/crop_infected_4007.png,smear,bbbc041_cell,val
data/guardrail/bbbc_crops/val/crop_infected_407.png,smear,bbbc041_cell,val
data/guardrail/bbbc_crops/val/crop_infected_3704.png,smear,bbbc041_cell,val
data/guardrail/bbbc_crops/val/crop_infected_3965.png,smear,bbbc041_cell,val
data/guardrail/bbbc_crops/val/crop_infected_3962.png,smear,bbbc041_cell,val
data/guardrail/bbbc_crops/val/crop_infected_5382.png,smear,bbbc041_cell,val
data/guardrail/bbbc_crops/val/crop_infected_1203.png,smear,bbbc041_cell,val
data/guardrail/bbbc_crops/val/crop_infected_3705.png,smear,bbbc041_cell,val
data/guardrail/bbbc_crops/val/crop_infected_7397.png,smear,bbbc041_cell,val
data/guardrail/bbbc_crops/val/crop_infected_7837.png,smear,bbbc041_cell,val
data/guardrail/bbbc_crops/val/crop_infected_3426.png,smear,bbbc041_cell,val
data/guardrail/bbbc_crops/val/crop_infected_5088.png,smear,bbbc041_cell,val
data/guardrail/bbbc_crops/val/crop_infected_2087.png,smear,bbbc041_cell,val
data/guardrail/bbbc_crops/val/crop_infected_6312.png,smear,bbbc041_cell,val
data/guardrail/bbbc_crops/val/crop_infected_3698.png,smear,bbbc041_cell,val
data/guardrail/bbbc_crops/val/crop_infected_2936.png,smear,bbbc041_cell,val
data/guardrail/bbbc_crops/val/crop_infected_3889.png,smear,bbbc041_cell,val
data/guardrail/bbbc_crops/val/crop_infected_2656.png,smear,bbbc041_cell,val
data/guardrail/bbbc_crops/val/crop_infected_7161.png,smear,bbbc041_cell,val
data/guardrail/bbbc_crops/val/crop_infected_7548.png,smear,bbbc041_cell,val
data/guardrail/bbbc_crops/val/crop_infected_3015.png,smear,bbbc041_cell,val
data/guardrail/bbbc_crops/val/crop_infected_4069.png,smear,bbbc041_cell,val
data/guardrail/bbbc_crops/val/crop_infected_7756.png,smear,bbbc041_cell,val
data/guardrail/bbbc_crops/val/crop_infected_7276.png,smear,bbbc041_cell,val
data/guardrail/bbbc_crops/val/crop_infected_5249.png,smear,bbbc041_cell,val
data/guardrail/bbbc_crops/val/crop_infected_2310.png,smear,bbbc041_cell,val
data/guardrail/bbbc_crops/val/crop_infected_5483.png,smear,bbbc041_cell,val
data/guardrail/bbbc_crops/val/crop_infected_4013.png,smear,bbbc041_cell,val
data/guardrail/bbbc_crops/val/crop_infected_4953.png,smear,bbbc041_cell,val
data/guardrail/bbbc_crops/val/crop_infected_3933.png,smear,bbbc041_cell,val
data/guardrail/bbbc_crops/val/crop_infected_5803.png,smear,bbbc041_cell,val
data/guardrail/bbbc_crops/val/crop_infected_6294.png,smear,bbbc041_cell,val
data/guardrail/bbbc_crops/val/crop_infected_5668.png,smear,bbbc041_cell,val
data/guardrail/bbbc_crops/val/crop_infected_6519.png,smear,bbbc041_cell,val
data/guardrail/bbbc_crops/val/crop_infected_7396.png,smear,bbbc041_cell,val
data/guardrail/bbbc_crops/val/crop_infected_518.png,smear,bbbc041_cell,val
data/guardrail/bbbc_crops/val/crop_infected_5204.png,smear,bbbc041_cell,val
data/guardrail/bbbc_crops/val/crop_infected_4167.png,smear,bbbc041_cell,val
data/guardrail/bbbc_crops/val/crop_infected_3740.png,smear,bbbc041_cell,val
data/guardrail/bbbc_crops/val/crop_infected_365.png,smear,bbbc041_cell,val
data/guardrail/bbbc_crops/val/crop_infected_1655.png,smear,bbbc041_cell,val
data/guardrail/bbbc_crops/val/crop_infected_3703.png,smear,bbbc041_cell,val
data/guardrail/bbbc_crops/val/crop_infected_275.png,smear,bbbc041_cell,val
data/guardrail/bbbc_crops/val/crop_infected_3921.png,smear,bbbc041_cell,val
data/guardrail/bbbc_crops/val/crop_infected_6363.png,smear,bbbc041_cell,val
data/guardrail/bbbc_crops/val/crop_infected_3072.png,smear,bbbc041_cell,val
data/guardrail/bbbc_crops/val/crop_infected_7446.png,smear,bbbc041_cell,val
data/guardrail/bbbc_crops/val/crop_infected_6152.png,smear,bbbc041_cell,val
data/guardrail/bbbc_crops/val/crop_infected_7839.png,smear,bbbc041_cell,val
data/guardrail/bbbc_crops/val/crop_infected_3960.png,smear,bbbc041_cell,val
data/guardrail/bbbc_crops/val/crop_infected_3159.png,smear,bbbc041_cell,val
data/guardrail/bbbc_crops/val/crop_infected_5248.png,smear,bbbc041_cell,val
data/guardrail/bbbc_crops/val/crop_infected_5581.png,smear,bbbc041_cell,val
data/guardrail/bbbc_crops/val/crop_infected_6313.png,smear,bbbc041_cell,val
data/guardrail/bbbc_crops/val/crop_infected_6251.png,smear,bbbc041_cell,val
data/guardrail/bbbc_crops/val/crop_infected_4325.png,smear,bbbc041_cell,val
data/guardrail/bbbc_crops/val/crop_infected_7283.png,smear,bbbc041_cell,val
data/guardrail/bbbc_crops/val/crop_infected_4222.png,smear,bbbc041_cell,val
data/guardrail/bbbc_crops/val/crop_infected_4166.png,smear,bbbc041_cell,val
data/guardrail/bbbc_crops/val/crop_infected_1940.png,smear,bbbc041_cell,val
data/guardrail/bbbc_crops/val/crop_infected_3013.png,smear,bbbc041_cell,val
data/guardrail/bbbc_crops/val/crop_infected_4220.png,smear,bbbc041_cell,val
data/guardrail/bbbc_crops/val/crop_infected_4988.png,smear,bbbc041_cell,val
data/guardrail/bbbc_crops/val/crop_infected_5669.png,smear,bbbc041_cell,val
data/guardrail/bbbc_crops/val/crop_infected_6524.png,smear,bbbc041_cell,val
data/guardrail/bbbc_crops/val/crop_infected_4221.png,smear,bbbc041_cell,val
data/guardrail/bbbc_crops/val/crop_infected_5553.png,smear,bbbc041_cell,val
data/guardrail/bbbc_crops/val/crop_infected_3455.png,smear,bbbc041_cell,val
data/guardrail/bbbc_crops/val/crop_infected_4956.png,smear,bbbc041_cell,val
data/guardrail/bbbc_crops/val/crop_infected_7863.png,smear,bbbc041_cell,val
data/guardrail/bbbc_crops/val/crop_infected_3958.png,smear,bbbc041_cell,val
data/guardrail/bbbc_crops/val/crop_infected_274.png,smear,bbbc041_cell,val
data/guardrail/bbbc_crops/val/crop_uninfected_6162.png,smear,bbbc041_cell,val
data/guardrail/bbbc_crops/val/crop_uninfected_1207.png,smear,bbbc041_cell,val
data/guardrail/bbbc_crops/val/crop_uninfected_4230.png,smear,bbbc041_cell,val
data/guardrail/bbbc_crops/val/crop_uninfected_3476.png,smear,bbbc041_cell,val
data/guardrail/bbbc_crops/val/crop_uninfected_4345.png,smear,bbbc041_cell,val
data/guardrail/bbbc_crops/val/crop_uninfected_1573.png,smear,bbbc041_cell,val
data/guardrail/bbbc_crops/val/crop_uninfected_5515.png,smear,bbbc041_cell,val
data/guardrail/bbbc_crops/val/crop_uninfected_6944.png,smear,bbbc041_cell,val
data/guardrail/bbbc_crops/val/crop_uninfected_5.png,smear,bbbc041_cell,val
data/guardrail/bbbc_crops/val/crop_uninfected_7275.png,smear,bbbc041_cell,val
data/guardrail/bbbc_crops/val/crop_uninfected_6214.png,smear,bbbc041_cell,val
data/guardrail/bbbc_crops/val/crop_uninfected_5588.png,smear,bbbc041_cell,val
data/guardrail/bbbc_crops/val/crop_uninfected_673.png,smear,bbbc041_cell,val
data/guardrail/bbbc_crops/val/crop_uninfected_2678.png,smear,bbbc041_cell,val
data/guardrail/bbbc_crops/val/crop_uninfected_7106.png,smear,bbbc041_cell,val
data/guardrail/bbbc_crops/val/crop_uninfected_4922.png,smear,bbbc041_cell,val
data/guardrail/bbbc_crops/val/crop_uninfected_6536.png,smear,bbbc041_cell,val
data/guardrail/bbbc_crops/val/crop_uninfected_5956.png,smear,bbbc041_cell,val
data/guardrail/bbbc_crops/val/crop_uninfected_593.png,smear,bbbc041_cell,val
data/guardrail/bbbc_crops/val/crop_uninfected_3017.png,smear,bbbc041_cell,val
data/guardrail/bbbc_crops/val/crop_uninfected_3743.png,smear,bbbc041_cell,val
data/guardrail/bbbc_crops/val/crop_uninfected_7338.png,smear,bbbc041_cell,val
data/guardrail/bbbc_crops/val/crop_uninfected_1826.png,smear,bbbc041_cell,val
data/guardrail/bbbc_crops/val/crop_uninfected_4014.png,smear,bbbc041_cell,val
data/guardrail/bbbc_crops/val/crop_uninfected_5894.png,smear,bbbc041_cell,val
data/guardrail/bbbc_crops/val/crop_uninfected_6465.png,smear,bbbc041_cell,val
data/guardrail/bbbc_crops/val/crop_uninfected_1647.png,smear,bbbc041_cell,val
data/guardrail/bbbc_crops/val/crop_uninfected_367.png,smear,bbbc041_cell,val
data/guardrail/bbbc_crops/val/crop_uninfected_3342.png,smear,bbbc041_cell,val
data/guardrail/bbbc_crops/val/crop_uninfected_2273.png,smear,bbbc041_cell,val
data/guardrail/bbbc_crops/val/crop_uninfected_4176.png,smear,bbbc041_cell,val
data/guardrail/bbbc_crops/val/crop_uninfected_7350.png,smear,bbbc041_cell,val
data/guardrail/bbbc_crops/val/crop_uninfected_102.png,smear,bbbc041_cell,val
data/guardrail/bbbc_crops/val/crop_uninfected_7353.png,smear,bbbc041_cell,val
data/guardrail/bbbc_crops/val/crop_uninfected_5572.png,smear,bbbc041_cell,val
data/guardrail/bbbc_crops/val/crop_uninfected_1262.png,smear,bbbc041_cell,val
data/guardrail/bbbc_crops/val/crop_uninfected_3245.png,smear,bbbc041_cell,val
data/guardrail/bbbc_crops/val/crop_uninfected_1521.png,smear,bbbc041_cell,val
data/guardrail/bbbc_crops/val/crop_uninfected_6213.png,smear,bbbc041_cell,val
data/guardrail/bbbc_crops/val/crop_uninfected_1576.png,smear,bbbc041_cell,val
data/guardrail/bbbc_crops/val/crop_uninfected_2118.png,smear,bbbc041_cell,val
data/guardrail/bbbc_crops/val/crop_uninfected_4023.png,smear,bbbc041_cell,val
data/guardrail/bbbc_crops/val/crop_uninfected_6810.png,smear,bbbc041_cell,val
data/guardrail/bbbc_crops/val/crop_uninfected_3822.png,smear,bbbc041_cell,val
data/guardrail/bbbc_crops/val/crop_uninfected_5623.png,smear,bbbc041_cell,val
data/guardrail/bbbc_crops/val/crop_uninfected_6370.png,smear,bbbc041_cell,val
data/guardrail/bbbc_crops/val/crop_uninfected_6344.png,smear,bbbc041_cell,val
data/guardrail/bbbc_crops/val/crop_uninfected_3431.png,smear,bbbc041_cell,val
data/guardrail/bbbc_crops/val/crop_uninfected_6166.png,smear,bbbc041_cell,val
data/guardrail/bbbc_crops/val/crop_uninfected_1945.png,smear,bbbc041_cell,val
data/guardrail/bbbc_crops/val/crop_uninfected_5278.png,smear,bbbc041_cell,val
data/guardrail/bbbc_crops/val/crop_uninfected_2684.png,smear,bbbc041_cell,val
data/guardrail/bbbc_crops/val/crop_uninfected_6808.png,smear,bbbc041_cell,val
data/guardrail/bbbc_crops/val/crop_uninfected_1837.png,smear,bbbc041_cell,val
data/guardrail/bbbc_crops/val/crop_uninfected_901.png,smear,bbbc041_cell,val
data/guardrail/bbbc_crops/val/crop_uninfected_3894.png,smear,bbbc041_cell,val
data/guardrail/bbbc_crops/val/crop_uninfected_5622.png,smear,bbbc041_cell,val
data/guardrail/bbbc_crops/val/crop_uninfected_4719.png,smear,bbbc041_cell,val
data/guardrail/bbbc_crops/val/crop_uninfected_6730.png,smear,bbbc041_cell,val
data/guardrail/bbbc_crops/val/crop_uninfected_3744.png,smear,bbbc041_cell,val
data/guardrail/bbbc_crops/val/crop_uninfected_22.png,smear,bbbc041_cell,val
data/guardrail/bbbc_crops/val/crop_uninfected_3971.png,smear,bbbc041_cell,val
data/guardrail/bbbc_crops/val/crop_uninfected_4081.png,smear,bbbc041_cell,val
data/guardrail/bbbc_crops/val/crop_uninfected_6490.png,smear,bbbc041_cell,val
data/guardrail/bbbc_crops/val/crop_uninfected_2063.png,smear,bbbc041_cell,val
data/guardrail/bbbc_crops/val/crop_uninfected_6102.png,smear,bbbc041_cell,val
data/guardrail/bbbc_crops/val/crop_uninfected_7267.png,smear,bbbc041_cell,val
data/guardrail/bbbc_crops/val/crop_uninfected_6464.png,smear,bbbc041_cell,val
data/guardrail/bbbc_crops/val/crop_uninfected_4733.png,smear,bbbc041_cell,val
data/guardrail/bbbc_crops/val/crop_uninfected_4555.png,smear,bbbc041_cell,val
data/guardrail/bbbc_crops/val/crop_uninfected_7352.png,smear,bbbc041_cell,val
data/guardrail/bbbc_crops/val/crop_uninfected_7286.png,smear,bbbc041_cell,val
data/guardrail/bbbc_crops/val/crop_uninfected_5206.png,smear,bbbc041_cell,val
data/guardrail/bbbc_crops/val/crop_uninfected_6163.png,smear,bbbc041_cell,val
data/guardrail/bbbc_crops/val/crop_uninfected_4336.png,smear,bbbc041_cell,val
data/guardrail/bbbc_crops/val/crop_uninfected_2680.png,smear,bbbc041_cell,val
data/guardrail/bbbc_crops/val/crop_uninfected_3341.png,smear,bbbc041_cell,val
data/guardrail/bbbc_crops/val/crop_uninfected_7691.png,smear,bbbc041_cell,val
data/guardrail/bbbc_crops/val/crop_uninfected_5277.png,smear,bbbc041_cell,val
data/guardrail/bbbc_crops/val/crop_uninfected_3282.png,smear,bbbc041_cell,val
data/guardrail/bbbc_crops/val/crop_uninfected_5583.png,smear,bbbc041_cell,val
data/guardrail/bbbc_crops/val/crop_uninfected_479.png,smear,bbbc041_cell,val
data/guardrail/bbbc_crops/val/crop_uninfected_4279.png,smear,bbbc041_cell,val
data/guardrail/bbbc_crops/val/crop_uninfected_6345.png,smear,bbbc041_cell,val
data/guardrail/bbbc_crops/val/crop_uninfected_5250.png,smear,bbbc041_cell,val
data/guardrail/bbbc_crops/val/crop_uninfected_5319.png,smear,bbbc041_cell,val
data/guardrail/bbbc_crops/val/crop_uninfected_2114.png,smear,bbbc041_cell,val
data/guardrail/bbbc_crops/val/crop_uninfected_6522.png,smear,bbbc041_cell,val
data/guardrail/bbbc_crops/val/crop_uninfected_383.png,smear,bbbc041_cell,val
data/guardrail/bbbc_crops/val/crop_uninfected_1658.png,smear,bbbc041_cell,val
data/guardrail/bbbc_crops/val/crop_uninfected_6718.png,smear,bbbc041_cell,val
data/guardrail/bbbc_crops/val/crop_uninfected_4464.png,smear,bbbc041_cell,val
data/guardrail/bbbc_crops/val/crop_uninfected_1457.png,smear,bbbc041_cell,val
data/guardrail/bbbc_crops/val/crop_uninfected_5952.png,smear,bbbc041_cell,val
data/guardrail/bbbc_crops/val/crop_uninfected_1456.png,smear,bbbc041_cell,val
data/guardrail/bbbc_crops/val/crop_uninfected_7167.png,smear,bbbc041_cell,val
data/guardrail/bbbc_crops/val/crop_uninfected_105.png,smear,bbbc041_cell,val
data/guardrail/bbbc_crops/val/crop_uninfected_1944.png,smear,bbbc041_cell,val
data/guardrail/bbbc_crops/val/crop_uninfected_5576.png,smear,bbbc041_cell,val
data/guardrail/bbbc_crops/val/crop_uninfected_2119.png,smear,bbbc041_cell,val
